ST_CASE,VEH_NO,PER_NO,P1,P2,P3,P4,P5,P6,P7,P8,P9,P10
40047,2,1,0,0,29,0,0,0,0,0,0,19
40047,3,1,0,7,9,0,0,0,0,0,0,0
40048,1,1,0,0,0,0,0,0,0,0,0,0
40048,2,1,0,0,0,0,0,0,0,0,0,0
40049,1,1,0,0,0,0,0,0,0,0,0,0
40050,0,1,0,0,16,0,0,0,26,0,0,0
40050,1,1,0,0,0,0,0,0,0,0,0,0
40051,1,1,0,0,0,0,0,0,0,0,0,0
40051,2,1,0,0,0,0,0,0,0,0,0,0
40052,1,1,0,0,0,0,0,0,0,0,0,6
40053,1,1,0,0,0,0,0,0,0,0,0,0
40053,2,1,0,0,0,22,0,0,0,0,0,0
40053,3,1,0,0,0,0,0,0,0,0,0,0
40054,1,1,0,0,0,0,0,0,0,0,0,0
40054,2,1,0,0,0,0,0,0,0,0,0,0
40055,1,1,0,0,0,0,0,0,0,0,0,6
40055,2,1,0,0,0,0,0,0,0,0,0,0
40055,3,1,0,0,0,0,0,0,0,0,0,0
40056,1,1,0,0,0,0,0,0,0,0,0,0
40057,0,1,0,0,0,0,0,0,0,26,0,16
40057,1,1,0,0,15,0,14,28,0,15,12,6
40058,0,1,0,24,0,40,3,0,0,0,0,0
40058,1,1,0,0,0,0,0,0,0,0,0,0
40059,0,1,0,17,0,0,0,0,0,36,0,12
40059,1,1,0,0,0,0,0,0,0,0,0,0
40060,0,1,0,0,0,0,0,0,0,0,0,0
40060,1,1,0,0,0,0,0,0,0,0,0,0
40061,1,1,10,10,10,10,10,10,10,10,10,10
40062,1,1,7,7,7,7,7,7,7,7,7,7
40062,2,1,0,0,0,0,0,0,0,0,0,0
40063,1,1,0,33,0,20,0,29,0,0,0,0
40063,2,1,0,0,0,0,0,0,6,0,0,0
40064,1,1,0,0,6,22,0,30,0,22,0,0
40064,2,1,0,0,0,0,0,0,0,0,0,0
40065,1,1,0,0,0,0,0,0,0,0,0,0
40065,2,1,0,0,0,0,0,0,0,0,0,0
40066,1,1,7,15,15,0,11,26,17,0,0,22
40067,1,1,0,0,0,0,0,0,0,6,0,14
40067,2,1,0,0,0,0,0,19,0,0,0,0
40068,1,1,0,0,0,0,0,0,0,0,0,0
40068,2,1,0,0,0,0,0,0,0,0,0,0
40068,3,1,0,0,0,0,0,0,0,0,0,0
40069,0,1,0,0,0,0,0,0,0,0,0,0
40069,1,1,11,13,18,15,16,0,22,19,14,13
40070,1,1,0,0,0,11,0,0,18,0,0,0
40071,1,1,15,0,8,18,0,0,0,0,0,12
40072,1,1,0,0,0,0,0,0,0,0,0,0
40072,2,1,0,0,0,0,0,0,0,0,0,0
40073,1,1,16,0,0,10,0,0,0,0,0,0
40073,2,1,0,0,0,0,0,0,0,0,0,0
40074,1,1,17,0,13,15,19,19,0,0,13,16
40075,0,1,0,20,0,11,11,7,0,19,0,0
40075,1,1,0,0,0,0,0,0,0,0,0,0
40076,1,1,0,20,0,0,0,0,0,0,0,0
40076,2,1,0,0,0,0,0,0,0,0,0,0
40077,1,1,25,18,11,0,0,27,21,0,0,18
40078,1,1,0,0,26,2,0,0,0,0,0,0
40079,1,1,0,0,0,0,0,0,23,29,0,0
40080,1,1,6,0,0,14,0,10,0,12,0,16
40081,1,1,0,0,0,0,0,0,0,0,0,0
40081,2,1,0,0,0,0,0,0,0,0,0,0
40082,1,1,0,15,11,0,14,0,0,0,0,0
40083,1,1,17,0,0,0,0,7,47,0,1,0
40083,2,1,0,0,0,0,0,0,0,3,0,0
40084,0,1,32,13,0,0,0,26,0,0,0,0
40084,1,1,0,0,0,17,0,0,0,0,0,0
40085,1,1,10,10,24,29,19,42,13,11,19,19
40086,1,1,0,0,7,0,14,30,0,0,19,12
40086,2,1,11,18,0,8,0,0,18,0,6,0
40087,1,1,17,10,0,0,0,0,0,0,0,0
40087,2,1,14,0,0,0,0,0,0,0,0,0
40088,0,1,6,6,6,6,6,6,6,6,6,6
40088,0,2,0,0,0,0,0,0,0,0,0,0
40088,1,1,0,0,0,0,7,15,0,0,0,0
40089,1,1,0,0,17,22,43,42,17,27,19,0
40090,0,1,0,0,0,0,0,4,15,0,17,0
40090,1,1,0,0,0,0,0,0,0,0,0,0
40091,0,1,0,0,0,0,0,0,0,0,0,34
40091,1,1,0,0,0,0,0,0,0,0,0,0
40092,1,1,0,27,15,0,0,20,23,2,0,23
40093,0,1,0,0,0,0,0,0,0,0,0,0
40093,1,1,0,0,0,0,0,0,0,0,0,0
40094,1,1,0,0,0,0,0,0,0,0,0,0
40094,2,1,0,0,0,0,0,0,0,0,0,0
40094,3,1,0,0,0,0,0,0,0,0,0,0
40094,4,1,0,0,0,0,0,0,0,0,0,0
40095,1,1,16,0,18,0,28,0,0,26,0,20
40096,0,1,0,0,0,42,31,0,0,30,21,15
40096,1,1,0,0,0,0,0,0,0,0,0,0
40096,2,1,0,0,0,0,0,0,0,0,0,0
40097,0,1,0,41,0,19,0,0,0,0,0,0
40097,1,1,0,0,0,0,28,18,0,19,0,20
40098,1,1,18,11,0,28,12,0,0,0,11,16
40099,1,1,4,10,3,12,23,0,0,0,28,0
40099,2,1,0,0,0,0,0,0,0,0,0,0
40100,1,1,13,0,0,0,0,0,17,0,0,21
40101,1,1,0,0,0,0,0,0,0,0,0,0
40101,2,1,0,0,0,0,0,0,0,0,0,0
40102,0,1,0,0,0,5,0,30,0,0,0,0
40102,1,1,10,0,7,23,16,19,0,8,0,13
40103,0,1,0,7,0,0,22,19,0,0,0,0
40103,1,1,0,22,0,18,0,0,27,9,0,26
40104,0,1,0,0,0,0,29,15,20,0,17,0
40104,1,1,0,12,0,0,10,0,31,16,0,0
40105,1,1,25,0,16,35,21,0,0,28,0,0
40106,0,1,0,0,0,0,0,0,0,0,0,0
40106,1,1,0,0,0,0,0,0,0,0,0,27
40107,0,1,0,0,23,0,0,0,0,0,0,0
40108,0,1,29,16,0,0,0,0,0,0,0,0
40108,0,2,0,0,0,0,0,0,0,0,0,0
40108,0,3,0,0,21,0,25,0,0,7,10,62
40108,1,1,17,16,0,0,0,0,0,0,0,0
40108,2,1,0,0,0,0,0,0,0,0,0,0
40109,0,1,0,0,0,0,0,0,0,0,0,0
40109,1,1,0,0,0,0,0,0,0,0,0,0
40110,0,1,29,29,29,29,29,29,29,29,29,29
40110,1,1,0,0,0,0,0,0,0,0,0,0
40111,0,1,0,0,0,0,0,0,0,0,0,0
40111,1,1,0,0,0,0,0,0,0,0,0,0
40112,1,1,0,0,0,0,14,7,6,0,0,0
40112,2,1,0,0,0,0,0,0,0,0,0,10
40113,0,1,0,0,0,0,0,0,0,0,0,0
40113,1,1,18,7,0,0,0,0,0,0,0,0
40113,2,1,0,0,0,0,0,17,0,0,0,0
40114,0,1,0,0,0,0,0,0,0,0,0,0
40114,1,1,0,0,0,0,0,0,0,0,0,0
40115,0,1,15,20,13,33,0,0,20,0,0,10
40115,1,1,0,16,0,0,0,11,0,0,0,0
40116,1,1,0,0,0,0,0,0,0,0,0,0
40116,2,1,0,0,0,0,0,0,0,0,0,0
40117,1,1,12,0,0,0,0,0,0,0,0,18
40118,1,1,3,3,3,3,3,3,3,3,3,3
40118,2,1,0,0,0,0,0,0,0,0,0,0
40119,1,1,17,17,17,17,17,17,17,17,17,17
40120,1,1,25,25,25,25,25,25,25,25,25,25
40121,1,1,19,5,12,17,22,5,21,0,21,6
40121,2,1,0,0,0,0,0,0,0,0,0,0
40122,1,1,0,0,0,0,0,0,0,0,0,0
40122,2,1,0,0,0,0,0,0,0,0,0,31
40123,1,1,0,0,0,0,0,0,0,0,0,0
40123,2,1,0,0,0,0,0,0,0,0,0,0
40124,1,1,37,13,0,14,21,0,27,0,11,30
40124,2,1,20,0,0,0,0,0,0,0,0,0
40125,1,1,13,0,0,0,0,0,0,0,0,0
40125,2,1,0,0,0,22,0,0,0,0,0,0
40125,3,1,0,0,0,0,0,0,0,6,0,0
40125,4,1,0,0,0,0,0,0,0,0,0,0
40125,5,1,0,0,0,0,0,0,0,0,0,0
40126,1,1,0,0,0,0,0,0,0,0,0,0
40126,2,1,0,0,0,13,0,0,0,0,0,0
40127,0,1,2,30,24,22,30,13,38,23,20,12
40127,0,2,17,0,27,21,33,19,43,35,18,21
40127,1,1,0,0,0,0,0,0,0,0,0,0
40128,1,1,0,0,0,0,0,0,0,0,0,0
40128,2,1,0,0,0,0,0,8,0,0,0,8
40128,3,1,19,0,0,0,0,0,0,0,0,0
40129,1,1,0,17,16,0,0,0,24,0,0,0
40130,1,1,0,0,0,0,0,0,24,0,0,0
40130,2,1,0,0,0,0,0,0,0,0,0,0
40131,1,1,25,0,7,0,0,0,0,0,0,13
40132,1,1,0,0,0,0,0,0,0,0,0,0
40133,1,1,0,0,0,0,0,0,0,0,0,0
40133,2,1,0,0,0,0,0,0,0,0,0,0
40134,1,1,12,12,12,12,12,12,12,12,12,12
40134,2,1,0,0,0,0,0,0,0,0,0,11
40135,1,1,0,0,0,0,0,0,0,0,0,0
40135,2,1,0,0,0,0,0,0,8,0,5,33
40136,1,1,2,28,10,4,13,26,22,15,31,11
40137,0,1,0,0,0,0,0,0,0,0,0,0
40137,1,1,0,0,0,0,0,0,0,0,0,0
40138,1,1,13,0,20,19,25,9,26,11,18,25
40138,2,1,0,0,0,0,0,0,0,0,0,0
40139,1,1,0,0,0,0,0,22,0,0,0,0
40139,2,1,0,0,0,0,0,0,0,0,0,0
40140,1,1,0,0,0,0,0,0,0,21,0,0
40141,0,1,0,25,34,0,7,26,0,0,0,28
40141,1,1,0,0,0,0,0,0,0,0,0,0
40142,1,1,0,0,0,16,0,0,0,0,0,3
40143,1,1,4,8,4,0,10,20,47,7,15,0
40143,2,1,0,0,0,0,0,0,0,0,0,0
40144,1,1,23,23,23,23,23,23,23,23,23,23
40145,1,1,8,23,12,8,18,9,0,9,0,4
40145,2,1,0,0,10,0,0,0,12,0,0,18
40146,1,1,0,0,0,0,0,0,0,0,0,0
40146,2,1,0,0,0,0,0,0,0,0,0,0
40147,0,1,48,36,10,21,37,14,15,0,13,0
40147,1,1,0,0,0,0,0,0,0,0,0,0
40148,0,1,0,0,0,0,0,0,0,0,0,0
40148,1,1,18,18,18,18,18,18,18,18,18,18
40149,1,1,0,0,0,0,0,0,0,0,0,0
40149,2,1,0,0,0,0,0,0,0,0,0,0
40150,1,1,0,0,0,0,0,0,0,0,0,21
40151,1,1,0,0,0,0,0,0,0,0,0,9
40151,2,1,0,0,0,0,0,0,0,0,0,0
40151,3,1,0,0,0,0,0,0,0,8,0,0
40151,4,1,0,0,0,0,0,0,0,0,0,0
40152,1,1,22,0,12,24,10,2,16,3,0,17
40153,0,1,0,0,0,0,0,0,0,0,0,0
40153,1,1,0,0,0,0,0,0,0,0,0,0
40154,1,1,0,0,0,0,0,14,0,10,0,22
40155,1,1,0,0,0,0,0,0,0,0,0,0
40155,2,1,0,0,0,0,0,13,0,0,0,0
40156,1,1,0,0,0,0,0,0,0,0,0,0
40156,2,1,0,21,0,0,22,0,0,0,0,0
40157,1,1,8,4,5,35,17,20,0,0,0,33
40158,0,1,22,0,0,0,0,0,43,29,0,0
40158,1,1,0,0,0,0,0,0,0,0,0,0
40159,1,1,0,0,0,0,0,0,0,0,0,0
40159,2,1,0,0,0,0,0,0,0,0,0,6
40161,1,1,0,0,0,5,0,0,0,0,0,0
40161,2,1,0,0,0,0,0,0,0,0,0,0
40162,0,1,0,0,17,29,0,0,0,27,0,0
40162,1,1,0,0,0,0,0,0,0,0,0,0
40163,0,1,0,6,0,0,0,0,0,0,0,0
40163,1,1,0,0,16,0,0,0,0,13,0,12
40164,1,1,11,0,17,0,0,0,0,0,0,0
40165,1,1,0,0,0,0,0,15,9,0,0,1
40165,2,1,0,0,0,0,0,0,0,0,0,8
40166,0,1,0,0,0,0,0,0,0,19,0,0
40166,1,1,0,0,0,0,0,0,0,0,0,0
40168,1,1,0,0,0,0,0,0,0,0,0,0
40168,2,1,0,0,0,0,22,0,15,0,0,0
40169,1,1,0,0,0,0,0,0,0,0,0,0
40169,2,1,0,0,0,0,0,0,0,0,0,0
40170,1,1,18,0,22,0,23,19,26,0,0,13
40171,1,1,0,0,0,0,0,0,0,0,0,0
40171,2,1,0,0,0,0,0,0,0,0,0,0
40172,1,1,0,0,0,0,0,0,0,0,0,0
40172,2,1,0,0,0,0,0,0,0,0,0,0
40173,1,1,5,0,0,9,0,8,6,26,12,0
40174,1,1,30,0,16,0,0,0,19,26,0,0
40175,1,1,0,0,0,0,0,0,0,0,0,0
40175,2,1,0,0,0,0,0,0,0,0,0,0
40176,0,1,0,0,0,0,0,0,0,0,0,0
40176,1,1,0,0,0,0,24,0,0,0,0,0
40177,1,1,0,0,0,0,0,0,0,0,0,0
40178,1,1,0,0,32,0,0,0,0,0,19,0
40179,1,1,0,0,0,19,0,4,0,0,0,29
40180,1,1,0,0,0,0,0,0,0,0,0,0
40180,2,1,0,0,0,0,0,0,0,0,0,0
40180,3,1,0,0,0,0,0,0,0,0,0,0
40181,1,1,0,0,0,0,0,0,0,0,0,0
40181,2,1,0,3,0,20,0,23,23,0,5,0
40183,1,1,0,0,0,0,0,0,0,0,0,0
40184,1,1,0,0,0,0,0,0,0,0,0,0
40184,2,1,0,0,0,0,0,0,0,0,0,0
40185,1,1,0,0,0,0,0,0,0,0,0,0
40185,2,1,0,0,0,0,0,0,0,0,0,0
40185,3,1,0,0,0,0,0,0,0,0,0,0
40186,1,1,12,23,8,0,0,11,36,0,0,0
40187,0,1,10,0,0,0,0,0,0,38,18,6
40187,1,1,0,0,0,0,0,0,0,0,0,0
40188,1,1,0,17,0,0,15,0,0,0,7,0
40189,1,1,0,0,0,0,0,0,0,0,0,0
40189,2,1,0,0,0,0,0,0,0,0,0,0
40189,3,1,0,0,0,0,0,0,0,0,0,0
40190,1,1,0,0,0,0,0,0,0,0,0,0
40190,2,1,0,0,0,0,0,0,0,0,0,0
40191,1,1,30,22,0,13,21,0,20,28,16,26
40192,0,1,0,0,0,0,0,0,0,0,0,21
40192,1,1,0,0,0,0,0,0,0,0,0,0
40193,1,1,11,11,11,11,11,11,11,11,11,11
40194,1,1,0,0,0,0,0,0,0,0,0,0
40195,1,1,8,0,0,0,0,0,0,0,0,0
40195,2,1,0,0,0,0,0,0,0,0,0,0
40196,1,1,0,23,0,0,0,0,0,0,0,0
40197,1,1,17,17,17,17,17,17,17,17,17,17
40198,1,1,19,0,0,29,0,0,0,0,0,0
40199,1,1,28,10,6,13,22,17,6,10,21,24
40200,1,1,0,0,0,0,0,0,0,0,0,0
40201,1,1,0,0,0,0,0,0,0,0,0,0
40202,0,1,0,0,24,0,27,0,0,9,0,0
40202,1,1,0,0,0,0,0,0,0,0,0,0
40203,1,1,0,17,0,19,33,0,29,5,22,6
40203,2,1,0,0,0,0,0,0,0,0,0,0
40204,1,1,0,0,0,0,0,0,0,0,0,0
40204,2,1,0,0,0,0,0,0,0,0,0,0
40205,0,1,0,0,0,0,0,0,0,0,0,0
40205,1,1,0,0,0,9,5,0,0,14,5,9
40206,0,1,0,0,0,0,0,0,0,0,0,0
40206,1,1,0,0,0,0,0,0,0,0,0,0
40207,1,1,0,0,0,0,0,0,0,0,0,0
40207,2,1,0,0,0,0,0,0,0,0,0,0
40208,1,1,37,37,37,37,37,37,37,37,37,37
40208,2,1,0,0,0,0,0,0,0,26,0,0
40209,0,1,19,0,0,0,10,40,0,7,0,0
40209,1,1,0,0,0,0,0,0,0,0,0,0
40210,1,1,0,0,0,0,20,0,0,0,0,0
40210,2,1,0,0,0,0,0,0,0,0,0,0
40211,1,1,0,0,0,0,0,0,0,0,0,0
40211,2,1,0,0,0,0,0,0,0,0,0,0
40212,1,1,0,0,0,0,0,0,0,0,0,0
40213,1,1,19,0,0,0,0,21,24,16,11,0
40214,1,1,0,0,0,0,0,18,0,27,0,15
40215,1,1,0,0,0,0,0,0,0,36,0,0
40216,1,1,0,0,0,0,0,0,0,0,0,0
40216,2,1,8,0,0,0,0,0,0,0,0,0
40217,1,1,0,0,0,0,0,0,0,0,13,21
40217,2,1,0,0,0,0,0,0,0,21,0,0
40218,1,1,27,10,0,0,17,16,30,12,19,15
40218,2,1,10,0,10,0,0,0,0,9,0,0
40219,0,1,0,0,0,0,0,0,0,0,0,0
40219,1,1,0,8,0,32,0,25,27,25,12,0
40220,1,1,30,30,30,30,30,30,30,30,30,30
40221,1,1,0,4,4,0,19,0,6,0,5,0
40221,2,1,0,18,18,0,8,0,0,0,0,12
40222,1,1,0,0,0,5,0,0,0,0,0,0
40222,2,1,0,0,0,20,0,0,0,0,0,0
40223,1,1,0,7,12,0,0,0,20,7,0,0
40224,1,1,0,0,0,13,0,0,16,0,0,0
40225,0,1,23,23,23,23,23,23,23,23,23,23
40225,1,1,18,8,8,6,20,0,0,0,18,13
40226,0,1,0,5,0,26,0,0,0,0,0,0
40226,1,1,0,0,0,0,0,0,0,0,0,0
40227,0,1,0,0,0,0,0,0,0,0,0,0
40227,1,1,0,0,0,0,0,0,0,0,0,0
40227,3,1,0,7,0,0,8,9,0,0,0,0
40228,1,1,0,0,0,0,0,0,0,0,0,0
40229,1,1,0,0,0,0,0,0,0,0,0,0
40230,1,1,16,35,4,22,11,28,20,21,4,19
40231,0,1,0,0,20,22,15,20,0,0,0,0
40231,1,1,26,26,26,26,26,26,26,26,26,26
40232,1,1,0,0,0,0,0,0,0,0,0,0
40233,1,1,8,0,0,0,10,0,0,0,0,0
40233,2,1,0,0,0,0,0,0,0,0,0,0
40234,1,1,0,0,0,0,0,0,0,0,0,0
40235,1,1,4,4,4,4,4,4,4,4,4,4
40235,2,1,0,0,0,0,0,0,0,0,0,0
40236,1,1,0,0,0,0,0,21,0,0,0,0
40236,2,1,0,0,0,0,0,0,0,0,0,0
40236,3,1,0,0,0,0,0,0,0,0,0,0
40237,1,1,0,0,0,0,0,0,0,0,0,0
40237,2,1,0,0,0,0,0,0,0,0,0,0
40238,1,1,22,30,6,0,34,18,0,10,13,26
40238,2,1,0,0,0,0,0,0,0,0,0,0
40238,3,1,0,0,0,0,0,0,0,0,0,0
40238,4,1,0,0,0,0,0,0,0,0,0,0
40238,5,1,0,0,0,0,0,0,0,0,0,0
40238,6,1,0,0,0,0,0,0,0,0,0,0
40238,7,1,0,0,0,0,0,0,0,0,0,0
40239,1,1,11,0,0,0,0,0,0,0,0,0
40240,1,1,0,0,0,0,0,0,0,0,0,0
40240,2,1,0,0,0,0,0,0,0,0,0,0
40240,3,1,0,0,0,0,0,0,5,0,0,0
40241,1,1,0,0,0,0,0,0,0,0,0,0
40241,2,1,12,12,12,12,12,12,12,12,12,12
40242,1,1,0,0,0,0,0,0,0,0,0,0
40242,2,1,0,0,0,0,0,0,0,0,0,0
40242,3,1,0,0,0,0,0,0,0,0,0,0
40243,1,1,14,14,14,14,14,14,14,14,14,14
40243,2,1,0,0,0,0,0,12,0,0,0,0
40243,3,1,0,0,0,0,0,0,0,0,0,0
40243,4,1,0,0,8,0,0,0,16,0,0,0
40244,1,1,0,0,0,0,0,0,0,0,0,0
40244,2,1,0,0,0,0,0,0,0,0,0,0
40245,0,1,6,6,6,6,6,6,6,6,6,6
40245,1,1,0,0,15,0,0,0,0,0,0,0
40246,1,1,0,12,22,12,12,8,25,8,11,27
40246,2,1,0,0,0,0,0,0,0,0,0,0
40247,1,1,27,27,27,27,27,27,27,27,27,27
40247,2,1,4,4,4,4,4,4,4,4,4,4
40248,1,1,0,0,0,17,0,0,0,0,0,0
40248,2,1,0,0,0,0,0,0,0,0,0,0
40249,1,1,0,0,0,0,0,0,0,0,0,0
40249,2,1,0,0,0,0,0,0,0,0,0,0
40250,1,1,0,0,0,0,0,23,0,0,5,0
40251,0,1,0,0,0,0,0,0,0,0,0,0
40251,0,2,0,0,0,0,0,0,0,0,0,0
40251,1,1,0,0,0,0,0,0,0,0,5,0
40252,1,1,0,0,0,19,0,0,0,0,0,0
40252,2,1,0,0,0,0,0,0,0,0,0,0
40253,0,1,0,0,0,0,0,0,0,0,0,5
40253,1,1,8,0,0,0,0,0,0,0,0,0
40254,1,1,0,0,0,0,0,0,0,0,0,0
40254,2,1,0,0,0,0,0,23,0,29,0,0
40255,0,1,18,25,43,15,26,36,37,27,21,15
40255,1,1,0,8,6,0,16,5,0,0,23,0
40256,1,1,29,29,0,31,20,15,13,32,0,19
40256,2,1,0,0,0,0,0,0,0,0,0,0
40257,1,1,0,0,0,0,0,0,0,0,0,0
40257,2,1,0,0,0,0,0,0,0,0,0,0
40257,3,1,0,0,0,0,0,0,0,0,0,0
40257,4,1,0,0,0,0,0,0,0,12,0,0
40258,1,1,0,0,0,0,0,0,14,0,0,0
40258,2,1,0,0,0,0,0,0,0,0,0,0
40259,1,1,0,0,0,0,0,0,0,0,0,0
40260,0,1,24,25,2,16,14,36,29,17,23,9
40260,1,1,0,0,0,36,0,0,0,0,0,0
40261,1,1,16,16,16,16,16,16,16,16,16,16
40262,1,1,9,0,22,32,20,0,12,24,18,17
40263,1,1,0,16,3,0,16,0,21,0,0,0
40263,2,1,3,0,0,0,11,0,0,0,0,0
40263,3,1,0,0,0,8,0,0,16,0,0,0
40264,0,1,0,0,39,15,0,0,0,7,0,0
40264,1,1,0,0,0,30,0,0,0,0,0,0
40265,1,1,0,19,26,0,0,0,0,0,0,0
40266,0,1,0,0,0,0,0,0,0,0,0,0
40266,1,1,0,0,0,0,0,0,0,0,0,0
40267,1,1,31,0,9,0,11,16,0,13,12,27
40268,1,1,0,0,0,0,0,0,0,0,0,0
40269,1,1,0,0,0,0,0,0,0,0,0,0
40269,2,1,1,1,1,1,1,1,1,1,1,1
40270,1,1,0,0,0,0,0,0,0,23,0,0
40270,2,1,0,0,0,0,0,0,0,0,0,0
40271,0,1,0,0,0,0,25,0,0,0,0,0
40271,1,1,0,0,0,19,0,0,0,0,0,17
40272,0,1,4,4,4,4,4,4,4,4,4,4
40272,1,1,31,13,21,7,0,15,41,21,5,23
40273,1,1,0,0,0,0,0,0,0,0,0,0
40274,0,1,21,21,21,21,21,21,21,21,21,21
40274,1,1,16,16,16,16,16,16,16,16,16,16
40275,1,1,11,0,22,0,0,0,0,0,0,0
40276,0,1,0,0,0,0,0,0,0,0,0,0
40276,1,1,0,0,0,0,0,0,0,0,0,0
40276,2,1,0,0,0,0,0,0,0,17,0,0
40277,1,1,0,0,0,0,0,0,0,0,0,0
40277,2,1,0,0,0,0,0,0,0,0,0,0
40278,1,1,0,0,0,0,0,15,0,0,0,0
40278,2,1,0,0,0,0,0,0,0,0,0,0
40279,1,1,12,12,12,12,12,12,12,12,12,12
40280,0,1,0,0,0,0,0,0,0,0,0,0
40280,0,2,0,0,0,22,0,21,0,0,0,0
40280,1,1,0,0,0,0,0,0,0,0,0,0
40281,1,1,6,15,23,25,21,22,14,21,21,0
40282,1,1,0,0,0,0,0,0,0,0,0,0
40282,2,1,0,5,0,0,0,0,0,0,0,0
40283,0,1,25,23,10,0,32,16,16,18,24,14
40283,1,1,0,0,0,0,0,0,0,0,0,0
40284,1,1,0,0,0,0,0,0,0,0,0,0
40284,2,1,0,0,0,0,0,0,0,0,0,0
40284,3,1,0,0,0,0,0,0,0,0,0,0
40285,0,1,0,0,0,0,0,0,0,0,21,0
40285,1,1,0,0,0,0,0,0,0,0,0,0
40286,1,1,0,0,0,18,0,0,0,0,0,0
40286,2,1,17,17,17,17,17,17,17,17,17,17
40287,1,1,18,15,17,5,13,17,0,3,3,16
40288,0,1,25,16,37,36,0,17,16,31,12,15
40288,1,1,0,0,0,0,0,0,9,0,0,0
40289,1,1,21,21,21,21,21,21,21,21,21,21
40290,1,1,0,0,0,0,0,0,0,0,0,0
40291,1,1,0,0,0,0,0,0,0,0,0,0
40292,0,1,0,0,0,0,0,0,0,0,0,0
40292,1,1,0,0,0,0,0,0,0,0,0,0
40293,1,1,0,0,0,0,0,0,0,0,0,0
40294,1,1,12,0,0,39,0,0,0,0,0,0
40295,0,1,0,0,0,0,0,0,0,0,0,0
40295,1,1,0,0,0,8,0,0,0,0,9,0
40296,1,1,0,0,0,0,0,0,0,0,0,0
40297,1,1,0,0,0,0,0,0,0,0,0,0
40298,0,1,0,0,0,0,0,0,0,0,0,0
40298,1,1,0,10,0,0,0,0,0,0,0,0
40299,1,1,0,0,7,0,20,0,0,0,42,6
40299,2,1,0,0,0,0,0,0,0,0,0,0
40300,1,1,0,0,0,0,0,0,0,0,0,0
40301,1,1,0,0,0,0,4,11,0,0,0,29
40302,0,1,0,0,0,0,0,0,0,0,0,0
40302,1,1,0,0,0,0,0,0,0,0,0,0
40303,0,1,0,0,0,0,0,0,0,0,0,0
40303,1,1,0,0,0,0,0,0,0,0,0,0
40304,0,1,9,0,0,0,25,0,16,0,0,0
40304,1,1,0,0,15,38,0,9,0,0,0,7
40305,1,1,0,0,0,0,0,0,0,0,0,0
40306,0,1,0,0,0,0,0,0,0,0,0,0
40306,1,1,0,0,0,0,0,12,0,0,0,0
40307,1,1,0,0,0,0,0,0,0,0,0,0
40308,1,1,10,0,16,24,0,27,0,0,0,25
40309,1,1,0,0,0,0,0,0,0,0,0,0
40310,1,1,0,0,0,0,0,0,0,0,0,0
40310,2,1,0,0,0,0,0,0,0,0,0,0
40311,1,1,0,0,0,0,0,0,0,0,0,0
40311,2,1,0,12,0,0,0,0,0,0,0,0
40312,1,1,0,0,0,0,0,0,0,0,0,0
40312,2,1,0,0,0,0,0,0,0,0,0,0
40313,0,1,6,6,6,6,6,6,6,6,6,6
40313,1,1,0,0,0,0,28,0,0,0,0,0
40314,0,1,0,9,24,10,0,0,0,0,0,18
40314,1,1,0,20,0,0,0,0,0,0,30,0
40314,2,1,0,0,0,0,0,0,0,0,18,0
40315,1,1,25,25,25,25,25,25,25,25,25,25
40316,1,1,17,17,17,17,17,17,17,17,17,17
40316,2,1,17,17,17,17,17,17,17,17,17,17
40317,0,1,0,0,0,0,0,0,0,0,0,0
40317,1,1,22,0,24,23,19,41,30,15,5,16
40318,1,1,0,0,0,0,0,0,0,0,0,0
40318,2,1,0,0,0,0,0,0,0,0,0,0
40319,0,1,3,3,3,3,3,3,3,3,3,3
40319,1,1,10,0,16,15,14,6,26,17,16,32
40320,1,1,0,0,0,0,0,0,0,0,0,0
40320,2,1,0,0,0,0,0,0,0,0,0,0
40321,1,1,12,34,0,0,0,0,0,0,0,8
40322,1,1,0,11,0,0,0,0,0,0,20,0
40323,1,1,0,0,0,0,0,0,0,0,0,0
40323,2,1,0,0,0,11,0,0,9,24,0,0
40324,1,1,0,0,0,0,0,0,0,23,0,0
40324,2,1,0,0,0,0,0,0,0,0,0,0
40325,0,1,26,26,26,26,26,26,26,26,26,26
40325,1,1,0,0,0,0,0,0,0,0,0,7
40326,1,1,0,0,0,0,0,0,17,33,0,0
40326,2,1,0,0,0,0,0,0,0,0,0,0
40327,1,1,0,0,0,0,0,0,0,0,0,0
40328,1,1,0,0,0,0,0,0,0,0,0,0
40329,1,1,0,4,0,17,19,0,14,0,21,0
40330,1,1,0,0,0,0,0,0,0,0,0,0
40330,2,1,0,0,0,0,0,0,0,0,0,0
40331,0,1,23,26,9,0,0,0,0,0,0,0
40331,1,1,0,0,0,0,0,0,0,0,0,0
40332,1,1,13,19,0,0,14,17,0,0,17,20
40333,0,1,0,0,0,0,0,0,0,0,0,0
40333,1,1,0,0,0,0,0,0,0,0,0,0
40334,0,1,11,10,10,32,6,21,12,18,28,16
40334,1,1,0,0,0,0,0,0,0,0,0,0
40335,1,1,31,24,15,16,6,23,18,18,10,18
40335,2,1,0,0,0,0,0,0,0,0,0,0
40336,1,1,20,0,0,0,8,21,0,0,27,0
40337,1,1,0,0,0,0,0,0,0,0,0,0
40337,2,1,0,0,0,0,0,0,0,0,0,0
40338,1,1,0,0,0,0,0,6,0,0,0,0
40338,2,1,0,10,0,0,0,0,0,8,11,0
40339,1,1,0,0,0,0,0,10,0,0,0,0
40339,2,1,0,0,0,0,0,4,0,11,0,15
40340,0,1,16,0,0,0,19,0,0,0,0,0
40340,1,1,0,0,0,0,0,0,0,0,0,0
40341,1,1,0,0,0,0,0,0,0,21,0,0
40342,1,1,0,0,0,0,0,0,0,0,0,0
40342,2,1,0,0,0,0,0,0,0,0,0,0
40342,3,1,0,0,0,0,0,0,0,0,0,0
40343,1,1,19,11,18,10,13,0,15,15,7,19
40344,1,1,0,10,0,21,0,0,0,0,0,0