ST_CASE,VEH_NO,PER_NO,P1,P2,P3,P4,P5,P6,P7,P8,P9,P10
120221,0,1,0,0,0,0,0,0,0,0,0,0
120221,1,1,0,0,0,0,0,0,0,0,0,0
120222,0,1,19,16,0,0,14,0,0,21,0,12
120222,1,1,14,0,0,0,0,0,0,0,8,0
120224,1,1,0,0,0,0,0,0,0,0,0,0
120225,1,1,0,0,0,0,0,0,0,0,0,0
120226,1,1,24,24,24,24,24,24,24,24,24,24
120226,2,1,0,0,0,0,0,0,0,0,0,0
120227,1,1,23,23,23,23,23,23,23,23,23,23
120228,0,1,6,6,6,6,6,6,6,6,6,6
120228,1,1,0,0,20,0,0,0,0,13,5,0
120228,2,1,0,0,3,0,0,0,0,0,0,6
120229,0,1,26,26,26,26,26,26,26,26,26,26
120229,1,1,0,0,0,0,0,0,0,0,0,0
120229,2,1,0,0,0,0,0,0,0,0,0,0
120232,1,1,28,28,28,28,28,28,28,28,28,28
120232,2,1,0,0,0,0,0,0,0,0,0,0
120233,1,1,19,33,8,11,3,15,6,22,11,15
120233,2,1,0,0,0,0,3,0,0,0,0,0
120234,0,1,1,1,1,1,1,1,1,1,1,1
120234,1,1,20,0,16,0,0,0,14,0,0,0
120235,0,1,24,24,24,24,24,24,24,24,24,24
120235,1,1,0,0,0,0,0,0,0,0,0,0
120236,1,1,0,0,0,0,0,0,0,0,0,0
120236,2,1,0,0,0,0,0,0,0,0,0,0
120237,1,1,0,0,0,0,0,0,0,0,0,0
120237,2,1,0,0,0,0,0,0,0,0,0,0
120238,0,1,15,15,15,15,15,15,15,15,15,15
120238,1,1,13,0,0,0,0,0,0,0,0,0
120239,0,1,19,0,0,0,0,0,0,0,0,0
120239,1,1,0,0,0,0,0,0,0,0,0,0
120240,1,1,17,0,0,23,0,0,0,3,0,24
120240,2,1,0,0,0,16,9,0,0,0,0,0
120241,1,1,0,0,0,0,0,0,0,0,0,0
120241,2,1,0,0,0,0,0,0,5,0,9,0
120242,1,1,20,20,20,20,20,20,20,20,20,20
120243,1,1,0,0,0,0,0,0,0,0,0,0
120243,2,1,0,0,0,0,0,0,0,0,0,0
120243,3,1,2,2,2,2,2,2,2,2,2,2
120244,1,1,0,0,0,0,0,0,0,0,0,0
120244,2,1,0,0,0,0,0,0,0,0,0,0
120245,1,1,0,0,0,0,0,0,0,0,0,0
120245,2,1,0,0,0,0,0,0,0,0,0,0
120246,0,1,0,0,0,22,0,0,0,12,0,0
120246,1,1,0,0,0,0,0,0,0,0,0,0
120247,1,1,16,16,16,16,16,16,16,16,16,16
120248,1,1,10,23,13,0,0,23,0,15,25,18
120249,1,1,7,0,0,0,18,0,0,22,9,13
120251,1,1,0,0,0,0,0,0,0,0,0,0
120251,2,1,0,0,0,0,0,0,0,0,0,0
120252,1,1,23,23,0,0,0,0,0,0,0,0
120252,2,1,0,0,22,0,0,0,0,0,11,0
120253,1,1,15,0,0,26,25,0,3,0,32,19
120254,1,1,13,13,13,13,13,13,13,13,13,13
120255,1,1,28,28,28,28,28,28,28,28,28,28
120256,1,1,0,0,0,0,0,0,0,0,0,0
120257,1,1,16,16,16,16,16,16,16,16,16,16
120258,0,1,35,35,35,35,35,35,35,35,35,35
120258,1,1,0,0,0,13,11,0,0,0,11,0
120259,1,1,0,10,0,0,0,0,0,0,0,18
120260,1,1,38,7,17,0,0,9,0,20,0,0
120260,2,1,0,0,0,0,0,0,0,0,0,0
120262,0,1,0,0,13,20,0,0,0,0,20,0
120262,1,1,0,0,0,0,0,0,0,0,0,0
120263,1,1,0,0,0,0,0,0,0,0,0,0
120265,1,1,24,24,24,24,24,24,24,24,24,24
120266,1,1,6,6,6,6,6,6,6,6,6,6
120266,2,1,0,0,0,0,0,0,0,0,0,0
120267,1,1,13,13,13,13,13,13,13,13,13,13
120268,1,1,0,0,0,0,0,0,0,0,0,0
120268,2,1,0,0,0,0,0,0,0,0,0,0
120268,3,1,0,0,0,0,0,0,0,0,0,0
120269,1,1,0,0,0,0,0,0,0,0,0,0
120269,2,1,0,0,0,0,0,0,0,0,0,0
120270,0,1,0,0,0,0,0,0,0,0,0,0
120270,1,1,0,0,0,0,0,0,0,0,0,0
120271,1,1,0,0,0,0,0,0,0,0,0,0
120271,2,1,0,0,0,0,0,0,0,0,0,0
120272,0,1,0,12,0,0,0,0,36,0,0,0
120272,1,1,0,0,5,0,0,13,11,0,0,0
120273,0,1,0,0,0,0,0,0,0,0,0,0
120273,1,1,0,0,0,0,0,0,0,0,0,0
120274,1,1,18,0,0,0,13,5,0,0,17,0
120275,1,1,30,0,8,0,0,25,9,0,40,0
120276,1,1,0,0,0,0,0,0,0,0,0,0
120277,1,1,0,0,0,0,0,0,0,0,0,0
120277,2,1,0,0,0,0,0,0,0,0,0,0
120277,3,1,0,0,0,0,0,0,0,0,0,0
120278,0,1,0,0,0,0,0,0,0,0,0,0
120278,1,1,0,0,0,0,0,0,0,0,0,0
120279,1,1,0,0,0,0,0,0,0,0,0,0
120280,1,1,0,0,0,0,0,0,0,0,0,0
120281,1,1,0,0,0,0,0,0,0,0,0,0
120281,2,1,0,0,4,0,0,0,0,0,0,15
120282,1,1,0,0,0,0,0,0,0,0,0,0
120282,2,1,0,0,0,0,0,0,0,0,0,0
120284,0,1,0,0,0,0,0,0,0,0,0,0
120284,1,1,0,0,0,0,0,0,0,14,0,0
120285,1,1,0,8,0,0,0,0,0,0,0,0
120285,2,1,0,0,0,0,0,0,0,0,0,0
120286,1,1,0,0,0,0,0,0,0,0,0,0
120286,2,1,0,0,0,0,0,0,0,0,0,0
120286,3,1,0,0,0,0,0,0,0,0,0,0
120286,4,1,0,0,0,0,0,0,0,0,0,0
120287,1,1,0,0,0,0,0,0,0,0,0,0
120287,2,1,0,0,0,0,0,0,0,0,0,0
120288,1,1,0,0,0,0,0,0,14,0,0,0
120288,2,1,0,7,10,0,0,0,0,0,0,0
120289,0,1,0,0,31,0,0,0,0,0,25,0
120289,1,1,0,0,0,0,0,0,0,0,0,0
120290,1,1,0,0,0,0,0,0,0,0,0,0
120290,2,1,0,0,22,0,0,0,0,0,0,0
120292,1,1,0,0,0,0,0,0,0,0,0,0
120292,2,1,0,0,0,0,0,0,0,0,0,0
120293,0,1,0,44,0,0,0,0,11,0,0,0
120293,1,1,21,21,21,21,21,21,21,21,21,21
120293,2,1,0,0,0,0,0,0,0,6,0,0
120294,1,1,14,14,14,14,14,14,14,14,14,14
120295,0,1,10,10,10,10,10,10,10,10,10,10
120295,1,1,0,0,0,3,0,0,0,0,13,0
120296,1,1,0,0,0,0,0,0,0,0,0,0
120296,2,1,14,0,0,0,0,0,0,0,0,0
120297,1,1,0,0,0,0,0,0,0,0,0,0
120297,2,1,0,0,0,0,0,0,0,0,0,0
120299,1,1,0,0,0,0,0,0,0,0,0,0
120299,2,1,0,0,0,0,0,0,0,0,0,0
120300,1,1,0,0,0,0,0,13,10,29,9,0
120301,1,1,0,10,0,0,0,0,0,0,0,0
120301,2,1,0,0,0,27,0,0,0,0,0,0
120302,0,1,39,39,39,39,39,39,39,39,39,39
120302,1,1,10,0,0,0,0,0,0,0,0,0
120303,1,1,0,0,0,0,0,0,0,0,0,0
120303,2,1,0,0,0,0,0,0,0,0,0,0
120304,1,1,0,0,0,0,0,0,0,0,0,0
120304,2,1,0,0,0,0,0,0,0,0,0,40
120305,1,1,18,18,18,18,18,18,18,18,18,18
120306,1,1,22,22,22,22,22,22,22,22,22,22
120307,1,1,24,24,24,24,24,24,24,24,24,24
120309,0,1,27,27,27,27,27,27,27,27,27,27
120309,1,1,0,0,0,0,0,0,0,0,0,0
120310,1,1,4,4,4,4,4,4,4,4,4,4
120310,2,1,0,0,0,0,0,0,0,0,0,0
120311,1,1,16,16,16,16,16,16,16,16,16,16
120312,1,1,27,27,27,27,27,27,27,27,27,27
120312,2,1,0,0,0,0,0,0,0,0,0,0
120313,1,1,0,0,0,0,0,0,0,0,0,0
120313,2,1,0,0,0,0,0,0,0,0,0,0
120313,3,1,0,0,0,0,0,0,0,0,0,0
120313,4,1,0,0,0,0,0,0,0,0,0,0
120314,1,1,12,0,0,0,0,0,0,14,18,0
120315,0,1,0,0,0,0,0,0,0,0,0,0
120315,1,1,0,0,0,0,0,0,0,0,0,0
120316,1,1,0,0,0,0,0,0,0,0,0,0
120316,2,1,0,0,0,0,0,0,0,0,0,0
120317,1,1,0,19,7,0,3,0,0,0,17,13
120318,1,1,0,0,0,0,0,0,0,0,0,0
120318,2,1,0,0,0,0,0,0,0,0,0,0
120318,3,1,9,0,0,0,0,0,0,0,0,0
120318,4,1,0,0,0,0,0,0,0,22,0,0
120319,1,1,0,0,0,0,0,0,0,0,0,0
120319,2,1,0,0,0,0,0,0,0,0,0,0
120320,1,1,0,8,0,27,0,0,0,0,0,0
120320,2,1,0,0,0,0,0,0,0,0,0,0
120321,0,1,26,26,26,26,26,26,26,26,26,26
120321,1,1,0,0,0,0,0,0,0,0,0,0
120321,2,1,0,0,0,0,0,0,0,0,7,0
120322,0,1,5,5,5,5,5,5,5,5,5,5
120322,1,1,0,0,0,0,0,0,0,0,0,0
120323,0,1,16,34,0,38,21,0,14,0,38,0
120323,1,1,0,0,0,0,0,0,0,0,0,0
120325,1,1,0,0,0,0,0,0,0,0,0,0
120325,2,1,22,0,0,0,0,0,0,0,25,0
120326,0,1,18,0,0,0,21,0,0,0,0,0
120326,1,1,0,0,0,0,29,0,0,0,22,0
120327,1,1,0,0,20,0,0,0,0,0,0,0
120327,2,1,0,0,0,0,0,0,0,0,0,0
120328,0,1,17,17,17,17,17,17,17,17,17,17
120328,1,1,0,0,0,0,0,11,0,22,0,0
120330,0,1,0,0,0,0,0,0,0,0,0,0
120330,1,1,0,0,0,0,0,6,0,0,0,0
120331,1,1,0,0,0,0,0,0,0,26,0,0
120332,0,1,0,0,0,0,0,0,0,0,0,0
120332,1,1,0,0,0,0,0,0,0,0,0,0
120333,1,1,0,0,0,0,0,0,0,0,0,0
120334,1,1,25,25,25,25,25,25,25,25,25,25
120335,1,1,0,0,0,0,0,0,0,0,0,0
120335,2,1,0,0,0,0,0,0,0,0,0,0
120336,1,1,0,0,0,0,0,0,0,0,0,0
120336,2,1,0,0,11,30,17,0,0,0,9,0
120337,1,1,0,0,0,0,0,0,0,0,0,0
120337,2,1,0,0,0,0,0,0,0,0,0,0
120338,1,1,0,0,0,0,0,0,10,32,0,0
120339,0,1,0,0,0,0,0,0,0,0,0,0
120339,1,1,0,0,0,0,0,0,0,7,0,0
120340,1,1,0,0,0,0,0,0,0,0,0,0
120340,2,1,0,0,0,0,0,0,0,0,0,0
120341,1,1,0,0,0,0,0,0,0,0,0,0
120341,2,1,9,0,0,0,0,0,0,0,0,0
120342,1,1,9,9,9,9,9,9,9,9,9,9
120342,2,1,0,0,0,6,0,0,0,0,0,0
120342,3,1,0,0,0,0,0,0,0,0,0,0
120343,0,1,31,31,31,31,31,31,31,31,31,31
120343,1,1,0,0,0,0,0,0,0,0,0,0
120344,1,1,0,0,20,8,9,23,0,0,15,15
120344,2,1,0,0,0,0,0,0,0,0,0,0
120345,0,1,0,0,0,0,33,0,11,35,0,23
120345,1,1,0,0,0,0,0,0,0,0,0,0
120346,1,1,0,0,0,0,0,0,0,0,0,0
120348,0,1,4,0,21,0,0,28,35,7,0,0
120348,1,1,0,0,0,0,0,0,0,0,0,0
120349,1,1,0,0,0,0,0,0,0,0,0,0
120349,2,1,0,0,0,0,0,0,0,0,0,0
120349,3,1,0,0,0,0,0,0,0,0,0,10
120350,0,1,0,30,23,0,0,0,0,0,0,0
120350,1,1,0,0,0,0,0,0,0,0,0,0
120351,1,1,0,0,0,0,0,0,0,0,0,0
120352,1,1,26,26,26,26,26,26,26,26,26,26
120353,1,1,0,0,0,0,0,0,0,0,0,0
120353,2,1,0,0,0,0,0,0,0,0,0,0
120353,3,1,0,0,0,0,0,0,0,0,0,0
120354,1,1,0,0,0,0,0,0,0,0,0,0
120354,2,1,0,0,0,0,0,0,0,0,0,0
120355,1,1,0,0,0,0,0,0,18,0,0,0
120355,2,1,0,0,0,9,0,0,0,0,0,0
120356,1,1,0,0,0,0,0,0,0,0,0,0
120356,2,1,0,0,0,0,0,0,0,0,0,0
120356,3,1,0,0,0,0,0,0,0,0,0,0
120356,4,1,0,0,0,23,0,9,0,0,0,0
120356,5,1,0,0,0,0,0,0,0,0,0,0
120356,6,1,0,0,0,0,0,0,0,0,0,0
120357,1,1,0,0,0,0,0,0,0,0,0,0
120357,2,1,0,0,12,0,12,0,0,0,0,0
120358,0,1,0,0,0,0,0,0,0,0,0,0
120358,1,1,0,0,0,0,0,0,0,0,0,0
120359,1,1,19,0,0,25,23,12,16,25,12,6
120360,0,1,0,0,29,38,0,0,0,24,0,0
120360,1,1,0,0,0,0,5,0,0,0,0,7
120361,0,1,0,0,0,0,0,0,0,0,0,0
120361,0,2,0,0,0,0,0,0,0,0,0,21
120361,1,1,0,0,0,0,0,0,0,0,0,0
120362,1,1,0,0,0,0,0,0,0,0,0,0
120363,1,1,0,0,0,0,0,0,0,0,0,0
120363,2,1,0,0,0,0,0,0,0,0,0,0
120364,1,1,9,9,9,9,9,9,9,9,9,9
120365,0,1,0,0,0,0,0,0,0,0,0,0
120365,1,1,0,0,0,0,0,0,0,16,0,0
120366,1,1,0,0,0,0,0,0,0,0,0,0
120366,2,1,0,0,0,0,0,0,0,0,0,0
120367,1,1,0,0,0,0,0,0,0,0,0,0
120367,2,1,0,0,0,0,0,0,0,0,0,0
120367,3,1,0,0,0,0,0,0,0,0,0,0
120368,1,1,0,0,0,0,0,0,0,0,0,0
120369,1,1,0,0,0,0,0,0,0,0,0,0
120369,2,1,0,0,0,0,0,0,0,0,0,0
120370,1,1,0,0,0,0,0,0,0,0,0,0
120370,2,1,0,0,0,0,0,0,0,0,0,0
120371,0,1,18,0,0,32,0,0,0,0,0,0
120371,0,2,0,0,0,0,0,0,0,0,0,0
120371,1,1,34,0,0,16,0,0,0,0,0,17
120372,1,1,0,0,0,0,0,0,0,0,0,0
120372,2,1,0,0,0,20,26,0,0,0,16,0
120373,0,1,0,0,0,0,0,0,12,0,0,0
120373,1,1,0,0,0,0,0,0,0,0,0,0
120374,0,1,0,0,0,0,0,0,0,0,0,0
120374,1,1,0,0,0,0,0,0,0,0,0,0
120374,2,1,0,0,0,0,0,0,0,0,0,0
120374,3,1,0,0,0,0,5,0,0,0,0,0
120375,1,1,20,20,20,20,20,20,20,20,20,20
120376,1,1,0,0,0,0,0,15,0,0,0,0
120376,2,1,0,0,0,0,0,0,0,0,0,0
120377,1,1,29,29,29,29,29,29,29,29,29,29
120377,2,1,0,0,0,0,0,0,10,0,0,0
120377,3,1,0,0,0,0,0,0,0,0,0,0
120378,1,1,0,0,0,0,0,0,0,0,0,0
120378,2,1,0,0,0,0,0,0,0,0,0,0
120379,0,1,0,0,0,0,0,0,0,0,0,0
120379,1,1,0,6,12,17,9,0,6,18,9,5
120380,1,1,17,17,17,17,17,17,17,17,17,17
120382,1,1,0,0,0,0,0,0,0,0,0,0
120382,3,1,0,0,0,0,0,0,0,0,0,0
120382,4,1,0,0,0,0,0,22,0,0,0,0
120382,5,1,0,0,0,0,0,0,0,0,0,0
120382,6,1,0,0,0,0,0,0,24,0,0,0
120382,7,1,0,0,0,0,0,0,0,0,0,0
120383,1,1,11,12,11,34,7,15,22,28,14,17
120384,0,1,26,26,26,26,26,26,26,26,26,26
120384,1,1,0,0,0,0,0,0,0,0,0,0
120384,2,1,0,0,0,0,0,0,15,0,0,0
120384,3,1,0,0,0,0,0,0,0,0,0,0
120385,1,1,0,0,0,0,0,0,0,0,0,0
120385,2,1,0,0,0,0,0,0,0,0,0,0
120386,1,1,0,0,0,0,0,0,0,0,0,0
120386,2,1,0,0,0,0,0,0,0,0,0,0
120387,0,1,27,27,27,27,27,27,27,27,27,27
120387,1,1,0,0,27,0,0,0,0,0,0,0
120387,2,1,10,10,10,10,10,10,10,10,10,10
120388,0,1,27,27,27,27,27,27,27,27,27,27
120388,1,1,22,0,0,0,0,0,0,0,0,0
120389,0,1,16,0,0,0,0,0,0,0,19,0
120389,1,1,0,0,0,0,0,0,0,21,0,0
120390,0,1,0,0,0,0,0,0,0,0,0,0
120390,1,1,0,0,0,0,0,0,0,0,0,0
120391,1,1,0,0,0,0,0,0,0,0,0,0
120392,1,1,0,0,0,0,0,0,23,16,0,0
120392,2,1,17,17,17,17,17,17,17,17,17,17
120393,1,1,0,0,0,0,0,0,0,0,0,0
120394,1,1,0,0,0,0,0,0,0,0,0,0
120395,1,1,0,0,0,0,0,0,0,0,0,0
120395,2,1,0,0,18,0,0,0,0,0,0,0
120396,1,1,0,0,0,0,0,0,0,0,0,0
120396,2,1,0,15,30,0,0,0,18,0,21,0
120397,1,1,0,0,0,0,0,0,0,0,0,0
120397,2,1,0,0,0,0,0,0,0,0,0,0
120398,1,1,0,0,0,0,0,0,0,0,0,0
120398,2,1,0,0,0,0,0,0,0,0,0,0
120399,1,1,12,12,12,12,12,12,12,12,12,12
120400,1,1,0,0,0,0,0,0,0,0,0,0
120401,0,1,0,41,11,0,16,0,0,0,0,13
120401,1,1,7,0,10,6,0,0,0,0,0,0
120402,0,1,0,0,0,0,0,0,0,0,0,0
120402,1,1,23,23,23,23,23,23,23,23,23,23
120403,0,1,18,18,18,18,18,18,18,18,18,18
120403,1,1,0,0,0,0,0,0,0,0,0,0
120404,1,1,0,0,0,0,0,0,0,0,0,0
120404,2,1,0,0,0,0,0,0,0,0,0,0
120405,1,1,0,0,0,0,0,0,0,0,0,0
120405,2,1,0,0,0,0,0,0,0,0,5,0
120406,0,1,16,0,0,0,0,0,0,0,0,0
120406,1,1,0,0,0,0,0,0,0,0,0,0
120407,0,1,0,0,0,0,0,0,0,0,0,0
120407,1,1,0,0,0,0,0,0,0,0,0,0
120408,1,1,0,0,0,0,0,0,0,0,0,0
120409,1,1,8,8,8,8,8,8,8,8,8,8
120409,2,1,9,0,0,0,33,0,0,0,0,0
120410,0,1,0,0,0,0,0,0,0,0,0,0
120410,1,1,0,0,0,0,0,0,0,0,0,0
120411,0,1,0,0,0,0,0,0,0,0,0,0
120411,1,1,0,0,0,0,0,0,0,0,0,0
120412,1,1,0,0,0,17,0,9,9,24,0,0
120413,1,1,0,0,0,0,0,0,0,0,0,0
120414,1,1,24,24,24,24,24,24,24,24,24,24
120415,1,1,0,0,0,0,0,0,0,0,0,0
120416,1,1,21,21,21,21,21,21,21,21,21,21
120417,1,1,19,26,10,0,0,16,0,13,0,33
120418,1,1,14,0,0,0,0,0,0,0,0,0
120418,2,1,0,0,0,0,0,0,0,0,0,0
120419,1,1,0,3,0,0,11,0,0,0,0,0
120420,1,1,0,0,0,0,0,0,0,0,0,0
120420,2,1,0,0,0,0,0,0,0,4,12,0
120421,1,1,8,21,14,8,15,18,21,34,10,24
120422,1,1,0,0,0,0,0,0,0,0,0,0
120423,1,1,0,0,0,0,0,0,0,0,0,0
120423,2,1,0,0,0,0,0,0,0,0,0,0
120424,0,1,34,22,0,0,0,0,0,0,24,0
120424,1,1,0,0,0,0,0,0,0,0,0,0
120424,2,1,0,0,0,5,0,0,0,0,0,0
120425,0,1,21,21,21,21,21,21,21,21,21,21
120425,1,1,12,0,0,0,0,0,0,0,0,0
120426,0,1,0,0,0,0,0,0,0,0,0,0
120426,1,1,0,0,0,0,0,0,0,0,20,0
120427,1,1,0,0,0,0,0,0,0,0,0,0
120427,2,1,0,0,0,0,0,0,0,0,0,0
120428,1,1,30,30,30,30,30,30,30,30,30,30
120429,0,1,32,0,0,0,32,0,0,0,0,0
120429,1,1,0,0,0,0,0,21,0,0,0,0
120430,0,1,0,0,0,0,0,0,0,0,0,23
120430,1,1,0,0,0,0,0,0,0,0,0,0
120431,0,1,17,17,17,17,17,17,17,17,17,17
120431,1,1,12,0,0,0,0,0,0,0,0,0
120432,1,1,0,0,0,0,0,0,0,0,0,34
120433,1,1,0,0,0,0,0,0,0,0,0,0
120433,2,1,0,0,0,0,0,0,0,0,0,0
120434,1,1,28,18,0,0,0,0,32,0,15,0
120435,1,1,0,0,0,0,0,0,0,0,0,0
120435,2,1,0,0,0,0,0,0,0,0,0,0
120435,3,1,0,0,0,0,0,0,0,0,0,0
120435,4,1,0,0,0,0,0,0,0,0,0,0
120436,1,1,5,14,18,0,12,0,0,0,0,22
120437,0,1,0,0,0,0,0,0,0,0,0,0
120437,1,1,0,0,26,0,0,0,0,0,0,0
120437,2,1,0,0,0,0,0,0,0,0,0,14
120437,3,1,5,0,0,0,0,0,0,5,0,0
120438,1,1,14,14,14,14,14,14,14,14,14,14
120438,2,1,0,0,0,0,0,0,0,0,0,0
120439,1,1,15,24,18,0,13,0,0,0,0,0
120439,2,1,1,13,8,0,0,0,0,4,0,14
120439,3,1,21,22,11,0,0,26,5,16,0,0
120440,0,1,0,0,0,0,0,0,0,0,0,37
120440,1,1,0,0,0,0,0,0,0,0,0,0
120441,0,1,0,0,0,0,0,0,0,0,0,0
120441,1,1,20,0,0,25,0,0,0,12,0,0
120441,2,1,0,0,0,0,0,0,0,0,0,0
120442,1,1,14,14,14,14,14,14,14,14,14,14
120442,2,1,0,0,0,0,0,0,0,0,0,0
120443,0,1,0,0,0,8,21,0,0,0,0,0
120443,1,1,0,9,12,0,0,0,0,18,19,20
120444,1,1,0,0,0,0,0,0,0,0,0,0
120444,2,1,0,0,0,0,0,0,0,0,0,0
120445,1,1,0,0,0,0,0,0,0,0,0,0
120446,1,1,0,0,0,0,0,0,0,0,0,0
120446,2,1,0,0,10,0,0,0,0,0,0,0
120446,3,1,0,0,0,0,0,0,0,0,0,0
120447,1,1,0,0,0,0,0,0,0,0,0,0
120447,2,1,0,0,0,0,0,0,0,0,0,0
120448,1,1,0,0,0,0,0,0,0,0,0,0
120448,2,1,0,0,0,0,0,0,0,0,0,0
120448,3,1,0,0,0,0,0,0,0,0,0,0
120449,1,1,0,0,0,0,0,19,0,0,0,0
120449,2,1,0,31,0,0,0,0,0,0,0,0
120450,1,1,0,0,0,0,0,0,0,0,0,0
120450,2,1,0,0,0,0,0,0,0,0,0,0
120451,1,1,0,0,0,0,0,0,0,0,0,0
120451,2,1,0,0,0,0,0,0,0,0,0,0
120452,1,1,0,0,0,0,0,0,0,0,0,0
120452,2,1,0,0,0,0,0,0,0,0,0,0
120453,0,1,0,0,0,0,0,0,0,0,0,0
120453,1,1,0,0,12,0,0,0,0,0,0,0
120454,0,1,0,0,0,0,0,0,0,0,0,0
120454,1,1,0,0,0,0,0,0,0,0,0,0
120455,1,1,0,0,0,0,0,0,0,0,0,0
120455,2,1,0,0,0,0,0,0,0,0,0,0
120455,3,1,0,0,0,0,0,0,0,0,0,0
120456,0,1,0,0,0,0,0,0,0,0,0,0
120456,1,1,0,0,0,0,0,0,0,0,0,0
120457,0,1,0,0,0,0,22,0,10,0,0,0
120457,1,1,0,0,4,0,24,5,0,0,0,0
120457,2,1,0,0,0,0,0,0,0,0,0,0
120458,1,1,0,0,0,0,0,0,0,0,0,0
120458,2,1,0,0,0,0,0,0,0,0,0,0
120459,0,1,7,0,0,0,0,0,16,0,0,0
120459,1,1,0,0,0,0,0,0,0,0,0,0
120460,1,1,0,11,0,0,0,19,9,14,0,0
120461,1,1,0,0,0,0,0,0,0,0,0,0
120461,2,1,0,0,0,0,0,0,0,0,0,0
120462,1,1,23,23,23,23,23,23,23,23,23,23
120463,1,1,0,0,0,0,0,14,0,0,0,0
120463,2,1,0,0,0,9,0,0,0,0,0,0
120464,1,1,11,11,11,11,11,11,11,11,11,11
120465,1,1,0,0,0,0,0,0,0,0,13,0
120465,2,1,0,0,0,0,7,46,0,0,29,13
120466,1,1,15,15,15,15,15,15,15,15,15,15
120467,1,1,10,0,8,0,0,21,8,0,0,24
120468,0,1,0,0,0,0,0,0,0,0,0,0
120468,1,1,0,0,0,7,0,0,8,0,0,0
120469,1,1,9,3,18,0,0,23,10,0,0,21
120469,2,1,0,18,8,18,15,3,0,0,13,0
120469,3,1,29,8,8,14,4,11,23,8,9,7
120470,0,1,0,0,0,0,0,0,0,0,0,0
120470,1,1,0,0,0,0,18,0,23,0,35,0
120471,1,1,17,17,17,17,17,17,17,17,17,17
120471,2,1,0,25,0,0,0,0,0,0,0,0
120471,3,1,0,0,0,0,10,0,0,0,0,0
120471,4,1,0,0,0,0,0,0,0,0,0,0
120472,1,1,11,11,11,11,11,11,11,11,11,11
120472,2,1,0,0,0,0,0,0,0,0,0,0
120473,0,1,0,0,0,0,0,0,0,0,0,0
120473,1,1,0,0,0,0,0,0,0,0,0,0
120474,1,1,0,0,0,0,0,0,0,0,0,0
120474,2,1,0,0,0,0,0,0,0,0,0,0
120475,1,1,10,9,5,6,9,16,14,23,0,10
120475,2,1,0,10,0,0,0,0,10,0,0,0
120476,1,1,33,33,33,33,33,33,33,33,33,33
120476,2,1,0,0,0,0,0,0,0,0,0,0
120477,1,1,0,0,0,0,0,0,0,0,0,0
120477,2,1,0,0,0,0,0,0,0,0,0,0
120478,0,1,0,0,0,0,0,0,0,0,0,0
120478,1,1,0,0,0,0,0,0,0,0,0,0
120479,1,1,16,0,0,24,0,17,19,0,20,0
120479,2,1,0,0,0,0,0,0,0,0,0,0
120480,1,1,10,10,10,10,10,10,10,10,10,10
120480,2,1,0,0,0,0,0,0,0,0,0,0
120481,1,1,0,0,0,0,0,0,0,0,0,0
120481,2,1,0,0,12,0,0,10,0,0,0,0
120481,3,1,0,22,0,0,0,0,0,0,19,0
120482,0,1,0,0,0,0,0,0,0,0,0,0
120482,1,1,0,0,0,0,15,22,0,0,0,0
120483,1,1,19,19,19,19,19,19,19,19,19,19
120484,1,1,0,0,0,0,0,0,0,0,0,0
120484,2,1,0,0,0,0,0,0,0,0,0,0
120485,1,1,0,0,0,0,15,0,0,0,0,0
120485,2,1,0,0,0,0,0,0,0,0,0,0
120485,3,1,0,0,0,0,0,0,0,0,0,0
120486,1,1,0,0,18,22,0,8,15,0,26,14
120486,2,1,0,0,0,0,0,0,0,0,0,0
120487,1,1,0,0,0,0,0,0,0,0,0,0
120487,2,1,0,0,0,0,0,0,0,0,0,0
120488,1,1,0,0,0,0,0,0,0,0,0,0
120488,2,1,0,0,0,0,0,0,0,0,0,0
120490,0,1,0,0,0,0,0,0,0,0,0,0
120490,1,1,0,0,0,0,0,0,0,0,0,0
120491,1,1,0,0,9,0,0,0,0,0,0,0
120491,2,1,0,4,11,0,0,0,0,0,0,0
120492,1,1,0,0,0,0,0,0,0,0,0,0
120492,2,1,0,0,0,0,0,0,0,0,0,0
120492,3,1,0,0,0,0,0,0,0,0,0,0
120493,1,1,0,0,0,0,0,0,0,0,0,0
120493,2,1,0,0,0,0,0,0,0,0,0,0
120494,1,1,0,0,0,0,0,0,0,0,0,0
120494,2,1,0,0,0,0,0,0,0,0,0,0
120496,1,1,13,13,13,13,13,13,13,13,13,13
120496,2,1,0,0,0,0,0,0,0,0,0,0
120497,1,1,0,0,0,0,0,0,0,7,0,0
120497,2,1,0,0,0,0,5,0,0,0,0,0
120498,1,1,0,0,0,0,8,13,0,0,19,0
120499,0,1,0,0,0,0,0,0,0,0,0,0
120499,0,2,0,0,0,0,0,0,0,0,0,0
120499,1,1,0,0,0,0,0,0,0,0,0,0
120499,2,1,0,0,0,0,0,0,0,0,0,0
120500,1,1,0,0,0,0,0,0,0,0,0,0
120501,1,1,0,0,0,0,0,0,0,0,0,0
120501,2,1,0,0,0,0,0,0,0,0,0,0
120501,3,1,0,0,0,0,0,0,0,0,0,0
120501,4,1,0,0,0,0,0,0,0,0,0,0