ST_CASE,VEH_NO,PER_NO,P1,P2,P3,P4,P5,P6,P7,P8,P9,P10
120502,1,1,0,0,0,0,0,0,0,0,0,0
120503,1,1,0,0,0,0,0,0,0,0,0,0
120503,2,1,0,0,0,0,0,0,0,0,0,0
120504,1,1,0,0,20,0,0,0,0,0,0,0
120504,2,1,0,0,0,0,0,0,0,0,0,0
120505,1,1,0,0,0,0,0,0,0,0,0,0
120505,2,1,0,0,0,0,0,0,0,0,0,0
120506,1,1,0,0,0,0,0,0,0,0,0,0
120506,2,1,0,25,0,0,0,0,22,0,0,0
120507,1,1,27,27,27,27,27,27,27,27,27,27
120508,1,1,9,9,9,9,9,9,9,9,9,9
120508,2,1,0,0,0,0,0,0,0,0,0,0
120509,0,1,20,37,6,45,0,22,0,18,0,0
120509,1,1,0,0,9,0,0,0,0,0,0,0
120510,0,1,0,0,0,0,0,0,0,0,0,0
120510,1,1,0,0,0,0,0,0,0,0,0,0
120511,1,1,0,0,0,0,0,0,0,0,0,0
120511,2,1,0,0,0,0,0,0,0,0,0,0
120512,1,1,0,16,20,0,0,51,0,20,0,14
120513,0,1,0,0,0,0,0,0,0,0,0,0
120513,1,1,0,0,0,0,0,0,0,0,0,0
120514,0,1,0,0,0,0,0,0,0,0,0,0
120514,0,2,0,0,0,0,0,0,0,0,23,0
120514,0,3,0,0,0,0,0,0,0,0,0,0
120514,0,4,29,0,0,0,14,0,0,0,0,13
120514,0,5,0,0,0,0,0,0,0,0,0,0
120514,0,6,0,0,0,0,0,0,0,0,0,0
120514,0,7,0,0,0,0,0,0,0,0,0,0
120514,1,1,0,0,0,0,0,0,0,0,0,0
120515,1,1,0,0,0,0,0,0,0,0,0,0
120515,2,1,0,0,0,0,0,0,0,0,0,0
120515,3,1,0,0,0,0,0,0,0,0,0,0
120516,1,1,0,0,0,0,0,0,0,0,0,0
120516,2,1,0,25,0,0,0,0,0,0,0,0
120517,1,1,0,0,0,0,0,0,0,0,0,9
120517,2,1,0,0,0,10,0,6,0,0,0,0
120518,1,1,9,0,0,0,0,15,0,0,0,0
120519,1,1,0,0,0,0,0,0,0,0,0,0
120519,2,1,0,0,0,0,0,0,0,0,0,0
120520,0,1,0,42,0,18,0,0,0,6,26,0
120520,1,1,0,0,0,0,0,0,0,0,0,0
120521,1,1,0,0,0,0,20,0,21,0,0,0
120521,2,1,0,0,0,0,0,0,0,0,0,0
120522,1,1,26,26,26,26,26,26,26,26,26,26
120523,0,1,0,0,0,0,0,0,0,0,0,0
120523,1,1,0,0,0,0,0,0,0,0,0,0
120524,1,1,0,0,0,0,0,0,0,0,0,0
120524,2,1,0,0,0,0,0,0,0,22,0,0
120525,1,1,0,0,0,0,0,0,0,0,0,0
120525,2,1,2,2,2,2,2,2,2,2,2,2
120525,3,1,0,0,0,0,0,0,0,0,19,30
120526,1,1,16,16,16,16,16,16,16,16,16,16
120527,2,1,0,0,0,0,0,0,0,0,0,0
120528,1,1,17,17,17,17,17,17,17,17,17,17
120528,2,1,0,4,0,0,0,0,0,0,0,0
120529,1,1,21,12,10,0,26,10,25,15,17,12
120529,2,1,0,0,0,0,0,0,0,0,0,0
120530,0,1,11,11,11,11,11,11,11,11,11,11
120530,2,1,0,0,0,0,0,0,0,0,0,0
120536,1,1,19,19,19,19,19,19,19,19,19,19
120536,2,1,0,0,0,0,0,0,0,0,0,0
120536,3,1,0,0,0,0,0,0,0,0,0,0
120536,4,1,0,0,0,0,7,0,17,0,0,0
120537,0,1,0,0,0,0,0,0,0,0,0,0
120537,1,1,0,0,0,0,0,0,0,0,0,0
120538,0,1,0,0,0,0,0,0,0,0,0,0
120538,1,1,0,0,0,0,0,0,0,0,0,0
120539,1,1,0,0,0,0,0,0,0,0,0,0
120540,1,1,0,0,27,0,0,0,0,14,0,0
120540,2,1,5,5,5,5,5,5,5,5,5,5
120541,0,1,0,0,8,0,0,0,0,11,0,0
120541,1,1,26,0,0,0,0,0,0,0,0,0
120542,0,1,10,10,10,10,10,10,10,10,10,10
120542,1,1,0,0,0,0,28,42,0,0,0,0
120543,1,1,0,0,0,0,0,0,0,0,0,0
120543,2,1,0,0,0,0,0,0,0,0,0,0
120544,1,1,0,0,0,0,0,0,0,0,0,0
120545,1,1,0,0,0,0,0,0,0,0,0,0
120545,2,1,0,0,0,0,0,0,0,0,0,0
120546,1,1,0,0,0,0,0,0,0,0,0,0
120546,2,1,0,0,0,0,0,0,0,0,0,0
120547,1,1,0,0,0,0,0,0,0,0,0,0
120548,1,1,0,0,0,0,0,0,0,0,0,0
120550,1,1,37,37,37,37,37,37,37,37,37,37
120551,0,1,0,0,0,0,0,0,0,0,0,0
120551,1,1,24,0,21,18,0,0,0,19,15,15
120552,1,1,14,14,14,14,14,14,14,14,14,14
120552,2,1,0,0,0,0,0,0,0,0,0,0
120553,1,1,0,0,0,0,0,0,0,0,0,0
120554,0,1,0,0,0,40,0,29,0,0,32,0
120554,1,1,0,0,0,0,0,11,0,0,0,0
120555,1,1,13,13,13,13,13,13,13,13,13,13
120556,1,1,0,0,0,0,0,0,0,0,0,0
120556,2,1,0,0,0,0,0,0,0,0,0,0
120557,1,1,16,16,16,16,16,16,16,16,16,16
120557,2,1,0,0,0,0,0,0,0,0,0,0
120558,1,1,0,0,0,0,0,0,0,0,0,0
120559,0,1,0,0,0,0,0,0,0,0,0,0
120559,1,1,6,0,0,0,0,0,0,0,8,0
120560,0,1,0,0,0,0,0,0,0,10,0,0
120560,1,1,0,0,0,0,0,0,0,0,0,12
120561,0,1,0,0,0,0,0,0,0,0,0,0
120561,0,2,0,0,0,43,0,0,0,0,0,0
120561,1,1,0,0,0,0,0,0,0,0,0,0
120561,2,1,2,0,0,0,0,0,0,0,0,0
120561,3,1,0,0,0,0,0,0,0,0,0,0
120561,4,1,0,0,0,0,0,0,0,0,0,0
120561,5,1,0,0,0,0,0,0,0,0,0,0
120562,1,1,0,0,0,0,0,0,0,0,0,0
120562,2,1,0,0,0,0,0,0,0,0,0,0
120563,1,1,19,19,19,19,19,19,19,19,19,19
120564,0,1,0,0,0,0,0,0,0,0,0,0
120564,1,1,0,0,0,0,0,0,0,0,0,0
120565,1,1,28,28,28,28,28,28,28,28,28,28
120565,2,1,0,0,0,0,0,0,0,0,0,0
120565,3,1,0,0,0,0,0,0,0,0,0,0
120566,1,1,0,0,0,0,0,9,0,0,0,0
120567,0,1,33,27,0,0,21,4,37,0,0,20
120567,1,1,4,4,4,4,4,4,4,4,4,4
120568,0,1,24,24,24,24,24,24,24,24,24,24
120568,1,1,0,0,0,0,9,0,12,0,0,0
120569,1,1,1,1,1,1,1,1,1,1,1,1
120570,1,1,18,18,18,18,18,18,18,18,18,18
120571,0,1,0,19,0,0,0,0,0,0,0,0
120572,1,1,0,7,14,14,0,22,7,0,11,12
120573,0,1,0,0,0,0,0,0,0,0,0,0
120573,1,1,0,0,0,0,0,0,0,0,0,0
120574,0,1,0,0,0,14,0,0,0,22,30,0
120574,1,1,17,0,0,0,0,0,4,0,0,26
120575,1,1,0,0,0,0,0,0,0,0,0,0
120575,2,1,0,0,0,0,0,0,0,0,0,0
120576,0,1,0,0,0,0,0,0,0,0,0,0
120576,1,1,0,0,0,0,0,0,0,0,0,0
120577,1,1,0,0,0,0,0,0,16,28,8,0
120577,2,1,0,0,0,0,0,0,0,0,0,0
120579,0,1,0,0,0,0,0,0,0,0,0,0
120579,1,1,0,0,0,0,0,0,0,0,0,0
120580,1,1,0,0,0,9,0,0,0,0,0,0
120580,2,1,0,11,0,0,0,11,14,0,0,0
120581,0,1,0,0,0,0,0,0,0,0,0,0
120581,1,1,0,0,0,0,0,0,0,0,0,0
120582,1,1,0,0,0,0,0,0,0,0,0,0
120582,2,1,0,0,0,0,0,0,0,0,0,0
120582,3,1,0,0,0,0,0,0,0,0,0,0
120582,4,1,0,0,0,0,0,0,0,0,0,0
120583,1,1,0,0,0,0,0,0,0,0,0,13
120584,1,1,0,0,0,0,0,0,0,0,0,0
120585,1,1,0,0,0,0,0,0,0,0,0,0
120585,2,1,0,0,0,0,0,0,0,0,0,0
120586,1,1,0,0,0,0,0,0,0,0,0,0
120587,0,1,0,0,0,20,7,5,0,0,0,15
120587,1,1,0,0,0,0,0,0,0,0,0,0
120589,1,1,0,0,0,0,0,0,0,0,0,0
120590,0,1,0,0,0,0,0,0,0,0,0,0
120590,0,2,0,0,0,0,0,0,0,0,23,0
120590,1,1,0,0,0,0,10,0,0,0,0,0
120591,1,1,0,0,0,0,0,0,0,0,0,0
120591,2,1,0,0,0,0,0,0,0,0,0,0
120592,1,1,18,18,18,18,18,18,18,18,18,18
120592,2,1,0,0,0,0,0,0,0,0,0,0
120593,1,1,0,0,0,0,0,0,0,0,0,0
120593,2,1,0,0,0,0,0,0,0,0,0,0
120594,1,1,0,0,0,0,0,0,0,0,0,0
120594,2,1,0,0,0,0,0,0,0,0,0,0
120596,0,1,0,15,0,0,0,0,0,0,0,17
120596,1,1,0,0,0,0,0,0,0,0,0,0
120598,1,1,0,16,17,12,6,6,37,20,0,12
120599,1,1,9,9,9,9,9,9,9,9,9,9
120600,0,1,0,0,0,0,0,0,0,0,0,0
120600,1,1,0,0,0,0,0,0,0,0,0,0
120600,2,1,0,0,0,0,0,0,0,0,0,0
120601,1,1,0,0,0,0,0,0,0,7,14,0
120602,1,1,0,0,0,0,0,0,0,17,0,0
120602,2,1,0,0,0,0,0,0,0,0,0,0
120603,0,1,17,17,17,17,17,17,17,17,17,17
120603,1,1,0,0,0,0,0,0,0,0,11,0
120604,0,1,0,0,0,0,0,0,0,0,0,0
120604,1,1,0,0,0,0,0,0,0,0,0,0
120606,0,1,0,0,0,0,0,0,0,0,0,0
120606,1,1,0,0,0,0,0,0,0,0,0,0
120607,1,1,0,0,0,0,0,0,0,0,0,0
120607,2,1,0,0,0,0,0,0,0,0,0,0
120608,1,1,8,8,8,8,8,8,8,8,8,8
120609,1,1,0,0,0,0,12,0,0,0,0,0
120611,1,1,0,20,0,0,0,0,0,0,0,0
120614,1,1,0,11,0,0,31,0,0,0,0,0
120614,2,1,0,0,0,0,0,0,0,0,0,0
120615,0,1,21,21,21,21,21,21,21,21,21,21
120615,1,1,0,0,0,0,0,0,0,0,0,0
120616,0,1,0,0,0,0,0,0,0,0,0,0
120616,0,2,0,0,0,0,0,0,0,0,0,0
120616,1,1,0,0,0,0,0,0,0,0,0,0
120617,1,1,0,9,0,0,9,8,0,4,0,16
120617,2,1,0,0,15,0,0,0,0,0,0,0
120618,0,1,0,18,0,0,25,10,0,0,0,8
120618,1,1,0,0,0,0,0,0,0,0,0,0
120619,1,1,0,0,0,0,0,0,0,0,0,0
120619,2,1,0,0,0,0,0,13,0,0,0,0
120620,0,1,0,0,0,19,19,0,30,0,0,16
120620,1,1,0,0,28,0,0,0,0,0,0,0
120621,0,1,29,0,23,0,0,0,0,0,0,24
120621,1,1,0,0,0,3,0,0,0,0,0,0
120622,1,1,0,0,0,0,0,0,0,0,0,0
120622,2,1,0,0,0,0,0,0,0,0,0,20
120622,3,1,0,0,0,0,0,0,9,0,0,0
120622,4,1,0,0,0,0,0,0,0,0,0,0
120623,0,1,21,23,25,51,8,20,25,38,30,14
120623,1,1,0,0,0,0,0,0,0,27,0,0
120624,1,1,0,0,0,0,0,0,0,0,0,0
120625,1,1,0,0,0,0,0,0,0,0,0,0
120625,2,1,0,0,0,0,0,0,0,7,0,0
120626,1,1,0,0,0,0,0,0,0,0,35,0
120626,2,1,0,0,0,0,0,0,0,0,0,0
120627,0,1,0,0,0,0,0,0,0,0,0,0
120627,1,1,0,0,0,0,0,0,14,0,0,0
120628,1,1,0,0,0,0,0,0,0,0,0,0
120629,1,1,0,0,40,0,0,0,0,0,0,0
120630,1,1,0,0,0,0,33,0,0,0,0,0
120630,2,1,0,0,0,0,0,0,0,0,0,8
120631,0,1,0,17,0,0,0,25,0,33,0,11
120631,1,1,0,0,0,0,0,0,0,0,0,0
120632,1,1,18,11,6,0,0,0,0,18,0,15
120633,0,1,0,0,0,0,0,0,0,0,0,21
120633,0,2,0,0,0,0,0,0,0,0,0,0
120633,1,1,13,15,23,5,10,5,27,27,9,17
120634,0,1,25,5,12,5,17,67,12,10,26,14
120634,1,1,0,0,0,0,0,0,0,0,0,0
120634,2,1,14,0,0,0,0,0,0,23,0,0
120635,1,1,0,8,29,0,0,0,15,0,0,0
120636,1,1,0,0,0,0,0,0,0,0,0,0
120636,2,1,18,0,0,0,0,0,0,0,0,0
120639,0,1,0,0,15,0,21,14,0,0,0,0
120639,1,1,19,19,19,19,19,19,19,19,19,19
120640,1,1,0,0,0,0,0,0,0,0,0,0
120640,2,1,0,0,0,0,0,0,0,0,0,0
120641,1,1,0,0,0,0,0,0,0,0,0,0
120642,1,1,0,0,0,0,0,0,0,0,0,0
120642,2,1,0,0,0,0,0,0,0,0,0,0
120642,3,1,0,0,0,0,0,0,0,0,0,0
120643,1,1,0,0,0,0,3,0,0,0,0,0
120644,1,1,0,0,0,0,0,0,0,0,0,0
120645,1,1,22,22,22,22,22,22,22,22,22,22
120645,2,1,0,0,0,0,0,0,0,0,0,0
120646,1,1,19,19,19,19,19,19,19,19,19,19
120648,0,1,14,14,14,14,14,14,14,14,14,14
120648,1,1,0,0,0,0,0,0,0,0,0,0
120649,0,1,10,10,10,10,10,10,10,10,10,10
120649,1,1,0,0,0,0,0,0,0,0,0,0
120650,1,1,29,29,29,29,29,29,29,29,29,29
120651,0,1,0,0,0,0,0,0,0,0,0,0
120651,1,1,0,0,0,0,0,0,0,0,0,0
120652,1,1,24,24,24,24,24,24,24,24,24,24
120653,0,1,0,0,0,0,0,0,0,0,0,0
120653,1,1,0,0,15,0,0,0,0,0,0,0
120653,2,1,0,0,0,0,0,0,0,0,0,0
120653,3,1,0,0,0,0,0,0,0,0,0,0
120653,4,1,0,0,0,0,0,0,0,0,0,0
120654,0,1,0,0,0,0,0,0,0,0,0,0
120654,1,1,0,0,0,0,0,0,0,0,0,0
120655,1,1,0,0,0,0,0,0,0,0,0,0
120655,2,1,0,0,0,0,0,0,0,0,0,0
120656,0,1,32,32,32,32,32,32,32,32,32,32
120656,1,1,0,0,0,0,0,0,0,0,0,31
120657,1,1,27,0,10,24,22,37,21,8,0,28
120658,0,1,19,0,0,0,0,0,0,21,0,0
120658,1,1,0,0,0,0,0,0,0,0,0,0
120659,0,1,27,27,27,27,27,27,27,27,27,27
120659,1,1,0,0,0,0,0,0,0,0,0,0
120660,1,1,21,21,21,21,21,21,21,21,21,21
120660,2,1,0,0,0,0,0,0,0,0,0,0
120661,1,1,0,0,0,0,0,0,0,0,0,0
120661,2,1,0,0,0,0,0,0,0,0,0,0
120661,3,1,0,0,0,0,0,0,0,0,0,0
120662,1,1,0,0,0,0,0,0,0,0,0,0
120662,2,1,1,1,1,1,1,1,1,1,1,1
120663,1,1,0,0,0,0,0,0,0,0,0,0
120664,1,1,0,0,0,0,0,0,0,0,0,0
120664,2,1,0,0,0,0,0,0,0,0,0,0
120665,0,1,0,0,0,0,0,0,0,0,0,0
120665,1,1,0,19,0,0,0,0,0,0,0,0
120666,1,1,0,0,0,0,0,16,14,0,0,0
120666,2,1,0,0,0,0,0,0,0,0,0,0
120667,1,1,16,16,16,16,16,16,16,16,16,16
120667,2,1,8,9,0,16,0,13,0,8,12,0
120667,3,1,0,0,0,0,0,0,0,0,0,0
120668,1,1,0,0,0,0,0,0,0,0,0,0
120668,2,1,0,0,0,0,0,0,0,0,0,0
120669,1,1,0,0,0,0,0,0,0,0,0,0
120670,1,1,26,26,26,26,26,26,26,26,26,26
120672,0,1,0,0,0,0,0,0,0,0,0,0
120672,1,1,24,0,0,13,10,0,0,12,0,23
120673,1,1,13,13,13,13,13,13,13,13,13,13
120673,2,1,0,0,0,0,0,0,0,0,0,6
120674,1,1,0,0,0,0,0,0,0,0,0,0
120675,1,1,0,0,0,0,0,0,0,0,0,0
120675,2,1,0,0,0,0,0,0,0,0,0,0
120676,0,1,10,10,10,10,10,10,10,10,10,10
120676,1,1,0,0,0,0,0,0,0,0,9,0
120677,0,1,0,0,0,0,0,0,0,0,0,0
120677,0,2,0,0,0,0,0,0,0,0,0,0
120677,1,1,0,0,0,0,0,0,0,0,0,0
120679,0,1,0,18,0,0,23,0,8,13,10,0
120679,1,1,14,29,11,8,15,20,35,0,24,0
120680,1,1,0,0,0,0,0,0,0,0,0,0
120680,2,1,0,0,0,0,0,0,0,0,0,0
120681,1,1,0,0,0,0,0,0,0,0,0,0
120681,2,1,0,0,0,0,0,0,0,0,0,0
120682,0,1,0,0,0,36,0,0,42,46,23,22
120682,1,1,0,0,0,0,23,0,0,0,0,0
120683,1,1,14,0,6,10,13,5,0,14,0,7
120684,1,1,0,0,0,0,0,0,0,0,0,0
120685,0,1,0,0,0,0,0,0,0,0,0,0
120685,1,1,0,0,0,0,0,0,0,0,0,0
120686,1,1,0,0,0,0,0,0,0,0,0,0
120686,2,1,0,0,0,0,0,0,0,0,0,0
120688,1,1,0,0,0,0,0,0,0,0,0,0
120689,0,1,0,15,4,14,21,0,0,0,0,26
120689,1,1,0,0,0,0,7,0,0,0,0,0
120690,1,1,0,0,0,0,0,0,0,0,0,0
120690,2,1,0,0,0,0,0,0,0,0,0,0
120690,3,1,0,0,0,0,0,0,0,0,0,0
120691,1,1,9,9,9,9,9,9,9,9,9,9
120692,1,1,12,15,16,20,37,11,6,15,21,24
120692,2,1,0,0,0,0,0,0,0,0,0,0
120694,1,1,0,0,0,0,0,0,0,0,0,0
120694,2,1,0,0,0,0,0,0,0,0,0,0
120696,1,1,0,0,0,0,0,0,0,0,0,0
120696,2,1,21,0,0,8,0,19,0,0,0,0
120697,1,1,15,15,15,15,15,15,15,15,15,15
120697,2,1,0,0,0,0,0,0,0,0,0,0
120698,0,1,20,20,20,20,20,20,20,20,20,20
120698,1,1,0,0,0,0,0,0,0,0,0,0
120699,1,1,0,0,0,0,0,0,0,0,0,0
120699,2,1,8,8,8,8,8,8,8,8,8,8
120700,0,1,3,3,3,3,3,3,3,3,3,3
120700,1,1,17,0,0,0,0,0,10,0,0,0
120701,1,1,14,14,14,14,14,14,14,14,14,14
120702,1,1,0,0,0,0,0,0,0,0,0,0
120702,2,1,0,0,0,0,0,0,0,0,0,0
120703,0,1,6,6,6,6,6,6,6,6,6,6
120703,1,1,0,0,0,0,0,0,0,0,0,0
120704,0,1,0,0,0,0,0,27,0,0,2,0
120704,1,1,0,0,0,0,0,0,0,0,0,0
120705,0,1,3,3,3,3,3,3,3,3,3,3
120705,1,1,0,0,0,0,0,0,0,0,0,0
120706,1,1,0,0,0,8,0,0,0,0,8,0
120707,1,1,0,0,0,0,0,0,0,0,0,0
120708,1,1,11,0,0,17,26,0,34,15,11,16
120709,1,1,17,17,17,17,17,17,17,17,17,17
120710,1,1,0,0,0,0,0,0,0,0,0,0
120711,1,1,7,7,7,7,7,7,7,7,7,7
120712,1,1,18,18,18,18,18,18,18,18,18,18
120713,1,1,26,26,26,26,26,26,26,26,26,26
120713,2,1,0,0,0,0,0,0,0,0,0,0
120714,1,1,11,11,11,11,11,11,11,11,11,11
120715,1,1,0,0,0,0,0,0,0,0,0,0
120716,1,1,0,0,0,0,0,0,0,0,0,0
120716,2,1,0,0,0,0,0,0,0,0,0,0
120717,1,1,23,17,18,8,0,9,21,25,24,0
120718,1,1,0,0,0,0,0,0,0,0,0,0
120718,2,1,0,0,0,0,0,0,0,0,0,0
120719,1,1,0,0,0,0,0,0,0,0,0,0
120720,1,1,0,0,0,0,0,0,0,0,0,0
120720,2,1,0,0,0,0,0,0,0,0,0,0
120721,0,1,0,0,0,0,11,14,0,21,0,0
120721,1,1,0,0,0,0,0,0,0,0,0,0
120721,2,1,0,0,0,0,0,0,0,0,0,0
120722,1,1,0,0,0,0,0,0,0,0,0,0
120723,1,1,0,0,0,0,0,0,0,0,0,16
120723,2,1,0,0,0,26,0,14,0,0,0,0
120723,3,1,0,0,0,0,0,0,0,0,0,0
120725,0,1,0,0,0,0,0,0,0,0,0,0
120725,1,1,0,0,0,0,0,0,0,0,0,0
120726,1,1,0,0,11,0,0,0,0,0,0,0
120727,1,1,25,25,25,25,25,25,25,25,25,25
120728,1,1,0,0,0,0,0,0,0,0,0,0
120729,1,1,0,0,0,0,0,0,0,0,0,0
120730,0,1,0,0,0,0,0,0,0,0,0,0
120730,1,1,0,25,0,0,0,0,0,0,0,0
120731,0,1,0,0,0,0,0,0,0,0,0,0
120731,1,1,0,8,4,15,0,10,0,0,0,0
120731,2,1,0,0,0,0,0,0,0,0,16,0
120732,1,1,0,25,0,0,0,0,0,0,0,0
120732,2,1,0,0,0,0,17,7,0,20,13,0
120733,1,1,0,0,0,0,0,0,0,0,0,0
120734,0,1,0,0,0,0,0,0,0,0,0,0
120734,1,1,0,0,0,0,0,0,0,0,0,0
120735,0,1,0,0,0,0,0,0,0,0,0,0
120735,1,1,0,0,0,0,0,0,0,0,0,0
120736,1,1,0,0,0,0,0,0,14,0,0,0
120736,2,1,0,0,0,0,0,0,0,0,0,0
120736,3,1,0,0,0,0,0,0,0,0,0,0
120737,0,1,0,0,0,0,0,0,0,0,0,0
120737,1,1,0,0,0,0,0,0,0,0,0,0
120738,1,1,0,0,0,0,0,0,0,0,0,0
120738,2,1,0,0,0,0,0,0,7,0,0,0
120738,3,1,0,0,0,0,0,0,0,0,0,0
120739,1,1,0,0,0,0,0,0,0,0,0,0
120739,2,1,0,0,0,15,0,0,0,0,0,0
120740,1,1,0,0,0,0,0,0,0,0,0,0
120741,1,1,1,1,1,1,1,1,1,1,1,1
120741,2,1,0,0,0,6,0,7,0,12,8,31
120742,1,1,0,0,0,0,0,0,0,0,0,0
120742,2,1,0,0,0,0,0,0,0,0,0,0
120743,1,1,0,25,0,0,0,0,0,0,0,0
120744,1,1,0,0,0,0,0,0,0,0,0,0
120744,2,1,6,7,0,0,8,0,0,0,0,0
120745,1,1,0,0,0,0,0,0,0,0,0,0
120745,2,1,0,0,0,0,33,11,0,0,0,0
120746,1,1,0,0,0,0,0,0,0,0,0,0
120746,2,1,0,0,0,0,0,0,0,0,0,0
120747,1,1,0,0,16,0,10,0,0,10,0,0
120747,2,1,0,0,0,0,0,0,0,0,0,0
120748,0,1,0,0,0,0,0,0,0,0,0,0
120748,1,1,24,0,4,0,0,28,10,0,6,0
120749,1,1,10,5,6,26,19,6,7,12,16,8
120750,1,1,0,0,0,0,0,0,0,0,0,0
120751,1,1,0,0,0,0,0,0,0,0,0,0
120752,1,1,18,18,18,18,18,18,18,18,18,18
120753,1,1,0,0,0,0,0,0,0,0,0,0
120753,2,1,11,11,11,11,11,11,11,11,11,11
120754,0,1,0,0,0,0,0,0,0,0,0,0
120754,1,1,0,0,0,0,0,0,0,0,0,0
120755,1,1,23,23,23,23,23,23,23,23,23,23
120755,2,1,0,0,0,0,0,0,0,0,0,0
120756,0,1,0,0,0,0,0,0,0,0,0,0
120756,1,1,15,0,0,0,0,0,0,0,0,0
120757,1,1,0,0,0,0,0,0,0,0,0,0
120757,2,1,0,0,0,0,0,0,0,0,0,0
120758,1,1,0,0,0,0,0,0,0,0,0,0
120758,2,1,0,0,0,0,0,0,0,0,0,0
120758,3,1,0,0,0,0,0,0,0,0,0,0
120759,1,1,0,0,0,0,0,0,0,0,0,0
120759,2,1,0,0,0,0,0,0,0,0,0,0
120759,3,1,0,0,28,0,0,0,0,0,0,0
120759,4,1,0,0,0,0,0,0,0,0,0,0
120759,5,1,0,0,0,0,0,0,0,0,0,0
120760,1,1,18,0,0,0,0,0,0,0,0,0
120760,2,1,0,0,0,0,0,0,0,0,0,0
120762,0,1,0,0,0,0,0,0,0,0,0,0
120762,1,1,0,0,0,0,0,0,0,0,0,8
120763,1,1,0,0,0,0,0,0,0,0,3,0
120763,2,1,0,0,0,0,0,0,0,0,0,0
120765,1,1,0,0,0,0,0,0,8,0,0,0
120765,2,1,0,0,0,14,0,0,9,0,0,0
120766,1,1,0,0,0,0,0,0,0,0,0,0
120766,2,1,0,0,0,0,0,0,8,0,13,14
120767,0,1,0,24,0,0,0,0,0,0,0,0
120767,1,1,0,0,0,0,0,0,0,0,0,0
120768,1,1,0,0,0,0,0,0,0,0,0,0
120770,1,1,0,0,0,0,0,0,0,0,0,0
120770,2,1,0,0,0,0,0,0,0,0,0,0
120771,1,1,0,0,0,0,0,0,0,0,0,0
120771,2,1,0,0,0,0,0,0,0,0,0,0
120772,0,1,26,26,26,26,26,26,26,26,26,26
120772,1,1,0,0,0,0,0,0,0,0,0,0
120773,1,1,0,0,0,0,0,0,0,0,0,0
120774,1,1,0,0,0,0,0,0,0,0,0,0
120775,1,1,0,0,0,0,0,0,0,0,0,0
120777,1,1,6,0,0,0,26,20,14,0,6,0
120778,1,1,0,0,0,0,0,0,0,0,0,0
120778,2,1,0,0,0,0,0,0,0,0,0,0
120778,3,1,0,0,0,0,0,0,0,0,0,0
120778,4,1,0,0,0,0,0,0,0,0,0,0
120779,0,1,0,0,0,0,0,0,0,0,0,0
120779,1,1,0,0,0,0,0,0,0,0,0,0
120780,0,1,0,0,0,0,0,0,0,0,0,0
120780,1,1,0,0,0,14,0,0,0,0,0,0
120781,0,1,22,0,0,16,29,0,16,12,0,0
120781,1,1,0,0,0,0,0,0,0,0,0,0
120783,1,1,0,0,0,0,0,0,0,0,0,0
120784,0,1,0,0,0,0,0,0,0,0,0,0
120784,1,1,0,0,0,0,0,0,0,0,0,0
120785,0,1,0,0,0,0,0,0,0,25,0,0
120785,0,2,0,0,0,0,0,0,0,0,0,0
120785,2,1,0,0,0,0,0,0,0,0,0,0
120787,0,1,0,0,0,0,0,0,0,0,0,0
120787,0,2,0,0,0,0,0,0,0,0,0,0
120787,1,1,0,0,0,0,0,0,0,0,0,0
120788,0,1,30,12,14,37,16,24,8,32,25,23
120788,1,1,0,0,0,0,0,0,0,0,0,0
120789,1,1,11,11,11,11,11,11,11,11,11,11
120790,1,1,0,0,0,0,0,0,0,0,0,0
120791,1,1,22,22,22,22,22,22,22,22,22,22
120793,1,1,0,0,0,0,0,0,0,0,0,0
120793,2,1,0,12,0,0,0,0,0,0,0,0
120794,1,1,0,25,0,22,0,0,0,0,0,0
120795,1,1,24,0,0,0,0,0,0,0,0,21
120796,0,1,11,11,11,11,11,11,11,11,11,11
120796,1,1,11,0,0,0,0,0,0,0,0,0
120797,1,1,0,0,0,0,0,0,0,0,0,0
120798,1,1,10,10,10,10,10,10,10,10,10,10
120798,2,1,0,0,0,0,0,0,0,0,0,0
120799,0,1,0,0,0,0,0,0,0,0,0,0
120799,1,1,0,0,0,0,0,0,0,0,0,0
120800,1,1,10,0,5,0,0,0,8,0,0,0
120800,2,1,0,0,0,0,0,0,0,0,0,0
120801,0,1,3,10,8,0,0,16,0,23,0,22
120801,1,1,31,4,2,0,25,23,0,0,0,10
120802,1,1,0,0,0,0,0,10,0,0,0,0
120802,2,1,0,0,22,0,0,0,0,0,0,0
120803,0,1,0,0,0,29,0,14,14,9,56,28
120803,1,1,0,0,0,0,0,28,0,17,0,0
120804,1,1,37,37,37,37,37,37,37,37,37,37
120806,1,1,0,0,0,0,0,0,0,0,0,0
120806,2,1,0,0,0,0,0,0,0,0,0,0
120807,1,1,0,0,0,0,0,0,0,0,0,0
120807,2,1,0,0,0,0,0,0,0,0,0,0
120807,3,1,0,0,0,0,0,0,0,0,0,0
120807,4,1,0,0,0,0,0,0,0,0,0,0
120808,1,1,0,0,0,0,0,0,0,0,0,0
120808,2,1,0,0,0,0,0,0,0,0,0,0
120809,0,1,0,0,0,0,0,0,0,0,0,0
120809,0,2,0,0,0,0,0,0,14,0,0,0
120809,0,3,0,0,0,0,0,0,0,0,32,0