ST_CASE,VEH_NO,PER_NO,P1,P2,P3,P4,P5,P6,P7,P8,P9,P10
122324,0,1,0,18,0,0,0,0,0,0,0,0
122324,0,2,0,0,0,0,0,0,0,0,0,0
122324,1,1,0,0,0,0,0,0,0,0,0,0
122325,1,1,0,0,0,0,0,0,0,0,0,0
122326,1,1,0,0,0,0,0,0,0,0,0,0
122326,2,1,0,0,0,0,0,0,0,0,0,0
122327,0,1,0,0,0,0,0,0,0,0,0,0
122327,1,1,0,16,11,13,0,30,0,0,3,0
122328,0,1,0,0,0,0,0,0,0,0,0,0
122328,1,1,0,0,0,0,0,0,0,0,0,0
122329,1,1,0,0,0,0,0,0,0,0,0,0
122329,2,1,0,0,0,14,0,0,0,0,14,0
122329,3,1,0,0,0,0,0,0,0,0,0,0
122330,0,1,0,0,10,0,0,40,0,0,32,19
122330,1,1,0,0,0,26,0,0,0,0,0,0
122331,1,1,12,0,0,0,18,0,0,0,20,0
122331,2,1,0,0,0,0,8,0,0,0,0,0
122333,0,1,0,0,0,0,0,0,7,0,0,0
122333,1,1,0,0,0,0,0,0,0,0,0,0
122334,0,1,2,2,2,2,2,2,2,2,2,2
122334,1,1,0,0,0,18,6,8,0,0,0,0
122334,2,1,8,0,0,0,0,0,0,6,0,0
122335,1,1,0,0,0,0,0,0,0,0,0,0
122335,2,1,0,0,0,0,0,0,0,0,0,0
122336,1,1,7,7,7,7,7,7,7,7,7,7
122336,2,1,0,0,0,0,0,0,0,21,0,0
122337,1,1,0,0,0,0,0,0,0,0,0,32
122337,2,1,0,0,0,0,0,0,21,0,15,0
122337,3,1,0,0,0,0,0,0,0,0,0,0
122338,1,1,0,0,12,0,0,0,0,0,0,0
122339,1,1,0,0,0,0,0,0,0,9,0,0
122339,2,1,0,0,0,0,0,11,0,24,0,0
122340,1,1,0,0,8,0,0,16,0,0,0,0
122340,2,1,0,0,0,0,0,0,0,0,0,0
122341,0,1,0,0,0,0,0,0,0,0,0,0
122341,1,1,0,0,0,0,0,0,0,0,9,0
122342,0,1,0,10,0,0,0,0,32,0,0,18
122342,1,1,0,0,0,0,0,0,0,0,0,27
122343,1,1,0,0,0,34,0,0,0,0,10,0
122344,1,1,22,0,14,0,14,0,0,0,0,0
122345,1,1,0,0,20,18,15,0,0,0,0,20
122345,2,1,0,13,3,0,20,0,0,7,4,8
122346,1,1,17,17,17,17,17,17,17,17,17,17
122347,1,1,0,0,0,0,0,0,0,0,0,0
122349,1,1,2,2,2,2,2,2,2,2,2,2
122350,1,1,0,0,0,0,0,0,0,0,0,0
122350,2,1,0,0,0,0,0,0,0,0,0,0
122351,0,1,0,0,0,0,0,0,0,0,0,0
122351,1,1,0,0,0,0,0,0,0,0,0,0
122352,1,1,0,0,0,0,0,0,0,29,0,0
122352,2,1,0,0,0,0,0,0,0,0,0,0
122353,1,1,0,12,0,0,0,0,0,0,0,0
122353,2,1,0,0,0,0,20,0,0,0,0,0
122353,3,1,0,0,0,0,0,0,0,0,0,0
122354,1,1,0,0,0,0,0,0,0,0,0,0
122354,2,1,0,0,0,0,0,0,0,0,0,0
122355,0,1,34,20,19,22,17,5,12,0,45,21
122355,1,1,0,0,0,2,0,0,0,9,0,0
122357,1,1,18,18,18,18,18,18,18,18,18,18
122357,2,1,0,13,0,11,21,0,0,16,18,6
122358,1,1,0,0,0,0,0,0,0,0,0,0
122358,2,1,48,0,0,16,0,0,0,0,0,0
122359,1,1,13,13,13,13,13,13,13,13,13,13
122360,0,1,0,0,0,0,0,0,0,0,0,26
122360,1,1,0,8,24,0,0,0,0,0,0,0
122361,1,1,15,15,15,15,15,15,15,15,15,15
122361,2,1,0,0,0,0,0,0,0,0,0,0
122362,1,1,0,0,0,0,0,0,0,0,0,0
122362,2,1,0,0,0,0,0,0,0,0,0,0
122362,3,1,0,0,7,0,29,0,0,0,0,0
122363,1,1,0,0,0,0,0,0,0,0,0,0
122363,2,1,0,0,0,0,0,0,0,0,0,0
122364,1,1,0,0,9,0,0,0,0,0,17,0
122365,0,1,20,20,20,20,20,20,20,20,20,20
122365,1,1,12,0,0,11,0,0,0,3,7,12
122366,1,1,25,25,25,25,25,25,25,25,25,25
122367,1,1,0,0,0,0,0,0,0,0,0,0
122367,2,1,0,0,0,0,0,0,0,0,0,0
122368,0,1,0,0,0,0,0,0,0,0,0,0
122368,1,1,0,0,0,0,0,0,0,0,0,0
122369,1,1,2,0,0,0,0,29,0,0,0,0
122370,1,1,0,0,0,0,0,0,0,0,0,0
122370,2,1,0,0,0,0,0,0,0,0,0,0
122371,0,1,0,0,0,9,0,0,0,27,0,21
122371,1,1,0,11,0,0,0,0,0,0,0,0
122372,0,1,0,0,0,0,0,0,35,0,0,0
122372,1,1,0,0,0,0,0,0,0,0,0,0
122372,2,1,0,0,0,0,0,9,0,0,0,0
122373,1,1,0,0,0,0,0,23,0,0,0,0
122374,1,1,0,0,15,6,0,0,0,0,0,0
122375,1,1,0,0,0,0,0,0,0,0,0,0
122375,2,1,0,0,0,0,0,0,0,0,0,0
122376,0,1,0,0,20,0,10,25,20,0,0,0
122376,1,1,0,0,0,0,0,6,0,0,0,16
122376,2,1,0,0,0,0,0,0,0,0,0,0
122377,1,1,0,0,0,0,0,0,0,0,0,0
122377,2,1,0,0,0,0,0,0,0,0,0,0
122377,3,1,0,0,0,0,0,0,0,0,0,0
122377,4,1,0,0,0,0,0,0,0,0,0,0
122378,1,1,37,37,37,37,37,37,37,37,37,37
122378,2,1,0,0,0,0,0,0,0,0,0,0
122379,0,1,37,0,47,0,40,0,0,27,3,0
122379,1,1,0,0,0,0,0,0,0,0,0,0
122379,2,1,4,0,4,0,0,0,0,0,0,19
122380,1,1,20,20,20,20,20,20,20,20,20,20
122381,1,1,0,0,0,0,0,0,3,0,0,0
122381,2,1,0,0,0,0,0,0,0,0,0,0
122381,3,1,16,32,0,0,0,9,0,0,0,0
122382,0,1,22,22,22,22,22,22,22,22,22,22
122382,1,1,0,0,0,0,0,0,0,0,0,0
122383,1,1,0,0,0,0,0,0,0,0,0,0
122383,2,1,0,0,0,0,0,0,0,0,11,0
122384,1,1,0,0,0,0,0,0,0,0,0,0
122385,1,1,0,0,0,0,0,0,0,0,0,0
122385,3,1,0,0,0,0,0,0,0,0,0,0
122386,1,3,13,19,0,13,0,4,4,6,15,27
122387,1,1,0,0,0,0,0,0,0,0,0,0
122387,2,1,0,0,0,0,0,0,0,0,0,0
122388,1,1,10,10,10,10,10,10,10,10,10,10
122388,2,1,0,0,0,0,0,0,0,0,0,0
122389,1,1,0,0,0,0,0,0,0,0,0,0
122389,2,1,0,0,0,0,0,0,0,0,0,0
122390,0,1,0,0,0,0,0,0,0,0,0,0
122390,1,1,0,0,0,0,0,0,0,0,0,0
122391,1,1,0,0,0,0,0,0,0,0,0,0
122392,1,1,0,0,0,0,0,0,0,0,0,0
122392,2,1,6,6,6,6,6,6,6,6,6,6
122392,3,1,0,0,6,0,0,0,0,0,0,0
122393,0,1,25,25,25,25,25,25,25,25,25,25
122393,1,1,0,0,0,0,0,0,0,0,0,0
122394,1,1,8,8,8,8,8,8,8,8,8,8
122394,2,1,0,0,0,0,0,0,0,0,0,0
122395,1,1,21,21,21,21,21,21,21,21,21,21
122396,1,1,0,0,0,0,0,0,0,0,0,0
122396,2,1,0,0,0,0,0,0,0,0,0,0
122397,1,1,0,0,0,0,0,0,0,0,0,0
122397,2,1,0,0,0,0,0,0,0,0,0,0
122399,0,1,26,23,0,10,0,0,0,0,11,33
122399,1,1,0,20,12,0,7,0,0,0,0,10
122400,1,1,0,0,0,0,0,0,0,0,0,0
122400,2,1,16,0,0,0,0,0,0,11,0,0
122401,0,1,22,24,43,30,7,11,7,17,33,10
122401,1,1,0,0,0,0,0,0,0,0,0,0
122402,1,1,7,31,15,0,0,21,3,18,36,28
122403,0,1,8,0,0,0,20,0,0,0,15,0
122403,1,1,12,0,0,0,0,0,0,0,0,13
122404,1,1,0,0,0,0,0,0,0,0,0,0
122404,2,1,0,0,0,0,0,0,0,0,0,0
122405,1,1,0,0,0,0,0,0,0,0,0,0
122406,1,1,0,0,0,0,0,0,0,0,0,0
122406,2,1,0,0,0,0,0,0,0,0,0,0
122407,1,1,24,24,24,24,24,24,24,24,24,24
122408,0,1,0,0,0,13,39,21,0,0,17,0
122408,1,1,0,0,0,0,0,13,0,0,0,0
122409,0,1,0,0,0,0,0,0,0,0,0,0
122409,1,1,0,0,0,0,0,23,0,0,0,0
122410,1,1,0,0,0,0,0,0,0,0,0,0
122411,1,1,17,17,17,17,17,17,17,17,17,17
122412,1,1,0,0,0,0,0,0,0,0,9,0
122413,1,1,11,11,11,11,11,11,11,11,11,11
122414,1,1,0,0,0,0,0,0,0,0,0,0
122414,2,1,0,0,0,0,0,0,0,0,0,0
122415,1,1,0,0,0,0,0,0,0,0,0,0
122415,2,1,0,0,0,0,0,0,0,0,0,0
122415,3,1,0,0,0,0,0,18,0,0,0,0
122416,0,1,0,0,30,0,0,0,0,18,0,0
122416,1,1,0,0,0,0,0,0,0,0,24,0
122416,2,1,0,0,0,0,0,0,0,0,0,0
122416,3,1,0,0,0,0,0,0,0,0,0,0
122417,1,1,0,0,0,0,0,0,0,0,3,26
122418,1,1,0,0,0,0,0,0,0,0,0,0
122418,2,1,0,0,0,0,0,0,0,0,0,0
122419,1,1,0,0,0,0,0,0,0,0,0,0
122419,2,1,0,0,0,11,0,0,0,0,0,0
122420,0,1,0,0,0,0,0,0,0,0,0,0
122420,1,1,0,0,0,0,0,0,0,0,0,0
122421,1,1,5,8,0,0,14,28,0,0,22,42
122421,2,1,0,0,0,0,0,0,0,0,0,0
122422,1,1,0,0,0,0,0,0,0,0,0,0
122422,2,1,0,16,0,0,0,0,19,0,0,0
122423,0,1,0,0,0,0,0,0,0,0,0,0
122423,1,1,0,11,0,0,0,0,7,8,11,0
122423,2,1,0,0,0,0,0,0,0,0,0,0
122424,1,1,0,0,0,0,0,0,0,0,0,0
122424,2,1,0,0,0,0,0,0,0,0,0,0
122425,0,1,35,35,35,35,35,35,35,35,35,35
122425,1,1,0,0,0,0,0,0,0,0,0,0
122426,1,1,0,0,0,0,0,0,0,0,0,0
122426,2,1,0,0,0,0,0,0,0,0,0,0
122427,1,1,0,0,0,17,0,0,0,0,11,5
122428,1,1,0,0,0,0,0,0,0,0,25,0
122429,1,1,13,20,31,19,12,14,15,14,6,11
122430,0,1,4,4,4,4,4,4,4,4,4,4
122430,1,1,0,0,0,0,0,0,0,0,0,11
122431,0,1,0,0,0,0,0,23,0,0,0,0
122431,1,1,0,0,0,11,0,0,0,0,0,0
122432,1,1,0,0,0,0,0,0,0,0,0,0
122432,2,1,2,0,0,0,0,4,0,0,0,0
122433,0,1,0,0,0,0,0,0,0,0,0,0
122433,1,1,0,0,0,0,0,0,0,0,0,0
122434,1,1,3,3,3,3,3,3,3,3,3,3
122434,2,1,0,0,0,0,0,0,0,0,28,19
122434,3,1,8,8,8,8,8,8,8,8,8,8
122435,1,1,36,36,36,36,36,36,36,36,36,36
122437,0,1,11,9,6,46,8,17,14,23,0,20
122437,1,1,0,0,0,0,0,0,13,0,0,0
122439,1,1,0,0,0,0,0,0,15,0,0,0
122439,2,1,0,0,0,0,0,0,0,0,0,0
122440,0,1,0,0,0,0,0,0,0,0,0,0
122440,1,1,0,0,0,0,0,0,0,0,0,0
122441,1,1,0,0,0,0,0,0,0,0,0,10
122441,2,1,0,0,0,0,0,0,0,0,0,0
122442,1,1,22,22,22,22,22,22,22,22,22,22
122443,1,1,0,0,0,0,0,0,0,0,0,0
122443,2,1,0,0,0,0,0,0,0,0,0,0
122443,3,1,0,0,0,0,0,0,0,0,0,0
122444,0,1,0,4,0,10,8,0,0,0,14,0
122444,1,1,17,0,0,0,6,0,0,20,0,12
122445,1,1,0,0,0,0,0,0,0,0,0,0
122447,1,1,0,16,0,0,0,0,0,0,0,0
122447,2,1,0,0,0,0,0,0,0,0,0,0
122448,0,1,0,0,0,0,0,0,0,0,0,0
122448,0,2,0,0,0,0,0,0,0,0,0,0
122448,0,3,0,0,11,0,0,0,0,0,16,0
122448,2,1,0,0,0,0,0,17,0,0,0,0
122449,1,1,0,0,0,0,0,0,13,0,0,0
122449,2,1,19,19,19,19,19,19,19,19,19,19
122450,1,1,18,0,0,0,0,0,0,0,0,0
122450,2,1,0,0,0,0,0,0,0,0,0,0
122451,0,1,27,27,27,27,27,27,27,27,27,27
122451,1,1,11,0,0,0,0,0,0,0,0,0
122452,1,1,14,23,10,11,0,0,0,11,30,32
122453,1,1,9,9,9,9,9,9,9,9,9,9
122454,1,1,0,0,0,0,0,0,0,0,0,0
122454,2,1,0,0,0,0,0,0,0,0,0,0
122454,3,1,0,0,0,0,0,0,0,0,0,0
122455,1,1,0,0,0,0,0,0,0,0,0,0
122455,2,1,0,0,0,0,0,0,13,0,0,0
122456,1,1,0,0,6,0,0,0,0,0,0,0
122457,1,1,0,0,0,0,0,0,0,0,0,0
122457,2,1,0,0,0,0,0,0,0,0,0,0
122459,1,1,0,0,0,0,0,0,0,0,0,0
122459,2,1,5,17,0,0,0,0,0,0,0,0
122460,1,1,18,18,18,18,18,18,18,18,18,18
122461,0,1,0,0,0,0,0,13,0,0,0,0
122461,1,1,0,0,0,0,0,0,0,0,0,0
122462,1,1,0,0,0,0,0,0,0,0,0,0
122462,2,1,0,0,0,0,0,0,0,0,0,0
122463,1,1,0,0,0,0,0,0,0,0,0,0
122464,1,1,6,15,17,28,24,24,23,16,18,20
122464,2,1,21,0,0,0,0,19,0,18,0,0
122464,3,1,12,0,0,17,0,0,0,0,0,0
122465,1,1,0,0,0,0,0,0,0,0,0,0
122466,1,1,0,0,0,0,0,0,0,0,0,0
122467,1,1,0,0,0,0,0,0,0,0,0,0
122467,2,1,0,0,0,0,0,0,0,0,0,0
122467,3,1,0,0,0,0,0,0,0,0,0,0
122468,0,1,2,2,2,2,2,2,2,2,2,2
122468,1,1,0,0,0,0,0,0,0,0,0,0
122469,0,1,21,21,21,21,21,21,21,21,21,21
122469,1,1,0,0,0,0,0,0,0,0,0,0
122470,1,1,0,0,0,0,0,18,0,0,0,0
122470,2,1,0,0,0,13,0,0,0,0,0,0
122470,3,1,0,0,0,0,0,0,0,0,0,0
122470,4,1,0,0,0,0,0,0,0,0,0,0
122471,0,1,0,0,24,0,0,0,0,14,0,0
122471,1,1,0,0,0,0,0,0,0,0,0,0
122472,1,1,17,17,17,17,17,17,17,17,17,17
122473,0,1,0,0,0,0,0,0,0,0,0,0
122473,1,1,0,15,28,5,5,17,0,0,0,10
122474,1,1,0,0,0,0,0,0,0,0,0,0
122474,2,1,0,0,0,0,0,0,0,0,0,0
122475,0,1,17,17,17,17,17,17,17,17,17,17
122475,1,1,0,0,0,0,0,0,0,16,0,0
122476,1,1,0,22,13,0,0,4,0,25,0,8
122476,2,1,0,0,0,0,0,0,0,0,0,0
122477,1,1,0,0,0,0,2,0,0,8,0,20
122479,1,1,0,0,0,0,0,0,0,0,0,0
122480,1,1,12,0,12,23,25,21,0,19,18,25
122480,2,1,21,0,0,0,0,15,0,0,0,0
122481,1,1,7,6,9,14,15,10,0,0,0,0
122482,1,1,5,5,5,5,5,5,5,5,5,5
122483,1,1,25,25,25,25,25,25,25,25,25,25
122483,2,1,14,15,0,5,0,0,0,0,0,0
122484,1,1,21,21,21,21,21,21,21,21,21,21
122484,2,1,0,0,0,0,0,0,11,0,0,0
122485,1,1,4,4,4,4,4,4,4,4,4,4
122486,1,1,0,0,0,0,0,0,0,6,35,15
122486,2,1,0,0,0,0,0,0,0,0,0,9
122487,0,1,0,37,0,0,6,0,33,0,0,0
122487,1,1,0,0,0,0,0,0,0,0,0,0
122487,2,1,0,0,0,0,0,0,0,18,0,0
122488,1,1,0,0,0,0,0,0,0,0,0,0
122488,2,1,0,0,0,0,0,0,0,0,0,0
122489,1,1,0,0,0,0,0,0,0,0,0,0
122489,2,1,0,0,0,0,0,0,0,0,0,0
122490,1,1,0,0,0,0,0,0,0,0,0,0
122490,2,1,0,0,0,0,0,0,0,0,0,0
122491,0,1,0,0,0,0,0,0,0,0,0,0
122491,1,1,0,0,0,0,0,0,0,0,0,0
122492,1,1,0,0,0,0,0,0,0,0,0,0
122492,2,1,0,0,0,0,0,0,0,0,0,0
122493,0,1,1,1,1,1,1,1,1,1,1,1
122493,1,1,0,0,0,0,0,0,0,0,0,0
122494,0,1,36,36,36,36,36,36,36,36,36,36
122494,1,1,0,10,0,19,18,0,0,0,0,0
122495,1,1,0,0,0,0,0,0,0,0,0,0
122496,1,1,3,3,3,3,3,3,3,3,3,3
122496,2,1,0,0,0,0,0,0,0,0,0,0
122497,1,1,0,0,0,0,28,0,0,0,0,0
122497,2,1,0,0,0,0,0,0,0,0,0,0
122497,3,1,0,0,0,0,0,0,0,0,0,0
122498,1,1,10,0,0,0,0,0,45,0,0,0
122498,2,1,0,0,0,0,0,0,0,0,0,0
122499,1,1,6,6,6,6,6,6,6,6,6,6
122499,2,1,0,3,0,0,0,0,0,0,0,0
122500,1,1,24,0,0,0,0,0,0,0,0,0
122500,2,1,0,0,0,0,0,15,0,0,0,0
122500,3,1,0,0,0,0,0,0,0,0,0,0
122501,0,1,0,0,0,0,12,0,31,0,0,0
122501,1,1,11,0,0,0,0,0,0,0,4,13
122502,0,1,0,0,15,18,0,8,0,0,16,0
122502,1,1,0,0,0,0,0,0,0,0,15,0
122503,1,1,0,0,0,23,0,0,24,0,0,0
122503,2,1,0,0,0,0,0,0,0,0,0,0
122504,0,1,0,0,0,0,0,0,0,0,0,0
122504,1,1,0,0,0,0,0,0,0,0,0,0
122506,1,1,0,0,0,0,0,0,0,0,0,0
122507,1,1,0,0,40,19,13,0,0,0,0,14
122508,0,1,0,0,0,0,0,0,0,0,0,0
122508,1,1,0,0,0,0,0,22,0,0,0,0
122509,1,1,10,0,0,0,0,0,0,0,0,0
122509,2,1,0,0,0,0,0,0,0,0,0,0
122509,3,1,0,0,0,0,6,0,0,0,0,0
122510,1,1,19,19,19,19,19,19,19,19,19,19
122510,2,1,0,0,0,27,0,0,0,0,0,0
122511,1,1,0,0,0,0,0,28,0,0,0,0
122511,2,1,0,0,0,0,0,0,0,0,12,0
122512,1,1,0,0,0,0,0,0,0,0,0,0
122512,2,1,0,0,0,0,0,0,0,0,0,0
122513,1,1,0,0,0,0,0,0,0,0,0,0
122513,2,1,0,0,0,0,0,26,0,0,0,0
122513,3,1,0,0,0,0,26,0,0,0,0,0
122513,4,1,0,0,0,0,0,0,0,0,0,0
122514,1,1,0,24,0,0,0,12,0,0,0,10
122514,2,1,0,0,0,0,0,0,0,0,0,0
122515,1,1,0,0,0,0,0,0,0,0,0,0
122515,2,1,0,0,0,0,0,0,0,0,0,0
122516,0,1,27,30,0,0,0,0,0,0,0,0
122516,1,1,0,0,0,0,0,0,0,0,0,18
122517,0,1,25,5,0,0,15,16,17,18,23,44
122517,1,1,17,0,0,0,0,0,0,0,0,0
122518,1,1,0,0,0,0,0,0,0,0,0,0
122518,2,1,0,0,0,0,0,0,0,0,14,0
122519,0,1,22,22,28,12,20,19,19,22,35,34
122519,1,1,0,0,0,0,0,0,0,0,0,0
122520,0,1,34,34,34,34,34,34,34,34,34,34
122520,1,1,0,0,0,0,0,0,0,0,0,0
122521,1,1,2,2,2,2,2,2,2,2,2,2
122521,2,1,0,0,0,0,0,0,0,0,0,0
122522,1,1,0,21,26,0,0,11,13,26,0,6
122523,1,1,24,9,3,4,8,16,8,17,16,7
122523,2,1,0,8,19,12,0,13,25,15,0,0
122524,1,1,15,15,15,15,15,15,15,15,15,15
122525,1,1,2,2,2,2,2,2,2,2,2,2
122525,2,1,0,0,0,0,0,0,0,0,0,0
122526,1,1,0,0,19,0,0,0,0,43,0,0
122526,2,1,0,7,0,25,0,0,0,0,0,0
122527,1,1,0,0,14,20,19,0,0,15,0,15
122528,1,1,25,0,0,10,0,0,0,23,0,22
122528,2,1,9,0,9,3,0,8,0,0,0,15
122529,1,1,0,0,0,0,0,0,0,0,0,0
122529,2,1,0,0,0,0,0,0,0,19,0,0
122530,0,1,3,3,3,3,3,3,3,3,3,3
122530,1,1,0,0,0,0,0,0,0,0,0,0
122531,1,1,0,0,0,0,0,28,0,0,0,0
122531,2,1,0,0,0,0,0,0,0,0,0,0
122532,0,1,0,0,0,0,0,0,0,0,0,0
122532,1,1,0,0,0,0,0,0,0,0,0,0
122533,0,1,0,0,0,0,0,0,0,0,0,0
122533,1,1,0,0,0,0,0,0,0,0,0,0
122534,0,1,20,20,20,20,20,20,20,20,20,20
122534,1,1,0,0,0,0,0,0,0,0,0,0
122535,1,1,20,20,20,20,20,20,20,20,20,20
122536,1,1,0,0,0,0,0,0,0,0,0,0
122536,2,1,0,0,0,0,0,0,0,0,0,19
122536,3,1,0,0,0,0,0,0,0,0,0,0
122536,4,1,0,0,0,0,0,0,0,0,0,0
122537,1,1,0,0,10,0,0,0,0,0,0,0
122537,2,1,9,11,4,22,0,12,6,4,23,8
122538,0,1,0,0,0,0,0,0,0,0,0,0
122538,1,1,0,0,0,0,0,0,0,0,0,0
122539,1,1,0,0,0,0,0,0,0,0,0,0
122539,2,1,0,0,0,0,13,0,0,0,0,0
122539,3,1,0,0,0,0,0,0,0,0,0,0
122540,1,1,0,0,0,0,0,0,0,0,0,0
122541,1,1,0,0,0,0,0,0,0,0,0,0
122541,2,1,0,0,0,0,0,0,0,0,0,0
122542,1,1,8,8,8,8,8,8,8,8,8,8
122543,1,1,0,0,0,0,0,0,0,0,0,0
122543,2,1,0,0,0,0,0,0,0,0,0,0
122544,1,1,0,0,0,0,0,0,0,0,0,0
122544,2,1,0,0,0,0,0,0,0,0,0,0
122545,1,1,0,0,0,0,0,0,0,0,0,0
122546,1,1,27,27,27,27,27,27,27,27,27,27
122546,2,1,0,0,0,0,0,0,0,0,0,0
122547,1,1,0,0,30,0,0,0,0,0,0,0
122547,2,1,0,0,0,0,0,0,0,0,0,0
122548,1,1,0,0,0,0,0,0,0,0,0,0
122549,0,1,0,0,0,0,0,0,0,0,0,0
122549,1,1,0,0,0,0,0,0,0,0,0,0
122550,1,1,0,0,0,0,0,0,0,0,0,0
122550,2,1,0,0,0,0,0,0,0,0,0,0
122550,3,1,0,0,0,0,0,0,34,0,0,0
122551,1,1,0,0,0,0,0,0,0,0,0,0
122551,2,1,0,0,0,0,0,0,0,0,0,0
122552,1,1,0,0,0,0,0,0,0,0,0,0
122553,0,1,1,1,1,1,1,1,1,1,1,1
122553,1,1,0,0,0,0,0,0,0,0,0,0
122553,2,1,0,0,0,0,0,0,0,0,0,0
122554,1,1,0,0,0,0,0,0,0,0,0,0
122555,1,1,14,0,20,24,0,23,0,14,0,15
122556,1,1,9,19,17,11,6,15,19,15,10,0
122556,2,1,0,0,0,0,0,0,0,0,0,0
122557,1,1,17,17,17,17,17,17,17,17,17,17
122558,0,1,0,0,0,0,0,0,0,0,0,0
122558,1,1,0,0,0,0,0,0,0,0,0,0
122559,1,1,0,0,0,0,0,0,0,0,0,0
122559,2,1,0,0,16,0,13,17,0,22,0,11
122560,0,1,0,0,0,0,0,0,0,0,0,0
122560,1,1,0,0,0,0,0,0,10,0,0,0
122561,0,1,34,0,21,0,0,0,49,0,0,0
122561,1,1,0,21,6,21,10,0,0,0,0,36
122562,1,1,0,0,21,0,0,0,0,0,0,0
122562,2,1,0,0,0,0,0,0,0,0,0,0
122562,3,1,0,0,0,0,0,0,0,0,0,0
122563,1,1,0,0,0,0,0,24,0,13,24,0
122564,1,1,0,0,0,13,0,0,0,0,0,13
122566,1,1,0,0,0,0,0,0,0,0,19,7
122566,2,1,0,15,0,0,0,0,0,6,0,16
122567,0,1,22,22,22,22,22,22,22,22,22,22
122567,1,1,19,12,9,17,13,9,22,0,6,23
122568,1,1,24,0,14,15,11,11,9,33,17,24
122569,1,1,20,20,20,20,20,20,20,20,20,20
122570,0,1,20,0,0,0,0,10,0,0,0,0
122570,1,1,0,0,0,0,0,0,0,0,0,0
122572,0,1,0,0,0,0,0,0,0,0,0,0
122572,1,1,0,21,7,0,0,0,16,6,0,0
122572,2,1,0,0,0,0,0,0,0,35,0,0
122572,3,1,0,2,0,0,0,0,0,0,0,0
122573,1,1,0,0,0,0,0,0,0,0,0,0
122573,2,1,0,0,0,0,0,0,26,0,0,0
122574,1,1,16,16,16,16,16,16,16,16,16,16
122575,1,1,0,0,0,0,0,0,0,0,0,0
122575,2,1,0,0,0,0,0,0,0,0,0,0
122575,3,1,0,0,0,0,0,0,0,0,0,0
122575,4,1,0,0,0,0,0,0,0,0,0,0
122576,1,1,0,0,22,0,0,0,0,0,0,16
122576,2,1,0,0,0,0,0,0,0,0,0,0
122577,0,1,16,16,16,16,16,16,16,16,16,16
122577,1,1,0,0,0,0,0,0,0,0,0,0
122578,0,1,0,0,0,0,0,15,0,0,0,4
122578,1,1,0,0,0,0,0,0,0,0,0,0
122579,1,1,0,0,0,0,0,0,0,0,0,0
122579,2,1,0,0,0,0,0,0,0,0,0,0
122580,1,1,9,23,18,5,0,15,0,15,0,0
122581,1,1,5,5,5,5,5,5,5,5,5,5
122582,0,1,0,0,0,0,0,0,0,0,0,0
122582,1,1,0,0,0,0,0,25,14,0,0,0
122583,1,1,15,15,15,15,15,15,15,15,15,15
122584,1,1,0,0,0,11,0,0,0,0,0,9
122585,1,1,0,0,0,0,0,0,0,0,0,0
122585,2,1,0,0,0,0,0,0,0,0,0,0
122586,0,1,0,0,0,0,0,0,0,0,0,0
122586,1,1,0,0,0,0,0,0,0,0,0,0
122587,0,1,0,0,0,0,0,0,0,0,0,0
122587,1,1,0,0,0,0,0,0,0,0,25,0
122588,1,1,0,3,11,4,0,0,8,22,6,0
122588,2,1,0,6,0,22,0,0,0,0,23,16
122589,1,1,0,0,0,0,0,0,0,0,0,0
122589,2,1,0,0,0,0,0,0,0,0,0,0
122589,3,1,0,0,0,0,0,0,0,0,0,0
122590,1,1,0,0,0,0,0,0,0,0,0,0
122590,2,1,0,0,0,0,0,0,0,0,0,0
122591,1,1,0,0,0,0,0,0,0,0,20,0
122591,2,1,0,0,0,0,0,0,0,0,0,0
122592,0,1,0,0,0,0,0,6,0,0,0,0
122592,1,1,0,0,0,0,0,0,0,0,0,0
122593,1,1,21,21,21,21,21,21,21,21,21,21
122593,2,1,0,0,0,0,0,0,0,0,0,0
122594,1,1,0,0,0,0,0,0,0,0,0,0
122595,1,1,0,0,0,0,0,0,0,0,0,0
122597,0,1,0,0,0,0,41,0,0,0,0,0
122597,1,1,0,0,0,0,0,0,0,0,0,0
122597,2,1,0,5,11,0,4,0,15,8,0,12
122598,1,1,17,17,17,17,17,17,17,17,17,17
122598,2,1,0,0,0,0,0,0,0,0,0,0
122599,1,1,0,0,0,0,0,0,0,0,0,0
122599,2,1,0,0,0,0,0,0,0,0,0,0
122600,1,1,2,2,2,2,2,2,2,2,2,2
122600,2,1,0,7,0,0,0,0,0,0,0,7
122601,0,1,10,0,10,17,25,26,46,0,0,24
122601,1,1,0,0,0,0,0,0,0,0,0,0
122602,1,1,0,0,0,0,0,0,0,0,26,0
122603,1,1,0,0,0,0,0,0,0,0,0,0
122604,0,1,0,0,0,0,0,0,0,0,0,0
122604,1,1,0,0,0,0,0,0,0,0,0,0
122605,1,1,0,0,0,0,0,0,0,0,0,0
122606,1,1,0,0,0,0,0,0,0,0,0,0
122606,2,1,0,0,0,0,0,0,0,0,0,0
122606,3,1,0,0,0,0,0,0,0,0,0,0
122607,1,1,13,31,0,23,0,0,23,0,0,0
122608,1,1,0,0,0,0,0,0,0,0,0,0
122608,2,1,0,0,0,0,0,0,0,0,0,0
122609,1,1,15,0,0,0,0,0,46,0,21,14