ST_CASE,VEH_NO,PER_NO,P1,P2,P3,P4,P5,P6,P7,P8,P9,P10
122610,1,1,13,0,0,0,21,0,0,0,0,10
122611,0,1,21,0,0,0,0,0,14,0,29,7
122611,1,1,0,28,0,0,0,0,0,0,0,0
122612,0,1,18,45,0,0,0,21,10,26,0,21
122612,1,1,0,0,0,19,0,0,0,0,0,16
122613,0,1,0,0,0,0,0,0,0,0,0,0
122613,1,1,0,0,11,0,0,0,0,0,0,0
122613,2,1,0,0,0,0,0,0,0,0,0,0
122614,1,1,22,22,22,22,22,22,22,22,22,22
122614,2,1,0,0,0,0,0,0,0,0,7,0
122614,3,1,0,0,0,0,0,0,6,0,14,0
122615,0,1,0,0,0,0,0,0,0,0,0,0
122615,1,1,0,0,0,0,0,0,0,0,0,0
122616,0,1,26,26,26,26,26,26,26,26,26,26
122616,1,1,0,0,0,0,0,0,0,0,0,0
122617,0,1,31,0,0,0,0,0,0,0,0,0
122617,1,1,0,0,0,0,0,0,0,0,0,0
122618,0,1,0,37,0,40,0,0,0,0,0,47
122618,1,1,0,0,0,0,15,0,0,0,0,17
122619,1,1,17,8,23,19,0,0,0,0,0,0
122620,1,1,0,0,0,0,18,16,16,4,9,0
122621,0,1,0,13,0,0,19,0,23,16,0,0
122621,1,1,0,0,0,0,11,0,0,0,0,0
122622,0,1,0,0,0,0,0,0,0,0,0,0
122622,1,1,0,0,0,0,0,0,0,0,0,0
122623,1,1,15,15,15,15,15,15,15,15,15,15
122624,1,1,0,0,0,0,0,0,0,0,0,0
122625,1,1,0,0,0,0,22,0,0,11,0,0
122626,1,1,16,11,0,0,0,0,24,0,0,0
122627,0,1,4,4,4,4,4,4,4,4,4,4
122627,1,1,0,0,0,0,0,0,0,0,0,0
122629,1,1,1,1,1,1,1,1,1,1,1,1
122630,1,1,0,0,0,0,0,0,0,0,0,0
122631,1,1,0,0,0,0,0,0,0,0,0,0
122631,2,1,0,0,0,0,0,0,0,0,0,0
122632,1,1,0,0,0,0,0,0,0,0,0,0
122632,2,1,0,0,0,0,0,0,0,0,0,0
122633,1,1,0,0,0,0,0,0,0,0,0,0
122633,2,1,0,0,0,0,0,0,0,0,0,0
122634,0,1,0,20,0,0,0,0,0,21,0,0
122634,1,1,0,0,0,0,0,0,0,0,23,17
122635,0,1,0,0,0,0,24,23,9,0,18,0
122635,1,1,0,0,0,0,0,0,0,0,0,0
122636,0,1,33,33,33,33,33,33,33,33,33,33
122636,1,1,0,0,0,0,0,0,0,0,0,0
122637,1,1,0,0,0,0,0,0,0,0,0,0
122637,2,1,17,0,0,0,0,40,5,0,0,11
122638,1,1,0,0,0,0,0,0,0,0,0,0
122638,2,1,0,0,0,0,0,2,0,0,0,0
122638,3,1,0,0,0,0,0,0,0,0,0,0
122639,1,1,0,0,0,0,0,0,0,0,0,0
122639,2,1,0,0,0,0,0,0,0,0,29,0
122640,0,1,0,0,7,0,0,0,0,20,4,0
122640,1,1,0,0,0,0,0,0,0,0,0,0
122641,0,1,0,0,0,21,0,0,0,0,0,0
122641,1,1,0,0,0,0,0,0,0,0,0,0
122642,1,1,0,0,0,0,0,18,0,0,0,0
122642,2,1,0,0,0,0,0,0,0,0,0,0
122643,1,1,0,0,0,0,0,44,12,0,0,0
122643,2,1,0,0,0,0,0,0,0,0,0,0
122644,0,1,14,15,0,0,0,0,0,0,0,7
122644,1,1,15,0,0,0,0,0,22,0,0,0
122645,1,1,10,10,10,10,10,10,10,10,10,10
122646,1,1,0,0,0,0,0,0,0,0,0,17
122646,2,1,0,0,18,0,0,0,0,0,8,0
122647,1,1,0,0,0,0,0,0,0,0,0,0
122647,2,1,0,0,0,0,0,0,0,0,0,0
122648,1,1,21,21,21,21,21,21,21,21,21,21
122649,1,1,0,0,0,0,0,0,0,0,0,0
122649,2,1,0,0,0,0,0,0,0,12,0,0
122650,1,1,19,19,19,19,19,19,19,19,19,19
122651,1,1,0,0,0,0,0,0,0,0,0,0
122651,2,1,0,0,0,0,0,0,0,0,0,0
122652,1,1,0,0,0,0,0,0,0,0,0,0
122652,2,1,0,0,0,0,0,0,0,0,0,0
122653,0,1,0,0,0,0,0,0,0,0,0,0
122653,1,1,0,0,0,0,0,0,0,0,0,0
122654,1,1,21,21,21,21,21,21,21,21,21,21
122654,2,1,0,0,0,0,0,0,0,0,0,0
122655,1,1,0,0,0,0,0,0,0,0,0,0
122655,2,1,0,0,0,0,0,0,0,0,0,0
122656,1,1,0,0,0,0,0,0,0,0,0,0
122656,2,1,0,0,21,0,0,0,0,0,0,0
122657,0,1,0,17,0,0,0,0,29,0,0,0
122657,1,1,0,0,0,0,0,0,11,0,0,0
122658,0,1,0,0,0,0,11,0,0,9,0,19
122658,1,1,0,0,0,0,0,0,0,0,0,0
122659,1,1,16,16,16,16,16,16,16,16,16,16
122660,1,1,26,26,26,26,26,26,26,26,26,26
122661,1,1,0,12,0,0,0,0,0,0,0,0
122662,1,1,0,0,0,0,0,0,0,0,0,0
122662,2,1,0,0,0,0,0,0,0,0,0,0
122663,0,1,0,0,0,0,0,0,0,0,0,0
122663,1,1,0,0,0,0,0,0,0,23,0,0
122664,0,1,17,17,17,17,17,17,17,17,17,17
122664,1,1,0,0,0,0,0,0,0,0,0,0
122665,0,1,0,0,0,25,0,0,0,0,0,0
122665,1,1,0,0,0,0,0,0,0,0,0,0
122666,0,1,0,13,0,0,27,11,40,10,0,0
122666,1,1,0,0,0,0,0,0,0,0,0,0
122667,1,1,21,21,21,21,21,21,21,21,21,21
122668,1,1,0,0,0,0,0,0,0,0,0,0
122669,1,1,0,0,0,0,0,0,0,0,0,0
122669,2,1,0,0,0,0,0,0,0,0,0,0
122670,1,1,0,0,0,0,0,0,0,0,0,0
122670,2,1,0,0,0,0,11,0,0,0,0,0
122671,1,1,0,0,0,0,0,0,0,0,7,0
122671,2,1,0,0,0,0,0,0,0,0,0,0
122672,1,1,17,5,7,18,27,19,28,22,10,8
122673,0,1,0,0,0,0,0,0,0,0,0,0
122673,1,1,0,0,0,13,0,0,0,0,0,0
122675,1,1,0,0,0,0,0,0,0,17,0,0
122675,2,1,0,0,0,0,0,0,0,0,0,0
122676,1,1,29,29,29,29,29,29,29,29,29,29
122677,1,1,8,10,11,6,42,11,13,11,18,10
122678,1,1,17,17,17,17,17,17,17,17,17,17
122678,2,1,0,0,0,0,0,0,0,0,0,0
122680,0,1,0,0,0,16,11,29,0,0,6,0
122680,1,1,0,0,14,0,0,0,0,0,0,0
122681,1,1,10,18,0,2,22,20,0,0,0,0
122681,2,1,0,3,0,0,0,0,0,0,0,0
122682,1,1,0,0,0,0,0,0,0,0,0,0
122682,2,1,0,0,0,22,0,0,0,0,0,0
122683,1,1,0,31,0,0,0,0,0,0,0,0
122683,2,1,0,0,11,9,22,0,8,0,8,0
122685,0,1,26,26,26,26,26,26,26,26,26,26
122685,1,1,0,0,0,0,0,0,0,0,0,0
122686,1,1,0,0,0,0,0,0,0,0,0,0
122686,2,1,0,0,0,0,0,0,0,0,0,0
122687,1,1,0,0,0,0,0,0,0,0,0,0
122688,1,1,0,11,35,20,14,26,0,0,0,0
122689,0,1,0,0,0,0,0,33,10,0,0,8
122689,1,1,0,0,0,0,0,23,0,0,10,0
122690,1,1,0,0,0,0,24,0,0,0,0,0
122691,1,1,0,0,0,0,0,0,0,0,0,0
122691,2,1,0,0,0,0,0,0,0,0,0,0
122691,3,1,0,0,0,0,0,0,0,0,0,0
122691,4,1,0,0,0,0,0,0,0,0,0,0
122693,1,1,13,13,13,13,13,13,13,13,13,13
122693,2,1,0,0,0,0,0,0,0,0,0,0
122696,1,1,0,0,0,0,0,0,0,0,0,16
122696,2,1,0,0,0,0,0,0,0,0,0,0
122697,0,1,0,0,0,0,0,0,26,0,0,0
122697,1,1,0,0,0,0,34,0,0,0,0,0
122698,1,1,0,0,22,0,0,0,0,0,0,0
122698,2,1,0,0,0,0,0,0,0,0,0,0
122699,1,1,0,0,0,0,0,0,0,0,0,0
122700,0,1,0,0,0,0,0,12,0,0,0,0
122700,1,1,0,0,0,0,0,0,0,0,0,0
122701,0,1,20,20,20,20,20,20,20,20,20,20
122701,1,1,14,0,0,0,13,0,0,15,0,0
122702,0,1,0,23,0,0,0,7,0,0,0,0
122702,1,1,0,0,0,0,9,0,0,0,0,0
122703,1,1,0,0,0,0,0,0,0,0,0,0
122704,1,1,0,0,0,0,0,0,0,0,0,0
122705,1,1,11,11,11,11,11,11,11,11,11,11
122705,2,1,0,0,0,0,0,0,0,0,0,0
122707,1,1,0,0,0,0,0,0,0,0,0,0
122707,2,1,0,0,0,0,0,0,0,0,0,0
122708,1,1,24,24,24,24,24,24,24,24,24,24
122708,2,1,30,0,0,0,0,0,0,0,0,0
122708,3,1,0,0,0,0,0,0,0,0,0,0
122709,0,1,0,27,0,8,0,0,0,0,0,0
122709,1,1,0,0,0,0,0,0,0,0,0,0
122710,1,1,0,0,0,0,0,0,0,0,0,0
122710,2,1,0,0,0,0,0,0,0,0,0,0
122711,0,1,0,0,0,0,0,0,0,0,0,0
122711,1,1,0,0,0,0,0,0,0,0,0,0
122712,0,1,31,31,31,31,31,31,31,31,31,31
122712,1,1,0,0,0,0,0,0,0,0,0,0
122712,2,1,0,0,0,0,0,0,0,0,0,0
122713,1,1,0,0,0,0,0,0,0,0,0,0
122713,2,1,0,0,0,0,0,0,0,0,0,0
122714,1,1,0,0,0,0,0,13,0,0,0,0
122714,2,1,0,0,0,0,0,31,27,0,0,0
122716,1,1,0,0,0,0,0,0,0,0,0,0
122716,2,1,0,0,0,0,0,0,0,0,0,0
122717,1,1,6,13,17,0,0,0,23,11,12,12
122717,2,1,3,3,3,3,3,3,3,3,3,3
122718,1,1,2,2,2,2,2,2,2,2,2,2
122720,1,1,0,34,0,11,2,22,10,0,7,18
122722,1,1,18,18,18,18,18,18,18,18,18,18
122723,1,1,0,0,0,0,0,0,0,0,0,0
122723,2,1,0,0,0,0,0,0,0,0,0,0
122724,0,1,24,30,45,14,0,20,17,17,12,0
122724,1,1,0,0,0,0,0,0,0,0,3,8
122725,1,1,0,8,0,0,7,0,0,0,45,17
122725,2,1,0,0,0,0,0,0,0,0,0,0
122726,1,1,0,0,0,0,0,0,0,0,0,0
122726,2,1,0,0,0,0,0,0,0,0,0,0
122728,0,1,0,0,0,0,0,0,0,0,0,0
122728,1,1,0,0,0,0,0,0,0,0,0,0
122729,1,1,0,12,0,0,0,0,0,0,0,0
122729,2,1,0,0,0,0,0,0,0,0,0,0
122730,1,1,0,0,0,0,0,0,0,0,0,0
122730,2,1,16,0,0,0,0,0,0,0,0,0
122731,1,1,0,0,0,0,0,0,0,0,0,0
122731,2,1,0,0,0,0,30,0,0,0,0,0
122732,0,1,0,13,0,33,7,0,0,0,20,0
122732,1,1,0,0,0,0,21,0,0,0,0,0
122733,1,1,0,0,0,0,0,0,0,0,16,0
122733,2,1,0,0,0,0,0,11,0,0,0,0
122734,1,1,17,17,17,17,17,17,17,17,17,17
122735,1,1,0,27,0,22,0,0,0,0,0,0
122736,1,1,0,0,13,0,39,14,15,0,0,27
122737,1,1,1,1,1,1,1,1,1,1,1,1
122737,2,1,0,0,0,0,0,0,0,0,0,0
122737,3,1,0,0,0,0,0,0,0,0,0,0
122739,1,1,0,0,0,0,0,0,0,0,0,0
122739,2,1,0,0,0,0,0,0,0,0,0,0
122740,1,1,0,0,0,0,0,0,0,0,0,0
122740,2,1,0,0,0,0,0,0,0,0,0,0
122742,0,1,0,0,0,12,0,37,0,0,0,0
122742,1,1,0,0,0,30,0,0,0,0,0,0
122743,0,1,0,0,0,0,0,0,0,0,0,0
122743,1,1,0,0,0,0,0,0,0,0,16,0
122744,0,1,0,43,0,0,0,0,19,0,0,0
122744,1,1,0,0,0,6,0,0,0,0,0,0
122745,1,1,0,0,0,0,0,0,0,0,0,0
122745,2,1,0,0,0,0,0,0,0,0,0,0
122746,1,1,0,0,24,0,0,0,8,0,0,0
122746,2,1,0,0,0,0,0,0,0,0,0,0
122747,0,1,23,23,23,23,23,23,23,23,23,23
122747,1,1,0,0,0,0,0,0,0,0,0,0
122748,1,1,0,0,0,0,0,0,0,0,0,0
122749,1,1,0,0,0,0,0,0,0,0,0,0
122749,2,1,0,0,0,0,0,0,0,0,0,0
122750,0,1,35,0,51,14,0,0,0,0,0,0
122750,1,1,17,0,7,15,3,14,13,15,7,0
122751,1,1,0,0,0,0,0,0,0,0,0,0
122752,0,1,14,0,24,0,0,6,14,0,8,30
122752,1,1,0,9,0,0,0,0,0,0,0,0
122753,0,1,8,0,0,0,0,0,0,24,0,0
122753,1,1,0,0,0,0,0,0,0,0,15,0
122754,1,1,0,0,0,0,0,0,0,0,0,0
122754,2,1,0,0,0,0,0,0,0,0,0,0
122755,0,1,0,0,0,5,0,15,33,7,0,25
122755,1,1,0,0,0,0,15,25,0,0,0,0
122756,0,1,29,0,0,0,0,0,0,10,0,0
122756,1,1,0,0,0,0,0,0,0,0,0,0
122757,1,1,18,18,18,18,18,18,18,18,18,18
122758,1,1,0,0,0,0,0,0,0,0,0,0
122758,2,1,0,0,0,0,0,0,0,0,0,0
122759,1,1,0,0,0,0,0,0,0,0,0,0
122760,0,1,3,3,3,3,3,3,3,3,3,3
122760,1,1,0,0,0,0,0,0,0,0,0,0
122761,1,1,12,12,12,12,12,12,12,12,12,12
122763,1,1,14,14,14,14,14,14,14,14,14,14
122763,2,1,0,0,0,11,4,0,0,0,0,0
122764,0,1,14,14,14,14,14,14,14,14,14,14
122764,1,1,0,0,0,0,0,0,0,0,0,0
122764,2,1,0,0,0,0,0,0,0,0,0,0
122765,1,1,0,0,0,0,11,0,0,0,0,0
122766,1,1,0,0,0,0,0,0,0,0,0,0
122766,2,1,20,20,20,20,20,20,20,20,20,20
122767,1,1,0,0,0,0,0,0,0,0,0,0
122767,2,1,0,0,0,0,0,0,0,0,0,0
122767,3,1,0,0,0,0,0,0,0,0,0,0
122767,4,1,0,0,0,0,0,0,0,0,0,0
122768,0,1,0,0,0,0,17,0,0,0,18,0
122768,1,1,0,12,15,8,5,2,0,3,0,0
122769,0,1,0,0,0,0,0,0,0,0,0,0
122769,1,1,0,0,0,0,0,0,0,0,0,0
122770,1,1,2,2,2,2,2,2,2,2,2,2
122771,1,1,21,21,21,21,21,21,21,21,21,21
122772,1,1,0,0,0,0,0,0,0,0,0,0
122773,1,1,0,0,0,0,0,20,0,0,0,26
122773,2,1,0,0,0,0,0,0,0,0,0,0
122774,1,1,0,0,0,0,0,0,0,0,0,0
122775,1,1,0,0,0,0,0,0,0,0,0,0
122776,1,1,12,12,12,12,12,12,12,12,12,12
122777,0,1,0,0,0,0,0,0,0,0,0,0
122777,1,1,0,0,0,0,0,0,0,0,0,0
122778,1,1,0,0,11,0,0,0,0,0,0,0
122778,2,1,0,0,0,0,0,0,0,0,0,0
122779,1,1,0,0,0,0,0,0,0,0,0,0
122779,2,1,0,0,0,0,0,0,0,0,0,0
122779,3,1,0,0,0,0,0,0,0,0,0,0
122779,4,1,0,0,0,0,0,0,0,0,0,0
122780,0,1,3,3,3,3,3,3,3,3,3,3
122780,1,1,0,0,0,0,0,0,20,0,0,0
122781,1,1,0,0,0,0,0,0,0,0,0,0
122781,2,1,0,0,0,0,0,0,0,0,0,0
122782,0,1,20,0,0,28,23,9,0,0,41,0
122782,1,1,42,16,3,9,4,10,12,12,15,0
122783,0,1,0,0,29,0,0,0,0,0,0,32
122783,1,1,0,0,15,2,5,0,13,20,12,0
122784,1,1,18,0,0,21,0,0,22,0,0,23
122785,0,1,0,0,27,0,0,0,25,12,0,0
122785,1,1,0,0,0,0,0,0,0,0,0,0
122786,1,1,0,0,0,0,0,19,0,0,0,0
122786,2,1,0,0,0,0,0,0,0,0,0,0
122787,1,1,0,0,0,0,0,0,0,0,0,0
122787,2,1,13,13,13,13,13,13,13,13,13,13
122787,3,1,0,0,0,0,0,0,0,13,0,0
122788,1,1,0,0,0,0,0,0,0,0,0,0
122788,2,1,0,0,0,0,0,0,0,0,0,0
122789,0,1,0,0,27,0,0,0,0,0,0,0
122789,1,1,0,0,0,0,0,0,0,0,0,0
122790,1,1,27,27,27,27,27,27,27,27,27,27
122790,2,1,0,0,8,0,0,0,0,0,0,0
122791,0,1,0,0,0,16,0,0,0,9,17,49
122791,1,1,0,0,0,0,0,0,0,0,0,0
122792,1,1,13,13,13,13,13,13,13,13,13,13
122792,2,1,0,0,0,0,0,0,0,0,0,0
122792,3,1,0,0,0,0,0,0,0,0,0,0
122793,0,1,0,0,0,0,0,0,0,0,0,0
122793,1,1,0,0,0,0,0,0,0,0,0,0
122795,1,1,1,1,1,1,1,1,1,1,1,1
122795,2,1,0,0,0,0,0,0,0,0,0,0
122796,1,1,0,0,0,18,0,0,0,0,0,0
122796,2,1,0,0,0,0,0,0,0,0,0,0
122796,3,1,0,0,0,0,0,0,0,0,0,0
122797,0,1,0,0,0,0,0,0,0,0,0,0
122797,1,1,0,0,0,0,0,0,0,0,0,0
122798,1,1,0,0,0,0,0,0,0,0,0,0
122798,2,1,0,0,0,0,0,0,0,0,0,0
122799,1,1,0,0,0,13,0,0,0,0,0,0
122800,1,1,0,17,0,0,0,0,0,0,0,0
122800,2,1,0,0,0,0,0,0,0,0,0,0
122800,3,1,0,0,0,0,0,0,0,0,0,0
122801,0,1,0,0,0,0,0,0,0,0,0,23
122801,1,1,0,0,0,0,0,0,0,19,0,0
122802,1,1,0,0,0,0,0,0,0,0,0,0
122803,1,1,13,20,0,0,0,0,0,0,0,0
122803,2,1,0,0,0,0,0,0,0,0,0,0
122804,1,1,22,22,22,22,22,22,22,22,22,22
122804,2,1,0,0,0,0,0,0,0,0,0,0
122805,0,1,0,0,0,0,0,0,7,0,0,0
122805,1,1,0,0,0,0,0,0,0,0,0,0
122806,1,1,12,12,12,12,12,12,12,12,12,12
122806,2,1,0,0,0,0,0,0,0,20,0,0
122807,1,1,20,11,14,20,12,26,29,30,0,25
122808,0,1,0,0,0,0,0,0,0,0,0,0
122808,0,2,0,0,0,0,0,0,0,0,0,0
122808,1,1,0,0,11,0,0,21,0,0,14,0
122809,1,1,23,23,23,23,23,23,23,23,23,23
122809,2,1,0,0,0,0,0,0,0,0,0,0
122811,1,1,0,0,0,0,0,0,0,0,0,0
122811,2,1,0,0,0,0,0,0,0,0,0,14
122812,1,1,0,0,0,0,0,0,0,0,0,0
122812,2,1,0,0,0,0,0,0,0,0,14,0
122812,3,1,0,0,0,0,0,0,0,0,0,0
122813,1,1,0,0,0,0,0,0,0,0,0,0
122813,2,1,9,9,9,9,9,9,9,9,9,9
122814,0,1,26,0,0,0,0,0,0,0,0,0
122814,1,1,0,0,0,0,0,0,0,0,0,0
122815,0,1,0,0,0,0,0,0,0,0,0,12
122815,1,1,0,0,0,0,0,0,0,0,0,0
122816,1,1,0,0,0,0,0,0,0,0,0,0
122816,2,1,0,0,0,0,0,0,0,0,0,0
122817,1,1,4,16,28,13,13,11,0,13,0,11
122817,2,1,0,0,0,0,0,0,0,0,29,13
122818,0,1,0,0,0,0,0,0,0,0,0,0
122818,1,1,0,0,0,0,0,0,0,0,0,0
122819,0,1,0,0,0,0,0,0,22,0,0,45
122819,1,1,0,0,0,0,0,0,0,0,0,0
122820,1,1,0,0,0,0,0,0,0,0,0,0
122820,2,1,0,0,0,0,0,0,0,0,0,0
122821,1,1,18,18,18,18,18,18,18,18,18,18
122822,1,1,20,20,20,20,20,20,20,20,20,20
122823,1,1,18,18,18,18,18,18,18,18,18,18
122824,1,1,0,0,0,0,0,0,0,0,0,0
122824,2,1,0,23,0,0,0,0,0,0,0,0
122824,3,1,0,0,13,0,0,0,0,0,0,0
122824,4,1,0,0,0,0,0,0,0,0,0,0
122824,5,1,0,0,0,0,0,0,0,0,0,0
122824,6,1,0,0,0,0,11,0,0,0,0,0
122824,7,1,0,0,0,0,0,0,0,0,0,0
122825,1,1,0,18,0,0,21,0,0,0,0,11
122825,2,1,10,0,0,0,0,0,0,0,0,0
122825,3,1,0,0,0,0,0,0,0,0,0,0
122826,0,1,0,0,3,0,0,0,0,0,29,0
122826,1,1,0,0,0,0,0,0,0,0,0,0
122827,1,1,7,7,7,7,7,7,7,7,7,7
122828,1,1,0,0,0,0,0,0,0,0,0,0
122829,1,1,2,0,0,0,0,0,7,0,0,0
122830,1,1,0,0,0,0,0,0,0,0,0,0
122830,2,1,0,0,0,0,0,0,0,0,0,0
122831,1,1,0,0,0,0,0,0,0,0,0,0
122831,2,1,0,0,0,0,0,0,0,0,0,0
122832,1,1,12,12,12,12,12,12,12,12,12,12
122833,0,1,0,0,52,0,0,0,0,0,0,0
122833,1,1,18,0,9,0,0,0,0,0,0,0
122835,1,1,0,0,0,0,0,0,0,0,0,0
122836,1,1,0,0,0,0,0,0,15,0,0,0
122838,1,1,14,14,14,14,14,14,14,14,14,14
122839,1,1,0,0,0,0,0,0,0,0,6,0
122839,2,1,0,0,0,0,0,0,0,0,0,0
122839,3,1,0,0,0,0,0,0,0,0,0,0
122839,4,1,0,0,0,0,0,0,0,0,0,0
122840,0,1,0,0,0,0,0,0,0,0,0,0
122840,1,1,0,0,0,0,0,0,0,0,0,0
122840,2,1,0,0,0,0,0,7,0,0,0,0
122840,3,1,0,0,0,0,0,0,0,0,0,0
122841,1,1,0,0,0,0,0,0,0,0,0,0
122841,2,1,0,0,0,0,0,0,0,0,11,18
122842,1,1,15,15,15,15,15,15,15,15,15,15
122843,1,1,12,12,12,12,12,12,12,12,12,12
122843,2,1,0,0,0,0,0,0,0,0,0,0
122844,1,1,0,0,0,0,0,0,0,0,0,0
122844,2,1,11,0,0,0,0,0,0,0,0,0
122845,1,1,0,0,0,0,0,0,0,0,0,0
122845,2,1,0,0,0,0,0,0,0,0,0,0
122846,1,1,0,14,24,0,18,0,35,0,0,0
122847,1,1,0,0,0,0,0,0,0,12,0,0
122847,2,1,0,0,0,0,29,0,0,0,0,0
122847,3,1,0,0,0,0,0,0,0,0,0,19
122850,1,1,0,0,0,0,12,0,0,0,0,0
122850,2,1,0,0,0,0,0,0,0,0,0,0
122850,3,1,0,0,0,0,0,0,0,0,0,0
122851,1,1,21,0,21,0,0,0,0,0,0,7
122851,2,1,0,20,21,0,0,0,0,0,0,0
122852,0,1,0,0,0,0,0,0,0,0,0,0
122852,1,1,0,0,0,0,0,0,0,0,0,0
122852,2,1,0,0,0,0,0,0,0,0,0,0
122853,1,1,10,23,21,10,19,10,25,18,24,21
122853,2,1,0,0,29,0,0,0,0,0,0,0
122853,3,1,0,0,0,0,0,0,0,0,0,0
122854,1,1,18,18,18,18,18,18,18,18,18,18
122854,2,1,0,0,0,0,0,0,0,0,0,0
122855,0,1,25,25,25,25,25,25,25,25,25,25
122855,1,1,0,0,14,0,8,0,0,0,0,0
122856,1,1,22,32,0,28,13,12,18,25,0,0
122858,0,1,0,0,0,0,0,0,0,0,0,0
122858,1,1,0,0,0,0,0,0,0,0,0,0
122859,1,1,0,22,22,24,14,29,18,25,34,11
122860,0,1,0,0,0,0,0,0,0,0,0,0
122860,1,1,0,0,0,0,0,0,0,0,0,0
122861,1,1,0,0,0,0,0,0,0,0,0,0
122861,2,1,0,0,0,0,0,0,0,0,0,0
122862,1,1,0,0,0,0,0,0,0,0,0,0
122862,2,1,0,0,0,0,0,0,0,0,0,0
122863,1,1,0,0,0,0,21,0,0,0,0,0
122863,2,1,0,0,0,0,0,0,0,0,0,0
122864,0,1,0,0,0,0,0,0,0,0,0,0
122864,1,1,0,0,0,0,0,0,0,0,0,0
122864,2,1,0,0,0,0,0,0,0,0,0,0
122865,1,1,0,0,0,0,8,0,0,0,0,0
122866,0,1,0,0,15,0,0,0,0,0,21,0
122866,1,1,0,0,0,0,0,0,0,0,0,0
122867,0,1,0,0,27,0,0,0,0,30,26,0
122867,1,1,0,0,30,0,0,0,0,0,0,0
122868,1,1,0,0,0,0,0,0,0,0,0,19
122868,2,1,16,0,26,0,0,0,0,0,0,0
122869,0,1,23,23,23,23,23,23,23,23,23,23
122869,1,1,0,5,0,16,11,24,13,17,7,14
122870,1,1,0,0,0,0,0,0,0,0,0,0
122871,0,1,0,0,0,0,0,0,8,0,0,0
122871,1,1,0,0,0,0,0,0,0,0,0,0
122872,1,1,23,23,23,23,23,23,23,23,23,23
122873,1,1,0,0,0,15,0,0,0,0,0,0
122873,2,1,0,0,0,0,0,22,0,0,0,0
122874,0,1,0,0,0,0,0,0,0,0,0,34
122874,1,1,0,0,0,0,0,0,0,0,0,0
122875,1,1,13,13,13,13,13,13,13,13,13,13
122876,0,1,0,0,0,28,0,24,0,0,0,32
122876,1,1,7,0,0,0,0,0,0,0,0,0
122877,1,1,9,9,9,9,9,9,9,9,9,9
122878,1,1,0,0,0,0,0,0,0,0,0,0
122879,1,1,0,0,0,11,0,0,0,0,0,0
122879,2,1,0,0,0,0,0,0,0,0,0,0
122880,1,1,0,0,0,0,0,0,0,0,0,0
122880,2,1,23,4,0,2,0,0,0,0,0,26
122881,0,1,0,0,0,0,0,0,0,0,0,0
122881,1,1,10,0,0,22,0,0,0,0,10,0
122882,1,1,8,8,8,8,8,8,8,8,8,8
122882,2,1,0,0,0,0,0,0,0,0,0,0
122882,3,1,0,0,0,0,0,0,0,0,0,0
122883,1,1,0,0,0,0,0,0,0,0,0,0
122883,2,1,0,0,0,0,0,0,0,0,0,0
122884,1,1,0,0,0,0,0,0,0,0,0,0
122884,2,1,0,0,27,0,0,0,0,0,0,0
122885,1,1,0,0,0,0,0,30,0,0,0,0
122885,2,1,0,0,0,0,0,0,0,0,0,0
122885,3,1,0,0,0,0,0,0,0,0,0,0
122885,4,1,0,0,0,0,0,0,0,0,0,0
122886,1,1,0,0,0,0,0,0,0,0,0,0
122886,2,1,0,0,0,0,0,0,0,0,0,0
122887,1,1,0,0,0,0,0,0,0,0,0,0
122887,2,1,21,0,0,0,0,0,0,0,0,0
122888,1,1,0,0,5,0,0,0,0,0,0,0
122888,2,1,0,0,0,0,0,0,0,0,0,0
122889,1,1,17,15,18,14,17,21,0,5,0,7
122891,0,1,21,0,0,0,0,0,0,0,0,39
122891,1,1,13,0,0,0,0,0,0,9,0,0
122892,1,1,15,13,0,10,17,18,0,0,18,0
122893,1,1,0,0,0,0,0,0,0,0,0,0
122893,2,1,0,0,0,0,0,0,0,0,0,0
122894,1,1,3,3,3,3,3,3,3,3,3,3
122894,2,1,0,0,14,0,0,0,0,0,0,0
122895,1,1,0,0,0,0,0,0,0,0,0,0
122895,2,1,0,0,11,0,6,0,0,10,0,14
122896,1,1,15,0,12,0,10,0,0,33,20,37
122897,1,1,0,0,0,10,9,27,0,0,0,6
122897,2,1,0,0,0,0,0,0,0,0,0,0
122898,0,1,0,0,0,0,0,0,0,0,0,0
122898,1,1,0,0,0,0,0,0,0,0,0,0
122899,1,1,25,25,25,25,25,25,25,25,25,25
122899,2,1,0,0,0,0,0,0,0,0,0,0
122900,1,1,19,19,19,19,19,19,19,19,19,19
122902,1,1,8,8,8,8,8,8,8,8,8,8
122902,2,1,0,0,0,0,0,0,0,0,0,12
122903,1,1,9,9,9,9,9,9,9,9,9,9
122903,2,1,0,0,0,0,0,0,0,0,0,0
122903,3,1,0,0,0,0,0,0,0,0,0,0
122904,0,1,24,24,24,24,24,24,24,24,24,24
122904,1,1,0,0,0,0,0,0,0,0,0,0
122905,0,1,1,1,1,1,1,1,1,1,1,1
122905,0,2,0,0,0,18,0,0,0,0,0,0
122905,1,1,0,0,0,0,0,0,0,0,0,0
122906,0,1,0,0,0,0,0,0,0,0,0,0