ST_CASE,VEH_NO,PER_NO,P1,P2,P3,P4,P5,P6,P7,P8,P9,P10
123174,1,1,0,0,0,0,11,0,0,0,0,0
123175,1,1,0,0,8,0,0,0,0,0,17,3
123176,0,1,0,0,0,6,0,0,0,0,0,0
123176,1,1,17,0,0,0,13,0,0,18,0,0
123177,1,1,0,0,0,0,0,0,0,0,0,0
123177,2,1,0,0,0,0,0,0,0,0,0,0
123178,1,1,0,0,0,0,0,16,7,0,0,20
123178,2,1,19,0,0,0,0,0,0,0,0,0
123179,0,1,0,0,0,0,0,0,0,0,0,0
123179,1,1,0,0,0,0,0,0,0,0,0,0
123179,2,1,0,0,0,0,3,0,0,0,0,0
123180,1,1,0,0,0,0,0,0,0,0,0,0
123180,2,1,0,0,0,0,0,0,0,0,0,0
123181,0,1,38,3,22,24,19,20,2,40,21,23
123181,1,1,0,0,0,0,0,0,0,0,0,0
123182,0,1,6,21,11,22,15,0,11,5,18,35
123182,1,1,0,0,0,0,0,0,0,0,0,14
123183,1,1,0,0,0,22,0,0,0,0,0,0
123183,2,1,15,0,0,0,0,16,0,0,0,0
123184,1,1,0,0,0,0,0,0,0,0,0,0
123184,2,1,0,0,0,0,0,0,0,0,0,0
123185,1,1,0,0,0,0,0,0,0,0,0,0
123185,2,1,0,0,0,0,0,0,0,0,0,0
123186,1,1,0,0,10,0,0,0,0,0,0,0
123187,1,1,0,0,0,0,0,0,0,0,0,0
123187,2,1,0,0,0,0,0,0,0,0,0,0
123188,1,1,0,0,0,0,0,0,0,0,0,0
123188,2,1,0,0,0,0,0,0,0,0,0,0
123189,1,1,0,0,0,0,0,0,0,0,0,0
123189,2,1,0,0,0,0,0,0,0,0,0,0
123190,0,1,0,0,8,0,0,0,0,17,0,0
123190,1,1,10,27,8,16,20,0,10,8,22,10
123191,1,1,13,0,7,16,13,4,0,4,5,14
123191,2,1,0,0,0,0,0,0,0,0,0,0
123191,3,1,0,0,0,0,0,0,0,0,0,0
123191,4,1,0,0,0,0,0,0,0,0,0,0
123191,5,1,0,0,18,0,0,0,0,0,0,0
123192,1,1,0,0,0,0,0,0,12,0,0,0
123192,2,1,0,0,0,0,0,0,0,0,0,0
123193,1,1,0,0,0,0,0,0,0,0,0,0
123193,2,1,0,0,0,0,0,0,0,0,0,0
123194,0,1,0,0,1,0,0,9,0,25,27,0
123194,1,1,0,0,0,0,0,0,0,0,0,0
123195,1,1,0,0,0,22,0,0,0,0,0,0
123195,2,1,0,0,0,0,0,0,0,0,0,0
123196,1,1,0,0,0,0,0,0,0,0,0,0
123196,2,1,14,14,14,14,14,14,14,14,14,14
123197,1,1,0,0,0,0,0,0,0,0,0,0
123197,2,1,0,0,0,0,0,0,0,0,0,0
123198,1,1,0,0,0,0,0,0,0,0,0,0
123199,1,1,16,0,15,11,0,24,39,0,24,18
123200,1,1,0,0,0,0,0,0,0,0,0,0
123200,2,1,22,22,22,22,22,22,22,22,22,22
123201,1,1,0,0,29,0,0,0,0,0,0,0
123201,2,1,0,0,0,0,15,0,0,10,0,8
123201,3,1,34,0,0,0,0,0,0,0,0,0
123202,1,1,20,20,20,20,20,20,20,20,20,20
123202,2,1,0,0,0,0,0,0,0,0,0,0
123203,1,1,14,14,14,14,14,14,14,14,14,14
123205,0,1,32,32,32,32,32,32,32,32,32,32
123205,1,1,0,0,0,0,0,0,22,0,0,0
123206,0,1,23,23,23,23,23,23,23,23,23,23
123206,1,1,0,0,0,0,0,0,0,0,0,0
123207,1,1,0,0,0,0,0,0,0,0,0,0
123207,2,1,0,0,0,0,0,0,0,0,0,0
123207,3,1,0,0,0,0,0,0,0,0,0,0
123208,0,1,0,19,12,0,11,0,19,19,0,0
123208,1,1,0,0,48,0,18,0,0,0,0,8
123209,1,1,0,0,0,0,21,0,0,0,0,0
123209,2,1,0,0,0,0,0,0,0,0,0,0
123210,1,1,0,0,0,0,0,0,0,0,0,0
123210,2,1,0,0,10,0,0,0,0,0,0,0
123211,1,1,0,0,0,0,0,0,0,0,0,0
123211,2,1,0,0,0,0,13,0,16,0,0,0
123212,1,1,0,0,0,0,0,0,0,0,0,0
123212,2,1,0,0,0,0,0,0,0,0,0,0
123213,0,1,0,0,0,8,0,0,0,0,0,39
123213,1,1,0,0,0,0,0,0,0,0,0,19
123214,1,1,0,12,0,0,0,0,0,0,0,0
123214,2,1,0,0,0,0,0,0,0,0,0,0
123215,1,1,21,21,21,21,21,21,21,21,21,21
123216,0,1,0,0,0,0,0,0,0,0,0,0
123216,1,1,0,0,0,0,0,0,0,0,0,0
123217,1,1,0,0,0,0,0,0,0,13,0,0
123217,2,1,10,0,0,0,0,0,0,0,10,0
123218,1,1,0,0,0,0,0,0,0,10,6,0
123218,2,1,0,0,0,0,24,0,0,0,0,0
123219,0,1,0,0,6,0,0,0,0,26,0,0
123219,1,1,0,0,0,0,0,0,0,5,0,0
123220,0,1,0,0,0,0,0,4,0,0,0,0
123220,1,1,0,0,0,22,0,0,0,0,15,0
123221,1,1,0,0,0,0,0,0,0,0,0,0
123222,0,1,0,0,0,0,0,0,0,24,0,0
123222,1,1,0,0,0,0,0,0,0,0,0,0
123223,1,1,0,0,4,0,0,0,0,6,0,0
123225,1,1,0,0,0,0,4,0,0,0,0,0
123225,2,1,0,0,0,0,0,0,0,0,0,0
123227,1,1,0,22,21,13,0,0,0,0,0,0
123228,0,1,18,0,0,0,0,0,0,0,0,0
123228,1,1,0,0,0,0,7,0,0,0,0,0
123229,1,1,0,0,0,0,0,0,0,0,0,0
123229,2,1,0,0,0,0,0,0,0,0,0,0
123230,1,1,7,7,7,7,7,7,7,7,7,7
123230,2,1,0,0,0,0,0,0,0,0,0,0
123232,1,1,0,0,0,0,0,0,0,0,0,0
123233,1,1,0,18,0,0,7,0,21,0,15,15
123234,0,1,0,0,0,0,0,0,28,0,0,4
123234,1,1,0,40,0,0,0,18,0,0,0,0
123235,1,1,0,0,0,0,0,0,0,0,0,0
123236,1,1,0,28,0,0,0,0,0,0,0,0
123236,2,1,0,0,0,0,0,0,0,0,0,0
123236,3,1,0,13,0,0,12,0,5,0,0,0
123237,1,1,0,0,0,26,0,0,0,0,0,0
123237,2,1,0,0,0,0,0,0,0,0,0,0
123238,0,1,0,20,0,0,0,0,0,0,0,0
123238,1,1,0,0,0,0,0,0,0,0,0,0
123239,1,1,0,0,0,0,21,0,0,22,0,0
123240,1,1,0,0,0,0,0,0,0,0,0,0
123240,2,1,0,0,0,0,0,0,0,0,0,0
123242,1,1,3,0,0,0,0,0,0,0,0,0
123242,2,1,0,0,0,0,0,0,0,0,0,0
123243,1,1,2,2,2,2,2,2,2,2,2,2
123243,2,1,0,0,0,0,0,0,0,0,0,0
123244,1,1,17,18,21,43,3,12,13,0,9,40
123245,0,1,16,16,16,16,16,16,16,16,16,16
123245,1,1,12,0,0,0,0,0,0,0,0,0
123246,1,1,0,0,0,12,0,0,0,0,0,0
123246,2,1,0,0,0,0,0,0,0,0,0,0
123248,0,1,44,44,44,44,44,44,44,44,44,44
123248,1,1,19,0,0,0,0,0,0,0,23,0
123250,1,1,0,0,0,0,0,0,0,0,0,0
123250,2,1,0,0,0,0,0,0,0,0,0,0
123250,3,1,31,0,0,0,23,0,13,0,0,0
123250,4,1,0,0,0,0,0,0,0,0,0,0
123250,5,1,25,0,0,0,0,0,0,0,0,20
123251,0,1,0,0,0,0,0,0,0,0,0,0
123251,1,1,0,0,0,0,0,0,0,0,0,0
123252,1,1,0,21,9,0,0,14,31,9,0,6
123253,0,1,0,0,30,19,0,41,0,0,0,0
123253,1,1,0,22,0,0,15,21,0,9,6,0
123254,1,1,0,0,0,0,0,0,0,0,0,0
123254,2,1,0,0,0,0,0,0,0,0,12,0
123255,1,1,0,0,0,0,0,0,0,0,0,0
123256,1,1,0,0,0,0,0,0,0,0,0,0
123256,2,1,0,0,0,0,0,18,12,0,13,19
123257,1,1,0,0,0,0,0,0,0,0,0,0
123257,2,1,0,0,0,0,0,0,0,0,0,0
123258,1,1,0,0,0,0,0,0,0,0,0,0
123258,2,1,0,0,0,0,0,0,0,0,0,0
123260,1,1,0,0,0,0,0,0,0,0,0,0
123260,2,1,0,0,6,0,0,0,0,0,0,0
123261,1,1,0,0,0,0,0,0,0,0,0,0
123261,2,1,0,0,0,0,0,0,0,0,0,0
123264,1,1,0,0,0,0,0,0,0,0,0,0
123264,2,1,2,12,0,0,0,19,0,0,0,0
123265,1,1,0,0,13,0,0,0,0,0,0,0
123265,2,1,0,0,0,0,0,0,0,0,0,0
123266,1,1,0,0,0,0,0,0,0,0,17,0
123266,2,1,19,0,0,23,0,15,13,0,0,9
123267,0,1,0,0,0,0,0,0,0,0,0,0
123267,1,1,0,0,0,0,0,0,0,0,0,17
123267,2,1,0,11,0,0,0,0,0,0,0,0
123268,1,1,16,6,19,8,0,10,14,0,8,11
123268,2,1,15,15,15,15,15,15,15,15,15,15
123270,0,1,0,0,0,0,0,0,0,0,0,0
123270,1,1,0,16,0,0,0,0,0,0,0,0
123272,1,1,6,0,18,15,0,0,16,17,0,20
123274,1,1,0,18,0,14,39,29,14,0,0,29
123275,0,1,11,0,0,0,22,54,0,0,0,22
123275,1,1,0,0,0,0,0,10,0,24,0,0
123276,1,1,0,11,0,0,26,0,0,0,0,0
123277,1,1,16,0,22,0,0,0,0,0,0,0
123278,1,1,0,0,0,0,0,0,0,0,0,0
123278,2,1,0,0,0,0,0,0,0,0,20,0
123279,1,1,0,0,0,0,0,0,0,0,0,0
123280,0,1,0,0,0,0,0,0,0,0,0,0
123280,1,1,0,0,0,14,0,0,0,13,0,0
123281,1,1,5,0,0,0,0,0,16,0,5,0
123281,2,1,20,0,0,0,0,0,0,16,13,19
123282,1,1,0,0,0,10,0,0,0,0,0,0
123282,2,1,0,0,0,0,0,0,0,0,0,0
123283,0,1,0,0,0,0,0,0,0,0,0,0
123283,0,2,0,0,26,0,0,0,0,0,29,0
123283,1,1,0,0,0,0,0,0,0,0,0,0
123284,0,1,26,0,0,0,0,0,0,0,0,0
123284,0,2,25,0,0,28,0,0,0,0,0,0
123284,1,1,0,0,0,0,0,0,0,0,0,0
123285,1,1,0,0,0,0,0,17,0,16,31,0
123286,0,1,0,38,16,0,0,0,0,0,0,0
123286,1,1,0,0,0,0,0,0,0,0,0,0
123287,1,1,20,17,17,17,0,21,14,20,0,15
123288,0,1,0,16,26,31,13,21,0,0,0,9
123288,1,1,0,0,0,0,0,0,0,0,0,0
123289,0,1,0,0,0,0,0,0,0,0,0,0
123289,1,1,0,0,0,0,0,0,0,0,0,0
123290,1,1,2,2,2,2,2,2,2,2,2,2
123291,1,1,0,0,0,0,0,0,0,0,0,0
123291,2,1,0,0,0,0,0,0,0,0,0,8
123292,1,1,0,0,22,0,0,17,0,0,12,0
123292,2,1,0,0,0,0,0,0,0,0,0,0
123293,1,1,21,0,0,0,0,0,14,0,10,0
123294,0,1,0,0,45,0,0,0,11,25,0,0
123294,1,1,0,0,0,0,0,0,0,0,0,0
123295,1,1,0,0,0,0,0,0,0,0,0,0
123295,2,1,0,16,0,29,12,0,0,0,15,0
123296,1,1,10,10,10,10,10,10,10,10,10,10
123297,0,1,0,0,0,0,0,0,0,0,0,0
123297,1,1,17,23,20,0,18,12,0,0,14,0
123298,0,1,0,0,26,20,0,17,0,0,0,19
123298,1,1,0,0,0,0,0,0,0,0,0,0
123298,2,1,0,0,0,0,0,0,0,0,14,0
123298,3,1,0,0,3,0,0,0,0,0,0,0
123298,4,1,0,0,2,0,0,0,0,0,0,13
123299,1,1,0,0,0,0,13,0,0,0,15,0
123300,1,1,0,0,0,0,0,0,0,0,0,0
123300,2,1,0,0,0,0,0,0,0,0,0,0
123301,1,1,0,0,0,0,0,0,0,0,0,0
123301,2,1,0,0,0,0,0,0,0,13,0,0
123301,3,1,0,0,0,0,0,0,0,0,9,0
123302,1,1,6,6,6,6,6,6,6,6,6,6
123302,2,1,25,0,0,0,0,0,0,0,0,0
123303,0,1,33,0,0,0,0,0,0,11,0,0
123303,1,1,4,13,0,22,22,16,13,10,2,6
123304,0,1,0,0,0,0,11,0,10,0,12,0
123304,1,1,0,0,8,0,0,15,0,0,0,0
123305,1,1,0,0,0,0,0,0,0,0,0,0
123306,0,1,0,0,0,0,10,0,0,0,0,0
123306,1,1,0,0,0,9,0,0,0,0,0,0
123307,1,1,9,13,0,0,17,12,9,12,8,15
123307,2,1,0,0,0,13,0,0,0,0,0,0
123308,1,1,23,23,23,23,23,23,23,23,23,23
123308,2,1,0,0,0,5,0,0,0,0,0,0
123309,1,1,0,14,0,0,0,0,0,0,0,13
123310,1,1,0,8,0,0,0,0,11,8,0,0
123310,2,1,0,0,0,0,0,0,0,0,0,0
123310,3,1,0,0,0,0,0,0,0,0,9,0
123311,1,1,21,0,16,0,0,0,23,0,0,11
123311,2,1,4,0,0,0,0,0,0,0,0,0
123312,1,1,22,24,6,50,28,9,11,16,16,5
123313,0,1,0,0,0,0,0,0,0,0,0,0
123313,1,1,0,0,0,0,0,0,0,0,0,0
123316,1,1,0,0,0,0,0,0,0,0,0,0
123316,2,1,0,0,0,0,0,0,0,0,0,0
123318,1,1,0,0,20,0,13,0,0,0,0,0
123318,2,1,0,0,13,0,0,0,0,0,0,0
123318,3,1,0,0,0,0,0,0,0,0,0,0
123319,1,1,0,0,0,0,0,0,0,0,0,0
123319,2,1,0,0,0,0,0,0,0,0,0,0
123320,1,1,0,0,0,0,0,0,0,0,0,0
123320,2,1,0,0,0,0,0,0,0,0,0,0
123321,1,1,22,22,22,22,22,22,22,22,22,22
123321,2,1,0,0,0,0,0,0,0,0,0,0
130001,1,1,0,0,0,0,0,0,0,0,0,0
130002,0,1,28,28,28,28,28,28,28,28,28,28
130002,1,1,0,0,0,0,0,0,0,0,0,0
130003,0,1,21,21,21,21,21,21,21,21,21,21
130003,1,1,0,0,0,0,0,0,0,0,0,0
130004,1,1,0,0,0,0,0,0,0,18,0,0
130004,2,1,0,0,0,0,0,0,0,0,0,0
130005,1,1,22,22,22,22,22,22,22,22,22,22
130005,2,1,0,0,0,0,0,0,0,0,0,0
130006,1,1,0,0,0,0,0,0,0,0,0,0
130006,2,1,0,0,0,0,0,0,0,0,0,0
130007,0,1,36,36,36,36,36,36,36,36,36,36
130007,1,1,0,32,0,0,0,0,0,0,0,0
130008,0,1,0,0,0,0,0,0,0,0,0,0
130008,1,1,0,0,0,0,29,0,0,0,0,0
130008,2,1,0,0,19,0,0,0,0,0,0,0
130009,1,1,0,0,0,0,0,0,0,0,0,0
130009,2,1,0,0,0,0,0,0,0,0,0,0
130010,1,1,0,0,0,0,0,0,0,0,0,0
130010,2,1,0,0,0,0,0,14,0,0,0,0
130010,3,1,0,0,0,0,0,0,0,0,0,0
130011,1,1,0,0,0,0,0,0,0,0,0,0
130012,1,1,22,22,22,22,22,22,22,22,22,22
130013,0,1,21,17,0,0,0,0,0,0,0,0
130013,1,1,0,0,0,0,0,0,20,0,0,0
130014,1,1,0,0,0,0,0,0,0,0,0,0
130014,2,1,21,0,0,0,0,0,0,0,0,0
130015,1,1,0,0,0,0,0,0,0,0,0,0
130015,2,1,0,0,0,0,0,0,0,0,0,0
130016,0,1,0,0,0,0,0,0,0,0,0,0
130016,1,1,0,0,0,0,0,0,0,0,0,0
130017,1,1,0,0,0,0,0,0,0,0,0,0
130017,2,1,0,0,0,0,0,0,0,0,0,0
130018,1,1,0,0,0,0,0,0,0,0,0,0
130018,2,1,0,0,0,0,0,0,0,0,0,0
130019,1,1,0,38,6,11,14,17,0,12,16,16
130019,2,1,0,0,0,0,0,0,0,0,0,0
130020,1,1,0,0,0,0,0,0,0,21,0,0
130020,2,1,9,0,0,0,0,0,0,0,0,0
130021,0,1,0,0,0,12,0,0,0,0,0,0
130021,1,1,0,0,5,0,0,0,29,0,0,0
130022,1,1,4,13,24,10,21,0,13,14,23,8
130023,1,1,0,0,23,0,2,0,0,0,0,0
130023,2,1,0,0,0,0,0,0,0,0,0,0
130024,1,1,15,15,15,15,15,15,15,15,15,15
130025,0,1,0,0,0,0,0,0,24,0,0,0
130025,2,1,0,0,0,0,0,0,0,0,0,0
130026,1,1,15,15,15,15,15,15,15,15,15,15
130027,0,1,0,0,0,0,0,0,32,0,0,0
130027,1,1,0,0,0,0,0,0,0,0,0,0
130028,0,1,0,0,0,0,0,0,0,0,0,0
130028,1,1,0,0,0,0,0,0,0,0,0,0
130029,1,1,0,0,0,0,0,0,0,31,0,13
130030,1,1,0,0,0,0,0,0,0,0,0,0
130030,2,1,0,0,0,0,0,20,0,0,0,0
130031,1,1,5,0,0,0,22,0,0,0,0,0
130032,1,1,0,0,0,0,0,0,0,0,0,0
130033,1,1,0,0,0,0,0,0,0,0,0,0
130033,2,1,0,0,0,0,0,0,0,0,0,0
130034,1,1,0,0,0,0,0,0,0,0,0,0
130034,2,1,0,0,0,0,0,8,0,0,0,0
130036,1,1,0,0,0,0,0,0,0,0,0,0
130036,2,1,0,0,0,0,0,0,0,0,0,0
130037,0,1,0,0,0,0,0,0,0,21,0,0
130037,1,1,0,0,0,0,0,0,0,0,0,0
130039,0,1,20,20,20,20,20,20,20,20,20,20
130039,1,1,0,0,0,0,2,35,0,16,0,0
130040,1,1,9,9,9,9,9,9,9,9,9,9
130041,1,1,1,1,1,1,1,1,1,1,1,1
130041,2,1,0,0,0,0,0,0,0,0,0,0
130042,0,1,0,0,0,0,0,0,0,0,21,0
130042,1,1,0,0,0,0,0,12,22,0,0,0
130043,1,1,15,0,0,0,0,0,0,16,0,0
130044,1,1,0,0,0,0,0,0,0,0,0,0
130044,2,1,0,0,0,0,0,0,0,0,0,19
130044,3,1,0,0,0,0,0,0,0,19,0,0
130044,4,1,0,0,0,0,0,0,0,0,0,0
130045,1,1,0,0,0,0,0,0,0,0,9,0
130045,2,1,0,0,0,0,0,0,0,0,0,0
130046,0,1,0,0,13,0,0,0,0,0,0,0
130046,1,1,0,0,0,0,0,0,0,9,0,0
130047,0,1,0,0,0,0,0,0,0,0,0,0
130047,1,1,0,0,0,0,0,0,0,0,0,0
130048,1,1,0,0,0,0,0,0,0,0,13,0
130049,1,1,23,23,23,23,23,23,23,23,23,23
130050,1,1,0,3,0,0,0,0,0,0,0,0
130051,1,1,0,12,0,10,0,0,11,0,0,0
130052,1,1,0,0,0,0,0,0,0,0,0,0
130052,2,1,0,0,0,0,0,0,0,0,0,0
130053,1,1,0,0,0,0,0,0,0,0,0,0
130054,1,1,0,0,0,0,0,0,0,0,15,0
130054,2,1,0,0,27,0,0,0,0,0,0,0
130054,3,1,0,0,0,0,0,0,0,0,0,0
130055,1,1,16,16,16,16,16,16,16,16,16,16
130056,1,1,0,0,0,0,0,0,0,0,0,0
130057,1,1,0,0,0,0,0,0,0,0,0,0
130057,2,1,0,0,0,0,0,0,0,0,0,0
130058,1,1,0,0,0,27,0,0,0,0,0,0
130058,2,1,0,0,0,0,0,0,0,0,0,0
130059,1,1,0,0,0,0,0,0,0,0,0,0
130060,1,1,0,8,0,0,24,0,0,29,33,25
130060,2,1,0,11,0,0,0,0,0,0,0,0
130061,1,1,0,0,0,0,0,0,0,0,0,0
130062,1,1,0,0,0,0,16,0,0,0,0,0
130062,2,1,0,0,0,0,0,0,0,0,0,0
130063,1,1,0,9,13,15,16,3,19,9,8,0
130063,2,1,0,0,0,0,0,0,0,0,0,0
130064,0,1,0,0,22,0,0,0,0,0,0,0
130065,1,1,0,0,0,0,0,0,0,0,0,0
130065,2,1,0,0,0,0,0,0,0,0,0,0
130065,3,1,0,0,0,19,0,12,0,0,11,0
130066,0,1,8,0,0,0,0,0,0,0,0,0
130066,1,1,0,0,0,27,6,0,0,0,0,0
130067,1,1,0,0,0,0,0,0,0,0,0,0
130068,1,1,0,0,0,0,0,0,0,0,0,0
130068,2,1,0,0,0,0,0,0,0,0,0,0
130069,1,1,0,0,11,0,0,0,13,0,0,0
130070,1,1,0,0,0,0,0,0,0,0,0,0
130071,1,1,0,0,0,5,0,6,10,10,0,0
130072,1,1,0,0,0,0,0,0,0,0,0,0
130073,1,1,0,0,0,9,0,0,0,0,0,0
130074,0,1,27,27,27,27,27,27,27,27,27,27
130074,1,1,0,0,0,0,0,0,0,29,0,0
130075,1,1,0,0,0,0,0,0,0,0,0,0
130075,2,1,0,0,0,0,0,0,0,0,0,0
130076,1,1,0,0,0,0,0,26,0,0,0,0
130077,0,1,0,0,0,0,0,0,0,0,0,0
130077,1,1,0,0,0,0,19,0,0,0,0,0
130078,1,1,0,0,0,0,0,0,0,0,0,0
130078,2,1,0,0,0,0,0,0,0,0,0,0
130079,1,1,0,0,0,0,0,15,0,0,0,23
130079,2,1,0,0,0,0,0,0,0,0,0,0
130080,1,1,0,0,0,0,0,0,0,0,0,0
130081,0,1,0,0,0,0,0,0,4,18,0,0
130081,1,1,0,22,0,0,0,0,0,0,0,0
130082,1,1,0,0,0,0,0,0,0,0,0,0
130082,2,1,0,0,0,0,0,0,0,0,0,0
130083,1,1,0,0,0,0,0,0,0,0,0,0
130084,1,1,0,0,0,0,0,0,0,0,0,0
130085,1,1,0,0,0,0,0,0,0,0,0,0
130085,2,1,0,0,0,0,0,0,0,0,0,0
130086,1,1,0,0,0,3,19,0,0,0,14,0
130087,1,1,0,0,0,0,0,0,0,0,0,0
130088,1,1,0,0,0,0,0,0,15,21,0,0
130089,1,1,0,0,0,0,0,12,0,0,27,0
130089,2,1,0,0,16,0,0,0,0,0,0,0
130089,3,1,0,0,0,0,0,0,0,0,0,0
130090,0,1,0,0,0,0,0,0,0,0,0,0
130090,1,1,0,0,0,0,0,0,0,0,0,0
130091,1,1,0,0,0,0,0,0,0,0,0,0
130092,1,1,0,0,0,0,0,0,0,0,27,0
130092,2,1,0,0,0,0,0,0,0,0,0,0
130092,3,1,0,0,0,0,0,0,0,0,0,0
130092,4,1,0,0,0,0,0,0,0,0,0,0
130093,0,1,0,0,0,0,0,0,24,30,0,13
130093,1,1,0,0,0,0,0,0,16,0,0,0
130094,1,1,0,0,0,0,0,0,0,0,0,0
130094,2,1,0,0,0,0,0,0,0,0,0,0
130094,3,1,0,0,0,0,13,0,0,0,0,0
130094,4,1,0,0,0,0,9,0,0,0,0,0
130095,1,1,14,14,14,14,14,14,14,14,14,14
130096,1,1,6,0,11,0,2,0,0,6,12,8
130096,2,1,0,0,0,0,0,0,0,0,16,0
130097,1,1,0,0,0,0,0,0,0,0,0,0
130097,2,1,0,0,0,0,0,0,0,0,0,0
130097,3,1,0,0,0,0,0,0,0,0,0,0
130098,0,1,0,0,0,0,0,21,0,18,35,0
130098,1,1,0,0,0,0,0,0,0,0,0,0
130099,1,1,0,0,0,0,0,0,0,0,0,0
130099,2,1,0,0,0,0,0,0,0,0,0,0
130100,1,1,0,0,0,0,0,0,0,0,0,0
130101,1,1,0,0,0,0,0,0,0,0,0,0
130102,1,1,0,0,0,0,0,0,0,0,0,0
130102,2,1,0,0,0,0,0,0,0,0,5,0
130103,1,1,0,0,0,0,0,0,0,0,0,0
130103,2,1,0,0,0,0,0,0,0,0,0,0
130104,1,1,0,0,0,0,0,0,0,0,0,0
130104,2,1,0,0,0,3,0,0,0,0,0,0
130105,0,1,0,0,0,0,0,0,0,0,0,0
130105,1,1,0,0,0,0,0,0,0,0,0,0
130106,0,1,0,0,50,34,27,0,12,15,20,0
130106,1,1,0,0,0,0,0,0,0,0,0,0
130107,1,1,0,0,0,33,0,0,0,0,0,0
130107,2,1,24,24,24,24,24,24,24,24,24,24
130109,0,1,0,0,0,0,0,7,0,0,0,0
130109,1,1,0,0,0,0,0,0,0,0,0,0
130110,1,1,38,38,38,38,38,38,38,38,38,38
130110,2,1,0,0,0,0,0,0,0,0,0,0
130111,1,1,0,0,0,5,0,0,0,0,0,0
130111,2,1,0,0,0,0,0,0,13,0,0,16
130112,1,1,0,0,9,0,0,0,0,0,0,20
130112,2,1,0,0,7,7,0,0,22,0,0,0
130112,3,1,3,0,0,0,0,0,0,0,0,18
130113,1,1,0,0,0,0,0,0,0,0,0,0
130114,1,1,0,0,6,0,0,0,0,0,0,0
130114,2,1,0,0,0,0,0,0,0,0,0,0
130115,1,1,0,0,0,0,0,0,0,0,0,0
130116,1,1,0,0,0,0,0,11,0,0,0,0
130116,2,1,7,7,7,7,7,7,7,7,7,7
130117,1,1,36,36,36,36,36,36,36,36,36,36
130117,2,1,23,0,0,0,26,0,0,12,0,0
130119,1,1,0,0,0,12,22,0,0,16,9,32
130120,1,1,7,7,7,7,7,7,7,7,7,7
130121,0,1,0,0,0,0,0,0,0,0,0,0
130121,1,1,19,0,22,20,0,28,0,31,0,0
130122,1,1,17,17,17,17,17,17,17,17,17,17
130122,2,1,0,0,0,0,0,0,0,13,0,0
130123,1,1,29,29,29,29,29,29,29,29,29,29
130124,1,1,0,0,0,0,0,0,0,0,0,0
130125,0,1,0,0,0,0,0,0,0,0,0,0
130125,1,1,0,0,0,0,0,0,0,0,0,27
130126,1,1,0,0,17,0,0,20,0,0,0,0
130126,2,1,0,0,0,0,0,0,0,0,0,0
130127,1,1,0,0,0,0,0,0,0,0,0,0
130127,2,1,0,0,0,0,0,0,0,0,0,0
130128,1,1,20,20,20,20,20,20,20,20,20,20
130128,2,1,0,0,0,0,0,0,0,0,0,0
130129,0,1,0,24,0,0,0,0,0,0,0,17
130129,1,1,0,0,0,0,0,0,0,0,0,0
130130,1,1,0,0,0,0,0,0,0,0,0,0
130131,0,1,0,0,0,0,0,0,0,43,0,0
130131,1,1,0,0,0,0,0,0,0,0,0,0
130131,2,1,0,0,0,0,0,0,0,0,0,0
130132,0,1,25,25,25,25,25,25,25,25,25,25
130132,1,1,0,0,0,0,21,8,0,0,0,17
130133,1,1,0,0,0,0,0,0,0,0,0,0
130133,2,1,0,0,0,0,0,0,0,0,0,0
130134,0,1,28,28,28,28,28,28,28,28,28,28
130134,1,1,39,0,7,0,0,0,0,0,0,0
130135,1,1,0,0,0,0,0,21,16,0,0,0
130135,2,1,0,0,0,0,0,0,0,0,0,0
130136,1,1,0,0,0,0,0,0,0,0,0,0
130136,2,1,0,0,0,0,0,0,0,0,0,0
130137,1,1,0,0,0,0,0,0,0,0,0,0
130138,1,1,0,0,0,0,0,0,0,0,0,0
130138,2,1,0,0,0,0,0,0,0,0,0,0
130139,1,1,0,0,0,0,0,0,0,0,24,0
130140,1,1,0,0,0,0,0,0,0,0,0,0
130140,2,1,0,0,0,0,0,0,0,0,0,0
130141,1,1,0,13,0,6,13,17,18,33,0,0
130142,1,1,0,0,0,0,0,0,0,0,0,0
130142,2,1,0,0,0,0,0,0,0,0,0,0
130142,3,1,0,0,0,0,0,0,0,0,0,0
130143,1,1,0,0,0,0,0,13,0,0,0,0
130144,1,1,0,0,22,0,0,0,0,0,0,0
130144,2,1,0,0,0,0,0,0,0,0,0,0
130146,1,1,27,27,27,27,27,27,27,27,27,27
130146,2,1,1,1,1,1,1,1,1,1,1,1
130146,3,1,0,0,0,0,0,0,0,12,0,0
130147,0,1,0,0,9,0,0,0,0,0,0,0
130147,1,1,0,0,0,0,0,0,0,0,0,0
130148,0,1,0,0,0,0,0,0,0,0,0,0
130148,1,1,0,0,0,0,0,27,8,0,0,0
130149,1,1,0,0,0,0,0,0,0,0,0,0
130149,2,1,0,0,0,18,0,0,0,0,0,0
130150,1,1,0,0,0,3,9,0,0,38,0,0
130151,1,1,0,0,0,0,11,0,0,14,26,0
130151,2,1,0,0,0,0,0,0,0,0,0,0
130151,3,1,0,0,0,0,0,0,0,0,0,0
130152,1,1,0,0,0,0,0,0,0,0,0,0
130152,2,1,0,0,0,0,0,0,0,0,0,0
130153,0,1,22,54,0,0,0,0,0,0,0,0
130153,1,1,0,0,8,0,0,0,0,0,0,0
130154,0,1,0,0,0,0,0,0,0,0,28,0
130154,1,1,0,0,0,0,0,0,0,0,0,0