ST_CASE,VEH_NO,PER_NO,P1,P2,P3,P4,P5,P6,P7,P8,P9,P10
130459,1,1,0,0,0,0,0,0,0,0,0,0
130460,1,1,0,0,0,0,0,0,0,0,0,0
130461,1,1,0,10,0,0,0,0,0,0,0,0
130462,1,1,27,27,27,27,27,27,27,27,27,27
130463,1,1,22,22,22,22,22,22,22,22,22,22
130463,2,1,0,0,0,0,0,0,0,0,10,0
130464,1,1,0,0,0,0,14,0,0,22,0,0
130464,2,1,0,0,15,0,0,5,0,0,0,0
130465,1,1,0,0,0,0,0,0,0,0,0,0
130465,2,1,0,0,0,0,0,0,0,0,0,0
130465,3,1,0,0,0,0,0,0,0,0,0,0
130465,4,1,0,0,0,0,0,0,0,0,0,0
130466,1,1,28,0,0,33,9,0,0,14,0,0
130467,1,1,0,0,0,0,0,0,0,0,0,0
130467,2,1,0,0,0,0,0,0,0,0,0,0
130468,1,1,40,40,40,40,40,40,40,40,40,40
130469,1,1,0,0,0,0,0,0,0,0,0,0
130470,1,1,0,0,0,0,0,0,0,0,0,0
130471,1,1,0,0,0,0,0,0,0,0,0,0
130471,2,1,0,0,0,0,20,0,0,0,0,21
130472,0,1,0,0,0,0,13,0,0,0,0,0
130472,1,1,0,0,0,12,0,0,0,0,0,42
130473,1,1,0,0,0,0,0,0,0,0,0,0
130474,0,1,0,0,0,0,0,0,0,13,0,33
130474,1,1,10,17,15,28,9,5,16,11,6,8
130475,1,1,0,0,0,0,0,0,0,0,0,0
130476,1,1,15,15,15,15,15,15,15,15,15,15
130477,1,1,0,0,0,0,0,0,0,0,0,0
130477,2,1,0,0,0,0,0,0,0,0,0,0
130477,3,1,0,0,0,0,0,0,0,0,0,0
130477,4,1,0,0,0,18,0,0,0,0,0,0
130478,1,1,7,7,7,7,7,7,7,7,7,7
130479,1,1,0,0,0,0,0,0,0,0,0,0
130480,1,1,0,0,0,0,0,0,0,0,0,0
130480,2,1,0,0,0,4,0,27,0,0,0,0
130480,3,1,4,0,0,0,0,0,0,0,0,8
130480,4,1,0,0,0,0,0,0,0,0,0,0
130480,5,1,0,0,0,0,0,0,0,0,0,0
130481,1,1,0,16,0,0,0,0,0,0,0,0
130481,2,1,0,0,6,0,0,0,0,0,17,0
130481,3,1,2,12,13,8,0,0,10,3,0,0
130482,1,1,0,0,7,0,0,0,16,0,6,0
130482,2,1,0,0,0,0,0,0,0,0,0,0
130484,1,1,0,0,0,0,0,20,0,0,13,0
130484,2,1,0,0,0,0,0,0,0,0,0,0
130485,1,1,0,0,0,0,0,0,0,0,0,0
130486,1,1,0,0,0,0,0,0,0,0,0,0
130487,1,1,0,0,0,0,0,0,0,0,0,0
130488,1,1,0,0,0,0,0,0,0,0,0,0
130489,1,1,0,0,0,0,0,0,0,0,0,0
130490,1,1,0,0,0,0,0,0,0,0,0,0
130490,2,1,25,0,0,0,0,0,0,0,0,0
130491,1,1,0,0,0,0,0,16,0,0,0,0
130491,2,1,0,0,0,0,0,0,0,0,0,0
130492,1,1,0,0,0,0,0,0,0,0,0,0
130492,2,1,9,0,0,0,0,0,0,0,0,0
130492,3,1,0,0,0,0,0,0,0,0,0,0
130493,1,1,14,14,14,14,14,14,14,14,14,14
130494,1,1,0,0,0,0,0,0,0,0,0,0
130494,2,1,0,0,0,0,5,0,0,0,0,0
130495,1,1,0,0,0,0,0,0,0,0,0,0
130495,2,1,0,0,0,0,0,0,0,0,0,0
130496,1,1,0,0,0,0,0,0,0,0,0,0
130497,1,1,0,0,0,0,0,0,0,0,0,0
130497,2,1,0,0,0,0,0,0,0,0,0,0
130498,0,1,0,0,0,0,0,0,0,0,0,0
130498,1,1,0,0,0,0,0,0,0,0,0,0
130499,1,1,21,21,21,21,21,21,21,21,21,21
130500,1,1,0,0,0,0,0,0,0,0,0,0
130501,1,1,0,0,0,0,0,0,0,0,0,0
130501,2,1,0,0,0,0,0,0,0,0,0,0
130502,1,1,0,0,0,0,0,0,0,0,0,0
130502,2,1,0,0,0,0,4,0,0,0,0,0
130502,3,1,0,0,0,0,0,0,0,0,0,0
130503,1,1,0,0,0,0,0,0,0,0,0,0
130504,1,1,13,13,13,13,13,13,13,13,13,13
130505,1,1,0,0,0,0,0,0,0,0,0,0
130505,2,1,0,0,0,0,0,0,0,0,0,0
130505,3,1,0,0,0,0,0,0,0,0,0,0
130506,1,1,0,0,0,0,0,0,0,0,0,0
130506,2,1,0,0,0,0,0,0,0,0,0,0
130507,1,1,0,0,0,0,0,0,0,0,0,19
130508,1,1,22,22,22,22,22,22,22,22,22,22
130509,0,1,28,28,28,28,28,28,28,28,28,28
130509,1,1,0,0,0,0,0,20,0,0,0,0
130510,1,1,0,0,0,0,0,0,0,0,0,0
130510,2,1,0,0,0,0,0,0,0,0,0,0
130511,1,1,0,0,0,0,0,0,0,0,0,0
130511,2,1,0,0,0,0,0,0,0,0,0,0
130512,1,1,0,0,0,0,0,0,0,0,0,0
130512,2,1,0,0,0,0,0,0,0,0,0,0
130513,1,1,27,27,27,27,27,27,27,27,27,27
130513,2,1,0,0,0,0,0,0,0,0,9,0
130514,1,1,0,0,0,0,0,0,0,0,0,0
130514,2,1,0,0,0,0,0,0,0,0,0,0
130515,1,1,0,0,0,0,0,0,15,0,0,0
130516,1,1,0,0,0,0,0,0,0,0,0,0
130516,2,1,0,0,0,0,0,0,0,0,0,0
130517,1,1,0,0,0,0,0,0,0,0,0,0
130518,0,1,19,29,18,22,33,35,18,14,5,13
130518,1,1,13,0,0,12,0,0,0,0,0,0
130518,2,1,0,22,0,21,24,5,0,0,0,0
130518,3,1,0,0,0,0,0,0,0,0,0,0
130519,1,1,0,0,0,0,0,0,0,0,0,0
130519,2,1,0,0,0,0,0,0,0,0,0,0
130520,1,1,0,0,0,0,0,0,0,0,0,0
130520,2,1,0,0,0,0,0,0,0,0,0,0
130521,0,1,0,0,0,0,0,0,0,0,0,0
130521,1,1,0,0,0,0,0,0,15,0,0,0
130522,1,1,0,14,8,8,4,9,20,12,28,10
130522,2,1,0,0,0,0,0,0,13,0,0,0
130522,3,1,0,0,0,0,0,0,0,11,0,0
130523,1,1,0,0,0,0,0,0,0,0,0,0
130523,2,1,0,0,0,0,0,0,0,0,0,0
130523,3,1,0,0,0,0,0,0,0,0,0,0
130523,4,1,13,0,0,0,0,0,0,0,0,0
130524,1,1,22,22,22,22,22,22,22,22,22,22
130525,1,1,24,24,24,24,24,24,24,24,24,24
130525,2,1,0,0,0,0,0,0,0,0,0,0
130526,1,1,38,38,38,38,38,38,38,38,38,38
130527,1,1,0,0,0,0,0,0,0,0,0,0
130527,2,1,0,0,0,0,0,0,0,0,0,0
130527,3,1,0,0,0,0,0,0,0,0,0,0
130528,1,1,0,0,0,0,0,0,0,0,0,0
130529,1,1,0,0,0,0,0,0,0,0,0,0
130530,1,1,32,8,18,0,17,8,0,12,9,18
130530,2,1,0,0,0,0,0,0,0,0,0,0
130531,1,1,0,0,12,0,0,32,0,0,0,0
130531,2,1,0,0,0,0,0,29,0,0,0,0
130532,1,1,0,0,0,0,0,0,0,0,0,0
130532,2,1,0,0,0,0,0,0,0,0,0,0
130532,3,1,0,0,0,0,0,0,0,0,0,0
130532,4,1,0,0,0,0,0,0,0,0,0,0
130533,1,1,27,27,27,27,27,27,27,27,27,27
130534,1,1,0,0,0,0,0,0,0,0,0,0
130534,2,1,0,0,0,0,0,0,0,0,0,0
130535,0,1,18,0,0,0,0,0,19,0,0,0
130535,1,1,0,0,0,0,0,0,0,0,0,0
130535,2,1,0,22,0,12,0,0,0,0,0,0
130535,3,1,0,0,0,0,0,35,0,0,0,0
130536,0,1,0,0,25,0,0,0,0,0,0,0
130537,1,1,20,23,16,31,27,20,6,14,32,12
130538,0,1,0,0,0,0,0,0,0,0,0,0
130538,1,1,0,0,0,18,0,0,0,0,0,0
130539,1,1,0,0,0,0,0,0,0,0,0,0
130539,2,1,0,0,0,15,0,0,0,0,0,0
130539,3,1,0,0,0,0,0,0,0,0,0,0
130540,1,1,0,0,0,14,0,11,0,0,0,0
130541,1,1,1,1,1,1,1,1,1,1,1,1
130542,1,1,0,0,0,0,0,0,0,0,0,0
130542,2,1,0,0,0,0,0,0,0,0,0,0
130543,1,1,24,24,24,24,24,24,24,24,24,24
130544,1,1,0,16,11,0,0,0,0,21,0,0
130545,1,1,0,0,0,0,0,0,0,0,0,0
130546,1,1,5,5,5,5,5,5,5,5,5,5
130546,2,1,0,0,0,0,0,0,0,0,0,0
130547,0,1,0,0,0,0,0,0,0,0,13,0
130547,1,1,0,0,0,0,0,0,0,0,5,0
130548,1,1,0,0,0,0,0,0,0,0,0,0
130548,2,1,0,0,0,0,0,18,15,0,0,0
130549,1,1,0,0,0,0,0,0,0,0,0,0
130550,1,1,0,0,0,0,0,0,0,0,0,0
130550,2,1,40,40,40,40,40,40,40,40,40,40
130550,3,1,4,4,4,4,4,4,4,4,4,4
130551,1,1,0,0,0,5,24,0,20,16,8,10
130552,1,1,0,7,0,0,0,0,0,0,0,12
130552,2,1,0,0,0,0,19,0,0,0,0,0
130552,3,1,0,0,0,0,0,0,0,0,0,0
130553,1,1,0,0,0,0,0,24,0,0,0,0
130553,2,1,0,0,0,0,0,0,0,0,0,0
130554,1,1,0,0,0,0,0,0,14,16,20,30
130555,1,1,0,0,0,0,0,0,0,15,0,0
130555,2,1,0,0,0,0,0,0,0,0,0,0
130556,1,1,0,0,0,0,0,0,30,0,0,0
130556,2,1,0,20,0,12,0,0,26,0,9,0
130557,1,1,7,19,34,4,15,8,10,22,12,5
130558,1,1,0,16,10,0,0,0,0,0,0,0
130559,1,1,0,0,0,0,0,0,0,0,0,0
130560,1,1,0,0,0,0,0,0,0,0,0,0
130561,1,1,0,0,11,6,0,0,0,0,0,0
130561,2,1,0,0,0,0,0,0,0,0,0,0
130562,0,1,0,0,0,0,0,0,0,0,0,0
130562,1,1,0,0,0,0,0,0,0,0,0,0
130562,2,1,0,0,0,0,0,0,0,0,0,0
130563,1,1,21,0,0,0,10,0,0,0,0,0
130564,1,1,0,0,0,0,0,0,12,0,16,0
130565,0,1,0,0,14,24,15,24,0,0,0,0
130565,1,1,0,0,0,0,0,0,17,0,0,0
130566,0,1,0,0,0,0,0,0,0,0,0,0
130566,1,1,0,0,0,0,0,0,0,0,0,0
130567,1,1,0,0,23,0,0,0,0,0,0,0
130567,2,1,15,15,15,15,15,15,15,15,15,15
130568,1,1,0,0,0,0,0,0,0,0,0,0
130568,2,1,0,0,0,0,0,0,0,0,0,0
130569,1,1,0,0,0,0,0,0,0,0,0,0
130569,2,1,0,16,0,0,0,0,17,0,0,0
130570,1,1,0,0,0,0,0,0,0,0,0,0
130570,2,1,0,0,0,0,0,0,0,0,0,0
130571,1,1,0,0,0,0,0,0,0,0,0,0
130571,2,1,0,0,0,0,0,0,0,0,0,0
130571,3,1,0,0,0,0,0,0,0,0,0,0
130572,1,1,0,0,0,0,0,0,0,0,0,0
130572,2,1,0,0,0,0,0,8,0,0,0,0
130573,0,1,32,32,32,32,32,32,32,32,32,32
130573,1,1,5,5,5,5,5,5,5,5,5,5
130574,0,1,22,8,18,22,25,37,7,0,23,7
130574,1,1,0,0,0,0,0,0,0,0,0,0
130575,1,1,0,0,0,0,0,0,0,0,0,13
130576,1,1,13,20,24,19,7,11,0,27,22,18
130577,0,1,21,0,0,0,0,0,0,0,0,0
130577,1,1,0,0,0,0,0,0,0,0,0,19
130578,1,1,0,17,10,0,0,0,0,0,0,0
130579,1,1,0,0,0,0,0,0,0,0,0,0
130580,1,1,0,0,0,0,0,0,0,0,0,0
130580,2,1,0,0,0,0,0,0,0,0,0,0
130581,1,1,0,0,0,0,0,0,0,0,0,0
130582,1,1,0,0,0,0,0,0,0,0,0,0
130583,1,1,0,0,0,0,0,0,0,0,0,0
130583,2,1,0,0,0,0,0,0,0,0,0,0
130584,1,1,0,0,16,0,0,0,0,0,16,0
130585,1,1,0,0,0,0,0,17,0,0,0,9
130586,1,1,0,0,0,0,0,0,0,0,0,0
130586,2,1,0,0,0,0,0,0,0,0,0,0
130587,1,1,0,18,2,15,0,0,0,0,0,0
130588,1,1,0,0,0,0,0,0,0,0,0,0
130588,2,1,0,0,0,0,0,0,0,0,0,0
130589,1,1,0,4,19,0,0,0,0,0,0,0
130590,1,1,0,0,0,0,0,0,0,0,0,0
130591,0,1,0,0,0,0,14,0,0,0,0,0
130591,0,2,0,22,0,23,22,0,0,11,4,21
130591,1,1,17,17,17,17,17,17,17,17,17,17
130592,0,1,0,37,22,0,0,0,0,0,0,0
130592,1,1,0,0,0,0,0,0,0,0,0,10
130593,1,1,0,0,0,0,0,30,0,0,0,0
130593,2,1,0,0,0,0,9,0,22,0,0,0
130594,0,1,0,0,0,0,0,0,0,0,0,0
130594,1,1,0,0,18,0,0,0,0,0,0,0
130595,1,1,11,5,10,12,17,14,19,21,9,10
130596,1,1,0,0,0,0,0,0,0,0,0,0
130596,2,1,0,0,0,0,0,0,0,0,0,0
130597,1,1,0,0,0,0,0,0,0,0,0,0
130597,2,1,0,0,0,0,0,0,0,0,0,0
130598,1,1,0,0,0,0,0,0,19,0,0,24
130599,1,1,12,23,14,34,17,17,26,9,25,30
130600,1,1,0,0,14,0,0,0,25,0,0,0
130601,1,1,0,0,0,0,0,0,0,0,0,0
130601,2,1,0,0,0,0,0,0,0,0,0,0
130602,1,1,0,0,0,0,0,0,0,0,8,0
130602,2,1,0,0,0,0,0,0,0,0,0,0
130603,1,1,34,16,27,10,12,37,18,29,34,20
130604,1,1,4,0,0,0,0,0,0,0,0,0
130605,1,1,26,0,11,0,23,35,9,21,0,0
130606,0,1,20,25,37,12,12,11,37,5,12,14
130606,1,1,0,0,0,0,0,0,0,0,0,0
130607,1,1,0,0,0,0,15,18,27,0,0,20
130607,2,1,0,0,10,0,0,0,0,0,0,0
130608,1,1,11,27,0,0,14,9,15,0,19,0
130609,1,1,0,0,11,0,0,0,9,0,0,0
130609,2,1,0,0,0,0,0,0,0,0,0,0
130610,1,1,0,0,0,0,0,0,0,0,0,0
130611,0,1,7,0,0,0,0,0,0,0,0,0
130611,1,1,21,0,0,17,18,11,33,7,6,0
130612,1,1,6,0,0,0,0,0,0,16,0,0
130612,2,1,30,4,17,7,9,22,25,11,12,0
130613,1,1,0,0,9,0,20,0,0,0,14,18
130615,1,1,0,0,0,0,0,0,0,0,0,28
130615,2,1,0,0,0,0,0,0,0,0,0,0
130616,0,1,0,0,0,0,0,0,0,0,0,0
130617,1,1,0,0,0,0,0,0,0,0,0,0
130617,2,1,6,6,6,6,6,6,6,6,6,6
130618,1,1,0,0,0,0,0,0,0,0,0,0
130618,2,1,0,0,0,0,0,0,0,0,0,0
130619,1,1,0,0,0,0,0,0,0,0,0,0
130619,2,1,0,0,0,0,0,0,0,0,0,0
130620,1,1,0,0,0,0,0,0,0,0,0,0
130620,2,1,0,0,0,0,0,9,0,0,0,0
130621,1,1,28,18,25,8,18,17,22,8,25,22
130622,1,1,0,0,0,0,0,12,0,0,0,0
130622,2,1,0,0,0,0,29,0,15,24,0,0
130623,0,1,0,0,0,0,0,0,0,0,0,0
130623,1,1,0,0,0,0,0,0,0,0,0,0
130625,1,1,0,0,0,9,0,23,0,0,10,0
130626,1,1,0,0,0,0,0,0,0,0,0,0
130626,2,1,0,0,0,0,0,0,0,0,0,0
130627,1,1,0,0,0,0,0,0,0,0,0,0
130627,2,1,0,0,0,0,0,0,0,0,0,0
130628,1,1,0,0,0,0,0,22,0,0,0,0
130628,2,1,0,0,0,0,0,0,0,0,0,0
130629,1,1,0,0,0,0,0,0,0,0,0,0
130629,2,1,0,0,0,0,0,0,0,0,0,0
130630,1,1,0,0,0,0,0,0,0,0,0,0
130630,2,1,0,0,0,0,0,0,0,0,0,0
130631,1,1,22,22,22,22,22,22,22,22,22,22
130632,1,1,0,0,0,0,0,0,0,0,0,0
130632,2,1,0,0,0,0,0,0,0,0,0,0
130633,1,1,0,0,0,0,0,0,0,0,0,0
130633,2,1,0,0,0,0,0,0,0,0,0,0
130634,1,1,0,0,0,0,0,0,0,0,0,0
130634,2,1,0,0,0,0,0,0,0,0,0,0
130635,1,1,0,0,0,0,0,0,0,0,0,0
130635,2,1,0,0,0,0,0,0,0,0,0,0
130635,3,1,0,0,0,0,0,0,0,0,0,0
130636,1,1,0,0,34,0,0,0,12,27,0,0
130637,1,1,18,18,18,18,18,18,18,18,18,18
130638,1,1,0,0,0,0,0,0,0,0,0,0
130638,2,1,0,0,0,0,0,0,0,0,0,0
130639,1,1,0,36,0,0,0,0,0,0,0,17
130640,1,1,0,0,0,0,0,0,0,0,0,0
130641,1,1,0,20,0,14,0,22,0,0,0,0
130641,2,1,12,0,23,22,0,0,12,0,6,0
130642,1,1,0,0,0,0,0,0,0,0,0,0
130643,1,1,21,21,21,21,21,21,21,21,21,21
130643,2,1,0,0,0,0,0,0,0,0,0,0
130643,3,1,11,0,0,0,0,0,0,0,11,0
130644,1,1,0,18,16,7,26,11,29,0,14,0
130645,1,1,5,17,0,0,0,0,17,0,0,0
130645,2,1,0,17,11,0,0,0,0,0,0,0
130646,0,1,0,7,0,0,0,0,0,0,0,0
130646,1,1,0,0,0,0,0,0,0,0,0,0
130647,1,1,0,0,0,0,0,0,0,0,0,0
130648,1,1,0,0,0,0,28,21,0,0,11,0
130649,1,1,0,0,0,0,0,0,0,0,0,0
130650,1,1,0,0,0,0,0,0,0,0,0,0
130650,2,1,0,0,0,0,0,0,0,0,0,0
130651,1,1,0,0,0,0,0,0,0,33,8,0
130651,2,1,0,0,0,0,0,0,11,0,0,0
130651,3,1,0,0,0,0,0,0,0,0,0,0
130652,1,1,10,0,0,0,0,0,0,0,0,0
130653,1,1,0,0,0,0,0,0,0,0,0,0
130653,2,1,0,0,0,0,0,0,0,0,0,0
130654,1,1,0,0,0,0,0,13,0,0,0,0
130654,2,1,2,4,11,0,0,10,8,0,0,0
130655,1,1,0,9,21,0,12,14,0,10,26,20
130655,2,1,0,0,0,0,0,0,0,0,0,0
130656,1,1,0,0,0,0,0,0,0,0,10,0
130656,2,1,0,0,0,0,0,0,0,0,0,0
130657,0,1,0,0,0,35,0,0,0,3,0,0
130657,1,1,0,0,0,0,0,0,0,0,0,0
130658,1,1,0,0,22,0,0,0,0,0,0,0
130658,2,1,0,13,20,0,0,0,0,0,0,0
130659,0,1,0,0,0,35,0,0,0,51,0,17
130659,1,1,18,14,0,0,0,0,18,0,0,0
130659,2,1,0,0,0,0,7,0,19,0,0,0
130660,1,1,0,0,0,0,0,0,0,0,0,0
130661,0,1,0,0,0,0,0,0,0,0,0,0
130661,1,1,0,21,0,7,0,0,18,0,0,0
130662,1,1,13,0,0,19,18,29,0,0,23,0
130663,1,1,0,0,0,0,0,0,0,0,0,0
130663,2,1,0,0,0,0,6,0,0,0,0,0
130664,1,1,0,31,14,0,0,0,0,0,0,0
130664,2,1,0,0,0,0,0,0,0,0,0,0
130665,1,1,0,0,0,0,13,0,0,0,0,9
130666,1,1,0,0,0,0,10,0,16,0,27,0
130667,0,1,0,0,0,0,0,33,0,0,0,0
130667,1,1,0,0,0,0,14,0,0,0,0,0
130668,1,1,0,0,0,0,0,0,0,0,0,0
130668,2,1,8,15,22,0,0,0,8,0,19,5
130668,3,1,0,0,0,0,0,0,0,0,0,0
130669,0,1,38,0,0,0,24,30,0,0,0,0
130669,1,1,0,16,0,0,0,0,0,0,0,0
130670,1,1,0,0,0,0,0,0,0,0,0,0
130671,1,1,8,0,0,0,0,0,0,0,0,0
130671,2,1,0,0,0,0,0,0,8,0,22,0
130672,1,1,16,16,16,16,16,16,16,16,16,16
130673,1,1,0,21,0,0,12,0,10,0,0,0
130674,1,1,0,0,3,0,0,9,0,0,0,15
130675,1,1,6,6,6,6,6,6,6,6,6,6
130676,1,1,0,0,0,0,0,0,0,0,0,0
130676,2,1,0,0,0,0,0,0,0,0,0,0
130676,3,1,0,0,0,0,0,0,0,0,0,0
130677,1,1,0,0,0,0,0,0,0,0,0,0
130677,2,1,0,0,0,0,0,0,0,0,0,0
130678,1,1,0,0,0,0,0,0,0,0,0,0
130679,1,1,0,0,0,0,0,0,0,0,0,0
130679,2,1,0,0,0,0,0,0,0,0,0,0
130680,1,1,0,0,0,0,0,0,0,0,0,0
130680,2,1,0,0,0,0,0,0,0,0,0,0
130681,1,1,10,4,0,12,11,18,17,19,11,14
130682,1,1,20,34,28,15,13,13,22,27,32,15
130683,1,1,0,0,0,0,0,0,0,0,0,0
130684,1,1,0,0,0,0,0,0,0,0,0,0
130684,2,1,0,0,0,10,0,0,30,8,0,0
130685,1,1,0,0,0,0,0,0,0,0,15,0
130686,1,1,0,0,35,0,0,0,0,0,30,0
130686,2,1,0,0,0,0,0,0,0,0,0,0
130687,1,1,0,0,9,0,0,0,0,7,0,0
130688,1,1,0,0,0,0,0,0,0,0,0,0
130689,1,1,17,0,0,0,0,0,17,0,0,0
130690,1,1,26,23,15,15,10,12,23,10,20,32
130691,1,1,0,0,0,0,0,0,0,0,0,0
130691,2,1,0,0,0,0,0,0,0,0,0,0
130692,1,1,0,0,0,0,0,0,0,0,0,0
130692,2,1,0,0,0,0,0,0,0,0,0,0
130693,1,1,0,0,0,0,0,0,0,0,0,0
130693,2,1,0,0,0,0,0,0,0,0,0,0
130694,1,1,0,0,0,0,0,0,0,0,14,0
130694,2,1,0,0,0,0,0,0,0,0,16,0
130695,1,1,0,16,0,0,0,0,14,0,0,0
130695,2,1,0,0,0,0,0,0,0,0,0,0
130696,1,1,0,0,0,0,0,0,0,15,0,0
130696,2,1,0,0,0,0,0,0,0,0,0,0
130697,1,1,0,0,0,0,0,0,0,0,0,0
130698,1,1,17,17,17,17,17,17,17,17,17,17
130699,1,1,0,0,0,0,0,20,0,22,0,0
130699,2,1,0,0,0,0,0,0,0,0,0,0
130700,1,1,0,0,0,0,0,0,0,0,0,0
130700,2,1,0,0,0,0,0,0,0,0,0,0
130701,1,1,0,0,0,0,0,0,0,0,0,0
130701,2,1,0,0,0,0,0,8,0,0,0,0
130702,1,1,0,0,0,38,16,0,0,0,0,0
130703,1,1,0,0,0,0,15,15,0,14,0,0
130704,1,1,0,0,0,0,0,0,0,0,0,0
130705,1,1,0,0,0,0,0,0,0,0,0,0
130705,2,1,0,0,0,0,0,0,0,0,0,0
130706,1,1,0,0,0,0,0,0,0,0,0,0
130707,1,1,0,0,0,0,0,0,0,0,0,0
130708,0,1,12,12,12,12,12,12,12,12,12,12
130708,1,1,0,0,0,0,0,21,0,0,0,0
130709,1,1,17,17,17,17,17,17,17,17,17,17
130709,2,1,0,0,0,0,0,0,0,0,0,0
130710,1,1,0,0,0,0,0,0,0,0,0,0
130710,2,1,0,0,0,15,0,0,0,0,0,0
130711,1,1,24,20,19,20,0,23,19,30,28,5
130712,1,1,0,0,0,0,0,0,0,0,0,13
130713,1,1,17,17,17,17,17,17,17,17,17,17
130714,1,1,0,0,0,0,0,0,15,0,21,0
130715,1,1,17,17,17,17,17,17,17,17,17,17
130716,1,1,0,0,0,0,0,0,0,0,0,0
130716,2,1,0,0,0,0,0,0,0,0,0,0
130717,1,1,0,0,0,0,0,0,0,0,0,0
130718,1,1,14,14,14,14,14,14,14,14,14,14
130719,1,1,0,0,0,0,0,0,0,0,0,0
130719,2,1,0,0,0,0,0,0,0,0,0,0
130720,1,1,0,0,0,0,0,0,0,12,17,0
130721,1,1,0,0,0,0,0,0,0,0,0,0
130722,1,1,0,14,13,0,0,0,0,0,0,12
130722,2,1,0,0,0,0,0,0,0,6,0,0
130723,1,1,0,0,0,0,0,0,0,0,0,0
130724,1,1,0,0,0,0,0,0,0,0,0,0
130725,1,1,0,0,0,0,0,8,0,0,0,0
130725,2,1,0,0,0,0,0,0,0,0,0,0
130726,1,1,0,0,0,0,0,0,0,0,0,0
130727,1,1,0,0,0,22,0,0,0,0,11,0
130728,1,1,37,37,37,37,37,37,37,37,37,37
130729,1,1,0,0,0,0,0,10,0,0,0,0
130730,1,1,0,0,13,0,0,0,0,0,0,11
130731,1,1,0,0,0,0,0,0,0,0,0,0
130731,2,1,0,0,0,0,0,0,0,0,0,0
130731,3,1,0,0,0,0,0,22,0,0,0,0
130731,4,1,0,0,0,0,0,0,0,0,0,0
130732,1,1,0,0,0,0,0,0,0,22,0,0
130732,2,1,0,0,0,0,0,0,0,0,0,8
130732,3,1,0,0,0,0,0,0,0,0,0,0
130733,1,1,5,24,17,15,5,3,12,9,29,6
130734,1,1,0,0,0,0,0,0,0,0,0,0
130734,3,1,0,0,0,0,0,0,25,0,0,0
130735,1,1,15,10,19,0,18,0,0,0,0,22
130735,2,1,0,0,0,0,0,0,0,0,0,0
130736,1,1,0,0,0,0,0,0,0,0,0,0
130737,1,1,0,0,0,0,0,0,0,0,0,0
130737,2,1,22,0,10,0,0,0,0,0,0,0
130738,1,1,0,0,14,0,7,0,0,0,0,27
130739,0,1,0,0,0,0,0,0,0,0,0,0
130739,1,1,0,0,0,0,0,0,0,0,0,0
130740,0,1,0,0,0,0,0,0,0,0,0,0
130740,1,1,0,0,0,0,0,0,0,0,0,0
130741,1,1,0,0,0,0,0,0,0,3,0,0
130742,1,1,0,19,0,0,0,0,27,0,0,0
130742,2,1,0,0,19,0,0,0,14,0,0,0
130743,1,1,0,0,0,0,13,0,7,0,0,0
130744,1,1,18,18,18,18,18,18,18,18,18,18
130744,2,1,0,0,0,0,0,0,0,0,0,0
130746,1,1,0,0,0,0,0,0,0,0,0,0
130746,2,1,0,0,10,4,0,0,0,0,0,0
130747,1,1,0,0,0,0,0,0,0,0,0,0
130747,2,1,0,0,0,0,0,0,0,0,0,0
130748,1,1,16,15,37,6,17,18,10,8,7,8
130749,0,1,0,0,0,0,0,0,0,0,0,0
130749,1,1,19,0,0,0,0,0,0,0,0,0
130750,1,1,26,26,26,26,26,26,26,26,26,26
130751,1,1,9,11,27,8,41,3,19,37,23,17
130752,1,1,24,24,24,24,24,24,24,24,24,24
130753,1,1,19,19,19,19,19,19,19,19,19,19
130754,1,1,0,0,0,0,14,0,0,10,0,0
130754,2,1,0,0,0,0,0,0,0,0,0,0
130755,0,1,0,0,0,0,0,0,0,0,0,0
130755,1,1,0,0,0,0,0,0,0,0,0,0
130756,1,1,3,3,3,3,3,3,3,3,3,3
130756,2,1,0,0,0,0,0,0,0,0,0,0
130757,1,1,25,0,0,17,0,29,0,0,0,0
130758,1,1,0,0,0,0,0,0,0,0,0,0
130758,2,1,0,0,0,0,0,0,0,0,0,0
130758,3,1,0,0,0,0,0,0,0,0,0,0
130759,1,1,7,7,7,7,7,7,7,7,7,7
130760,1,1,14,14,14,14,14,14,14,14,14,14
130761,1,1,0,0,0,0,0,0,3,0,0,0
130761,2,1,0,0,0,0,0,0,0,0,0,0
130762,1,1,0,0,0,11,19,0,0,0,0,0
130763,1,1,0,0,0,0,0,0,0,0,0,0
130763,2,1,0,0,0,0,0,0,0,0,0,0
130763,4,1,0,0,0,0,0,0,0,0,0,0
130764,1,1,0,0,0,0,0,0,0,0,0,0
130765,0,1,0,56,0,0,5,0,0,0,0,0
130765,1,1,0,0,0,0,0,0,0,0,0,0
130766,1,1,36,36,36,36,36,36,36,36,36,36
130767,1,1,0,14,0,16,8,26,16,23,13,9
130767,2,1,9,0,0,0,0,0,0,0,0,0
130768,1,1,0,4,0,0,0,0,0,0,0,0
130768,2,1,0,11,0,0,0,0,0,0,0,0
130769,1,1,10,24,14,13,11,17,40,8,2,26
130770,0,1,31,21,9,9,8,22,44,18,19,23
130770,1,1,0,0,0,17,0,0,0,0,0,0
130771,0,1,0,0,0,0,0,0,0,0,0,0
130771,1,1,0,0,0,0,0,0,0,0,0,0