ST_CASE,VEH_NO,PER_NO,P1,P2,P3,P4,P5,P6,P7,P8,P9,P10
130771,3,1,0,0,0,0,0,0,0,0,0,0
130772,1,1,8,12,16,30,12,0,0,27,15,35
130773,1,1,7,0,0,0,6,0,0,6,0,7
130773,2,1,0,0,0,0,0,7,0,0,9,23
130774,1,1,0,0,0,0,0,0,0,0,0,0
130775,1,1,50,0,0,0,0,0,10,0,0,7
130775,2,1,0,0,0,0,0,0,0,0,0,0
130775,3,1,0,0,17,0,0,0,0,0,0,0
130775,4,1,0,0,18,0,0,0,0,0,0,0
130776,1,1,18,0,0,0,13,0,0,6,0,0
130776,2,1,0,0,0,0,0,0,0,0,0,0
130777,0,1,8,9,22,21,33,25,19,15,18,21
130777,1,1,12,24,11,13,5,16,18,0,11,8
130778,1,1,23,9,16,25,40,7,11,29,17,7
130779,1,2,0,0,0,0,0,0,0,0,0,0
130779,2,1,0,0,0,0,0,0,0,0,0,0
130780,1,1,0,0,0,0,0,0,0,0,0,0
130781,1,1,0,0,0,0,0,0,0,0,0,0
130781,2,1,0,0,0,7,0,0,0,0,0,0
130783,1,1,0,0,0,0,0,0,0,0,32,16
130784,1,1,0,0,0,16,21,0,0,0,0,0
130784,2,1,0,10,0,0,0,0,0,0,0,24
130785,1,1,0,0,0,0,0,0,11,0,0,0
130786,1,1,0,0,0,0,0,0,0,0,0,0
130786,2,1,0,0,0,0,0,0,0,0,0,0
130787,1,1,27,0,0,0,15,0,0,0,0,0
130788,0,1,0,0,16,0,36,0,0,0,0,0
130788,1,1,6,0,0,0,0,0,0,0,0,22
130790,1,1,0,0,0,0,0,0,0,0,0,0
130790,2,1,0,31,0,0,0,0,0,0,0,0
130791,1,1,0,0,0,0,0,0,0,0,0,0
130791,2,1,0,0,0,0,0,0,0,0,0,0
130792,1,1,0,0,0,0,0,0,0,0,0,0
130793,0,1,34,42,0,5,0,32,0,0,0,0
130793,1,1,0,0,22,0,8,0,0,0,0,0
130794,1,1,0,0,0,0,24,0,0,0,0,0
130794,2,1,0,0,0,0,0,0,0,14,0,12
130795,1,1,0,0,0,0,0,0,0,0,0,0
130795,2,1,0,0,0,0,0,0,0,0,0,0
130796,1,1,0,0,0,0,0,0,0,0,0,0
130796,2,1,0,20,0,0,0,0,0,0,0,0
130797,1,1,0,0,0,0,0,14,0,0,13,0
130797,2,1,0,0,0,0,15,0,0,22,0,0
130798,1,1,0,0,0,0,0,0,0,0,27,0
130798,2,1,0,0,0,0,0,0,0,0,0,0
130798,3,1,0,0,0,0,0,0,0,0,0,0
130799,1,1,17,7,20,16,26,7,27,13,23,22
130799,2,1,0,0,0,0,0,0,0,0,5,0
130801,1,1,0,0,0,0,0,6,0,0,0,0
130802,1,1,0,0,17,0,0,0,0,0,0,0
130803,1,1,0,0,0,0,0,0,0,0,0,0
130803,2,1,0,0,0,0,0,0,0,0,0,0
130804,1,1,0,0,0,0,0,0,0,0,13,0
130805,1,1,0,0,0,0,0,0,0,0,0,0
130805,2,1,0,0,0,16,0,0,0,0,0,0
130806,1,1,0,7,0,0,0,0,0,3,25,0
130807,1,1,17,0,0,0,0,16,0,0,0,0
130808,1,1,0,0,0,0,0,0,0,0,0,0
130808,2,1,0,0,0,0,0,0,0,0,0,24
130809,1,1,0,16,0,0,0,0,0,29,0,0
130809,2,1,0,0,0,0,0,24,0,0,0,0
130810,1,1,6,6,6,6,6,6,6,6,6,6
130811,1,1,17,0,0,0,0,0,0,0,0,26
130812,0,1,0,0,0,0,0,19,0,0,0,0
130812,2,1,0,0,0,0,0,0,0,0,0,0
130812,3,1,0,0,0,0,0,0,16,0,0,0
130812,4,1,0,0,0,0,0,0,0,0,0,0
130813,1,1,16,16,16,16,16,16,16,16,16,16
130814,1,1,12,12,12,12,12,12,12,12,12,12
130814,2,1,0,0,0,0,0,0,0,0,0,0
130814,3,1,0,11,0,0,0,0,0,0,0,0
130815,0,1,31,0,40,0,0,0,0,0,0,0
130815,1,1,0,0,0,22,10,28,0,0,0,0
130816,1,1,6,0,0,0,17,0,0,0,0,0
130817,1,1,0,18,0,0,0,0,0,0,0,0
130818,1,1,0,0,0,0,0,0,0,0,0,0
130818,2,1,0,0,0,0,0,0,0,0,0,0
130819,1,1,0,0,0,0,0,0,0,0,0,0
130819,2,1,0,0,0,0,0,0,0,0,0,0
130820,1,1,0,0,0,0,0,0,0,0,0,0
130820,2,1,0,0,0,0,0,0,0,0,0,0
130820,3,1,0,0,0,0,0,0,0,0,0,0
130820,4,1,0,0,0,0,0,0,0,0,0,0
130820,5,1,0,0,0,0,0,0,0,0,0,0
130820,6,1,0,0,0,0,0,0,0,0,0,0
130821,1,1,0,0,0,0,0,0,0,0,0,0
130821,2,1,0,0,0,0,0,0,0,0,0,0
130821,3,1,0,0,0,0,0,0,0,0,0,0
130822,1,1,0,0,0,0,0,0,0,0,0,0
130823,0,1,34,13,0,24,5,8,12,0,0,0
130823,1,1,0,0,0,0,0,0,0,0,0,0
130824,1,1,0,17,0,0,0,0,0,0,0,0
130825,1,1,14,0,21,0,0,0,0,0,12,0
130826,0,1,28,33,10,7,32,17,41,16,34,9
130826,1,1,16,23,0,0,0,0,9,3,9,11
130827,1,1,0,0,0,0,0,0,0,0,0,0
130828,1,2,0,10,0,0,0,0,0,0,0,0
130828,2,1,0,0,0,0,0,0,0,0,0,0
130829,1,1,8,12,11,14,4,10,18,0,27,21
130829,2,1,0,0,0,0,0,0,0,0,0,0
130830,0,1,9,0,23,9,19,25,14,28,23,32
130830,1,1,0,0,0,0,0,6,3,0,0,0
130831,0,1,0,0,0,0,0,0,0,0,0,0
130831,1,1,0,0,0,0,3,0,0,0,0,0
130832,1,1,20,20,20,20,20,20,20,20,20,20
130833,1,1,0,0,0,0,0,0,0,0,0,0
130833,2,1,0,0,0,0,0,0,0,0,0,0
130834,0,1,10,27,16,8,11,5,4,14,22,28
130834,1,1,0,0,0,6,0,0,0,0,0,0
130835,1,1,25,6,0,0,0,12,14,22,0,6
130835,2,1,0,0,0,0,0,0,0,0,0,0
130836,1,1,0,17,0,0,0,0,0,0,0,0
130836,2,1,0,0,0,0,0,0,0,0,0,0
130837,1,1,0,0,0,0,0,0,3,10,0,14
130838,1,1,17,33,31,17,5,7,9,27,21,13
130839,1,1,0,0,0,0,0,0,0,0,0,0
130840,1,1,0,0,0,0,0,0,0,0,21,0
130840,2,1,0,0,0,0,0,0,0,0,0,0
130841,0,1,0,0,0,0,0,0,0,0,0,0
130841,1,1,5,9,9,18,13,26,14,10,10,29
130841,2,1,0,0,0,0,0,0,0,0,0,0
130842,1,1,0,0,0,0,0,0,0,0,0,0
130842,2,1,0,0,0,0,0,0,0,0,0,0
130842,3,1,0,0,0,0,0,0,0,0,0,0
130843,1,1,0,0,5,0,0,0,0,0,0,0
130844,1,1,0,0,11,0,0,0,35,26,0,10
130845,1,1,0,0,0,0,0,0,0,0,0,0
130845,2,1,0,0,0,0,0,0,3,7,0,0
130845,3,1,0,0,0,0,0,0,0,0,0,0
130845,4,1,0,0,14,0,0,0,0,0,0,0
130846,0,1,0,0,0,0,0,0,0,0,0,0
130846,1,1,14,0,18,11,0,0,28,0,0,8
130847,1,1,24,24,24,24,24,24,24,24,24,24
130848,1,1,0,25,0,0,0,0,0,0,0,26
130848,2,1,0,0,0,0,0,0,0,0,0,0
130849,0,1,0,0,0,0,0,0,0,0,0,0
130849,1,1,0,0,0,0,0,0,0,21,13,0
130850,0,1,13,48,11,5,10,0,18,7,3,34
130850,1,1,0,0,0,0,9,0,0,0,0,0
130851,0,1,0,0,0,0,0,0,0,0,0,0
130851,1,1,3,3,3,3,3,3,3,3,3,3
130852,1,1,23,23,23,23,23,23,23,23,23,23
130853,1,1,0,0,0,0,0,0,0,0,0,0
130853,2,1,0,0,0,0,0,0,0,0,0,0
130854,1,1,0,0,0,0,0,0,0,0,0,0
130855,1,1,13,10,13,13,16,24,12,25,27,15
130856,1,1,11,0,0,0,0,0,28,0,0,12
130856,2,1,0,0,0,0,0,0,0,0,0,0
130857,1,1,0,0,0,0,7,0,0,0,0,0
130858,1,1,0,14,22,10,13,17,8,15,13,16
130858,2,1,0,3,0,12,0,14,23,0,0,4
130859,1,1,0,0,0,0,0,0,0,0,6,0
130859,2,1,0,0,0,0,0,0,0,0,0,0
130860,1,1,0,0,0,0,0,0,0,0,0,0
130860,2,1,0,0,0,0,0,0,0,0,0,0
130860,3,1,0,0,0,0,0,0,0,31,0,0
130861,1,1,0,0,0,20,0,0,12,0,0,0
130862,1,1,0,0,6,0,0,0,0,0,0,0
130862,2,1,10,22,0,0,0,0,0,0,0,0
130864,1,1,0,0,0,0,0,0,0,0,0,0
130864,2,1,0,0,0,0,0,0,0,0,0,0
130865,1,1,0,24,0,28,0,0,0,0,6,18
130866,1,1,0,0,0,0,0,0,0,0,0,0
130867,1,1,0,0,0,0,0,0,0,0,0,0
130867,2,1,0,0,0,0,0,0,0,0,0,0
130868,0,1,0,0,0,0,0,0,22,0,0,0
130868,1,1,0,0,0,11,0,0,0,0,0,0
130869,1,1,0,0,0,0,0,0,0,0,0,0
130869,2,1,3,3,3,3,3,3,3,3,3,3
130870,0,1,36,0,0,0,0,0,0,0,0,0
130870,1,1,0,0,0,0,0,0,0,0,0,0
130871,1,1,0,0,0,0,0,0,0,0,0,0
130871,2,1,0,0,0,0,0,0,0,0,0,0
130871,3,1,0,0,0,0,0,0,0,15,0,0
130872,1,1,0,0,0,0,0,0,0,0,0,0
130873,1,1,0,0,0,0,0,0,0,0,0,0
130873,2,1,0,0,0,0,0,0,0,0,0,0
130874,1,1,0,0,0,0,0,0,0,0,0,0
130874,2,1,0,0,0,0,0,0,0,0,0,0
130875,1,1,0,0,0,0,0,0,0,2,0,0
130875,2,1,0,0,0,0,0,0,0,0,0,0
130876,0,1,0,0,0,0,0,0,0,0,0,0
130876,1,1,0,0,0,0,0,0,0,0,0,0
130877,1,1,0,0,0,0,0,0,0,0,0,0
130878,1,1,0,0,0,19,0,0,0,0,14,0
130879,1,1,4,4,4,4,4,4,4,4,4,4
130879,2,1,33,0,0,0,0,0,0,0,0,0
130880,1,1,0,0,0,0,0,0,0,0,0,0
130880,2,1,0,0,0,0,0,0,0,0,0,0
130880,3,1,0,0,0,31,0,0,25,0,32,0
130881,1,1,0,0,0,0,0,0,0,0,0,0
130881,2,1,0,0,0,0,0,0,0,0,0,0
130882,0,1,24,24,24,24,24,24,24,24,24,24
130882,1,1,0,0,0,0,11,0,0,0,0,0
130883,1,1,14,12,5,27,0,0,7,15,0,19
130884,1,1,24,24,24,24,24,24,24,24,24,24
130885,0,1,0,0,0,0,0,0,0,0,0,0
130885,1,1,21,21,21,21,21,21,21,21,21,21
130886,1,1,0,0,0,0,0,0,0,0,0,0
130886,2,1,0,0,0,0,0,0,0,0,0,0
130887,1,1,8,0,0,0,0,17,0,0,0,0
130887,2,1,0,0,0,0,0,0,0,0,0,0
130888,1,1,9,9,9,9,9,9,9,9,9,9
130889,1,1,19,19,19,19,19,19,19,19,19,19
130890,1,1,16,22,23,17,18,25,38,21,21,5
130891,1,1,0,0,0,16,0,0,0,0,0,0
130892,1,1,25,25,25,25,25,25,25,25,25,25
130893,0,1,9,21,17,6,10,15,36,22,34,4
130893,1,1,0,0,0,9,0,0,0,0,0,0
130894,1,1,6,23,21,0,0,24,0,0,29,0
130894,2,1,0,0,0,0,0,0,0,0,0,0
130895,1,1,0,0,0,0,0,0,0,0,0,0
130896,1,1,5,13,10,19,6,21,16,15,19,5
130897,1,1,12,12,12,12,12,12,12,12,12,12
130898,1,1,12,0,3,13,13,25,23,14,16,18
130899,1,1,0,0,0,0,0,0,0,0,0,0
130900,1,1,0,0,0,0,0,3,16,0,0,0
130900,2,1,0,0,0,0,0,0,0,0,15,0
130900,3,1,0,0,0,0,16,0,0,0,0,0
130901,1,1,0,18,0,17,0,28,3,0,0,24
130902,0,1,0,0,0,0,0,0,0,0,0,0
130902,1,1,0,0,0,0,0,0,0,0,0,0
130904,1,1,8,8,8,8,8,8,8,8,8,8
130905,0,1,0,0,0,0,22,0,0,10,0,0
130905,1,1,0,0,0,0,0,0,0,0,0,0
130906,1,1,0,0,0,0,0,0,13,0,0,33
130907,1,1,0,0,0,0,0,0,0,0,0,0
130908,1,1,0,0,0,0,0,0,0,0,0,0
130909,1,1,0,0,0,0,0,0,0,0,0,0
130909,2,1,0,0,0,0,0,0,0,0,0,0
130910,1,1,0,0,0,0,0,14,0,0,0,17
130910,2,1,0,0,0,0,0,0,0,0,0,0
130911,1,1,0,0,0,0,0,0,0,0,0,0
130911,2,1,0,0,0,0,0,0,0,0,0,0
130912,0,1,0,0,0,0,0,0,0,0,0,0
130912,1,1,0,0,0,0,0,0,0,0,0,0
130913,0,1,17,0,0,0,0,0,0,0,0,0
130913,1,1,0,0,0,0,7,9,0,0,0,20
130914,1,1,0,0,0,0,0,0,0,0,0,0
130915,1,1,28,35,22,15,11,19,36,21,17,21
130916,1,1,0,0,18,0,0,0,0,0,0,29
130916,2,1,0,0,0,0,0,0,0,0,0,0
130917,1,1,8,8,8,8,8,8,8,8,8,8
130917,2,1,12,12,12,12,12,12,12,12,12,12
130918,0,1,16,0,0,0,12,0,0,28,19,0
130918,1,1,0,11,0,0,0,26,0,11,0,0
130919,1,1,0,0,0,0,0,0,0,0,0,0
130920,1,1,0,20,0,0,0,0,15,0,22,0
130920,2,1,12,20,0,0,11,15,12,1,6,12
130921,1,1,0,0,0,0,0,0,0,0,0,0
130922,1,1,0,0,0,0,0,0,0,0,0,0
130922,2,1,0,0,21,10,0,0,0,3,0,0
130922,3,1,0,0,0,17,0,0,0,0,0,0
130923,0,1,18,18,18,18,18,18,18,18,18,18
130923,1,1,0,0,0,0,0,0,0,0,0,0
130924,1,1,0,0,0,0,0,0,0,0,0,0
130924,2,1,0,0,0,0,0,0,0,0,0,0
130925,0,1,0,0,0,0,0,0,0,0,18,0
130925,1,1,0,0,0,0,0,0,0,0,0,0
130926,1,1,12,12,12,12,12,12,12,12,12,12
130927,0,1,1,1,1,1,1,1,1,1,1,1
130927,1,1,0,0,0,0,0,0,0,0,0,0
130927,2,1,0,0,0,0,0,0,6,0,0,0
130928,0,1,0,0,0,0,0,16,17,28,0,0
130928,1,1,0,0,15,0,0,0,0,0,13,0
130929,1,1,2,0,5,41,14,12,19,17,8,15
130929,2,1,0,0,0,0,0,0,0,0,0,0
130930,1,1,9,27,14,21,17,13,23,23,52,12
130931,1,1,0,0,6,0,0,0,0,0,0,0
130931,2,1,0,0,0,0,0,0,23,0,0,0
130932,1,1,10,10,10,10,10,10,10,10,10,10
130933,1,1,0,0,0,0,0,0,0,0,0,0
130933,2,1,0,0,0,0,0,0,0,0,0,0
130934,1,1,0,0,0,0,0,0,0,0,0,0
130934,2,1,12,0,0,0,0,6,0,0,0,0
130935,1,1,15,15,15,15,15,15,15,15,15,15
130936,0,1,0,0,0,0,0,0,5,30,8,0
130936,1,1,0,10,0,0,0,0,21,0,0,0
130937,0,1,0,0,0,0,0,0,22,0,0,0
130937,1,1,0,0,17,0,0,0,0,10,0,0
130938,0,1,0,30,0,0,0,0,0,0,0,0
130938,1,1,0,0,0,0,0,0,0,0,0,0
130939,1,1,0,0,0,0,0,0,0,14,0,0
130940,1,1,0,0,0,0,38,17,9,0,0,0
130941,0,1,0,0,0,0,0,0,22,0,0,33
130941,1,1,0,0,0,14,0,0,0,0,0,0
130943,1,1,0,0,0,0,0,0,0,0,0,0
130943,2,1,0,0,0,0,0,0,0,0,0,0
130944,0,1,0,0,0,0,0,0,0,0,0,0
130944,1,1,0,0,0,0,0,0,0,11,4,0
130945,0,1,0,10,0,0,0,0,0,0,33,0
130945,1,1,0,0,0,0,0,0,0,0,2,0
130946,0,1,0,0,0,0,0,0,0,0,0,0
130946,1,1,0,0,0,0,0,0,21,0,0,0
130947,0,1,0,0,0,0,0,0,0,0,0,23
130947,1,1,0,0,0,0,0,0,0,0,0,0
130948,0,1,10,10,10,10,10,10,10,10,10,10
130948,1,1,0,0,0,0,0,0,0,0,0,0
130949,0,1,0,0,0,0,19,24,0,21,0,0
130949,1,1,0,0,0,0,0,0,0,0,23,0
130950,1,1,0,15,0,14,13,0,0,16,23,15
130951,1,1,18,0,0,10,0,0,0,16,14,0
130952,1,1,0,0,0,16,0,9,0,0,0,2
130952,2,1,0,0,0,0,0,0,0,0,0,0
130953,1,1,16,12,6,8,11,9,21,0,0,34
130954,1,1,0,17,0,16,0,14,15,18,19,20
130954,2,1,0,0,0,0,0,0,0,0,0,15
130955,0,1,28,12,20,42,16,9,24,6,5,27
130955,1,1,0,0,0,0,0,0,0,0,0,0
130956,1,1,2,2,2,2,2,2,2,2,2,2
130958,0,1,0,0,5,16,0,0,0,0,0,0
130958,1,1,0,0,0,0,0,0,0,0,0,0
130959,1,1,0,0,0,0,0,0,0,0,0,0
130959,2,1,14,0,0,0,0,0,0,0,0,0
130960,0,1,0,0,0,30,0,0,0,0,0,0
130960,1,1,0,0,0,0,0,0,0,0,0,0
130961,1,1,31,9,0,0,0,0,0,27,0,0
130962,1,1,0,0,0,0,0,0,0,0,0,0
130963,1,1,0,0,0,0,0,0,0,0,0,14
130963,2,1,0,0,0,0,0,0,0,0,0,0
130964,1,2,0,0,0,0,0,0,0,0,0,0
130964,2,1,0,0,0,0,0,0,0,9,0,0
130965,1,1,23,0,4,9,0,4,5,17,21,8
130966,0,1,0,0,0,19,0,0,0,0,0,0
130966,1,1,0,0,0,0,12,12,0,0,0,0
130967,0,1,0,0,0,0,0,9,0,0,30,0
130967,1,1,27,11,13,25,17,18,9,20,21,0
130968,0,1,25,24,20,19,30,19,15,0,13,18
130968,1,1,0,0,8,0,0,0,0,0,0,0
130968,2,1,0,0,0,24,0,0,0,0,0,0
130969,1,1,11,26,13,18,15,14,15,4,18,3
130970,1,1,0,0,0,0,0,0,0,0,0,0
130970,2,1,0,0,0,0,0,0,0,0,0,0
130970,3,1,0,0,0,0,0,0,0,0,0,0
130971,1,1,0,0,0,0,0,0,0,0,0,0
130971,2,1,0,0,0,0,0,0,0,0,0,0
130972,0,1,0,0,0,0,0,0,0,0,0,0
130972,1,1,0,0,7,0,0,0,0,0,0,0
130972,2,1,0,0,0,0,0,0,0,0,0,0
130973,1,1,0,0,0,0,0,15,0,5,0,0
130973,2,1,24,0,13,0,0,0,0,0,0,0
130974,0,1,0,0,0,0,19,0,30,0,0,15
130974,1,1,0,0,0,0,0,0,0,0,0,0
130975,1,1,0,0,0,0,0,0,0,0,0,0
130975,2,1,0,0,0,0,0,0,0,0,0,0
130976,1,1,22,22,22,22,22,22,22,22,22,22
130976,2,1,18,0,0,0,0,13,0,0,0,0
130976,3,1,0,0,0,0,0,0,0,0,0,0
130977,1,1,6,14,9,17,18,2,17,14,0,9
130977,2,1,0,0,0,0,0,0,0,0,0,0
130978,1,1,28,0,23,13,8,28,12,10,13,22
130979,1,1,0,0,0,0,0,0,0,0,0,0
130979,2,1,0,0,0,0,0,0,0,0,0,0
130980,1,1,0,0,0,30,0,0,0,0,0,0
130981,1,1,0,0,0,17,0,0,22,0,0,0
130982,1,1,0,0,0,0,0,21,0,0,0,0
130982,2,1,0,0,0,0,0,0,0,0,0,0
130983,1,1,11,11,11,11,11,11,11,11,11,11
130983,2,1,0,9,0,5,0,0,0,0,0,0
130984,1,1,0,0,0,0,0,0,0,0,0,0
130985,1,1,7,7,7,7,7,7,7,7,7,7
130986,1,1,0,0,0,22,0,0,0,0,0,0
130987,1,1,0,0,0,0,0,0,0,0,0,0
130987,2,1,0,0,0,0,0,0,0,0,0,0
130988,1,1,0,0,0,0,0,0,0,12,17,0
130988,2,1,0,0,0,0,0,0,0,0,0,0
130989,1,1,0,0,0,0,0,0,0,0,0,0
130989,2,1,0,0,0,0,0,0,0,0,0,0
130990,1,1,0,0,0,14,0,0,0,0,0,0
130991,1,1,4,4,4,4,4,4,4,4,4,4
130992,1,1,0,0,0,0,0,0,0,0,0,0
130993,1,1,3,3,3,3,3,3,3,3,3,3
130993,2,1,0,0,0,0,0,0,0,0,0,0
130994,1,1,0,0,0,18,0,0,0,0,16,0
130995,1,1,0,0,0,0,0,0,0,0,0,0
130995,2,1,0,0,0,0,0,0,0,0,0,0
130995,3,1,0,0,0,0,0,0,0,0,0,0
130995,4,1,0,0,0,0,0,0,0,0,0,0
130996,1,1,0,0,0,0,0,0,0,0,0,0
130996,2,1,0,0,0,0,0,0,0,0,0,0
130996,3,1,0,0,0,0,0,0,0,0,0,0
130997,1,1,0,0,0,0,0,0,0,0,0,0
130997,2,1,27,0,0,0,0,0,0,0,0,0
130998,0,1,0,11,0,0,11,0,14,0,0,14
130998,1,1,0,0,0,16,0,0,0,0,0,0
130998,2,1,0,8,0,0,8,0,0,0,0,0
130999,1,1,0,0,0,0,0,0,0,0,0,0
130999,2,1,0,0,5,0,8,0,0,0,0,0
131000,0,1,0,0,0,0,0,0,0,0,0,0
131000,1,1,0,0,0,0,0,0,0,0,0,0
131001,1,1,0,0,0,0,0,0,0,0,0,0
131001,2,1,0,0,0,0,0,0,26,23,0,21
131003,1,1,19,0,22,17,29,22,15,2,24,8
131003,2,1,0,0,0,0,0,0,0,0,0,0
131004,1,1,14,14,0,0,0,0,17,12,0,36
131005,1,1,0,0,0,0,0,0,0,0,0,0
131005,2,1,0,0,0,0,0,0,0,0,0,0
131006,1,1,0,0,0,0,0,0,0,0,0,0
131006,2,1,0,0,0,0,0,0,0,0,0,0
131007,0,1,0,12,0,21,0,27,12,0,0,0
131007,1,1,0,18,0,0,12,0,0,0,0,0
131008,1,1,0,0,0,0,0,0,0,0,0,0
131008,2,1,0,0,0,0,0,0,0,0,0,0
131009,1,1,4,4,4,4,4,4,4,4,4,4
131010,1,1,0,0,0,0,0,14,25,15,0,0
131011,1,1,0,0,0,0,0,0,0,0,0,0
131011,2,1,0,0,0,0,0,30,0,0,0,0
131012,0,1,0,0,0,0,0,0,0,0,0,0
131012,3,1,12,0,12,0,0,0,22,15,4,9
131013,1,1,0,0,0,0,0,0,0,0,0,0
131013,2,1,0,0,0,0,0,0,0,0,0,0
131014,1,1,0,0,0,0,0,0,0,0,0,0
131014,2,1,0,0,0,0,0,0,0,0,0,0
131015,1,1,0,0,0,0,0,0,0,0,0,0
131015,2,1,0,0,0,0,0,10,0,0,0,0
131015,3,1,20,0,0,0,0,17,0,22,0,0
131016,0,1,0,0,0,0,0,0,0,0,0,0
131016,1,1,0,11,0,0,0,0,0,0,0,19
131016,2,1,0,0,0,0,0,0,0,0,8,0
131017,1,1,3,3,3,3,3,3,3,3,3,3
131018,1,1,9,21,0,0,0,7,0,0,0,22
131018,2,1,0,0,0,0,0,7,6,0,0,0
131018,3,1,0,0,0,0,0,0,0,0,0,17
131018,4,1,6,0,0,0,0,0,0,0,0,0
131020,0,1,25,17,18,30,23,19,20,0,9,36
131020,1,1,0,0,0,0,0,0,0,0,0,0
131021,0,1,0,0,0,0,0,0,0,0,25,0
131021,1,1,0,0,0,0,0,0,0,0,0,0
131021,2,1,29,0,0,11,25,0,0,0,0,0
131022,1,1,0,0,0,0,0,0,8,11,0,0
131023,1,1,28,28,28,28,28,28,28,28,28,28
131023,2,1,0,0,0,0,0,0,0,0,0,0
131024,1,1,0,26,18,0,0,0,14,10,18,0
131025,1,1,28,28,28,28,28,28,28,28,28,28
131026,1,1,0,0,0,0,0,0,0,0,0,0
131026,2,1,0,0,0,0,0,0,0,0,0,0
131027,1,1,0,0,0,0,0,0,0,0,0,0
131027,2,1,0,0,0,0,0,0,0,0,0,0
131028,1,1,0,0,6,0,0,0,0,0,7,0
131028,2,1,0,0,0,0,0,0,0,0,0,0
131029,1,1,25,25,25,25,25,25,25,25,25,25
131030,1,1,22,22,22,22,22,22,22,22,22,22
131030,2,1,0,0,0,0,0,28,0,7,0,0
131031,1,1,16,11,9,22,13,20,9,24,21,17
131032,0,1,19,19,19,19,19,19,19,19,19,19
131032,1,1,0,0,0,0,0,0,0,0,0,0
131033,1,1,0,0,0,0,0,0,0,0,0,0
131033,2,1,0,0,17,0,0,0,0,0,0,0
131034,0,1,0,0,15,8,8,0,10,29,0,0
131034,1,1,27,0,0,0,0,0,0,0,0,0
131035,1,1,0,0,0,0,0,0,0,0,0,0
131036,1,1,0,0,0,0,0,0,0,0,0,0
131036,2,1,0,0,0,0,0,0,0,0,0,0
131037,0,1,0,0,0,0,0,0,32,0,0,0
131037,1,1,0,0,0,0,0,0,0,0,0,0
131037,2,1,0,0,21,0,0,0,0,0,0,0
131038,1,1,46,0,0,31,0,15,17,9,23,6
131039,1,1,0,0,22,0,0,0,7,0,0,0
131040,1,1,0,0,0,0,0,0,0,0,0,0
131040,2,1,0,0,0,0,0,0,0,0,0,0
131041,1,1,0,0,0,0,0,0,0,0,0,0
131041,2,1,0,0,0,0,0,0,0,0,0,0
131042,1,1,0,0,0,0,0,0,0,0,0,12
131042,2,1,0,0,0,0,0,0,0,0,0,0
131043,1,1,22,22,22,22,22,22,22,22,22,22
131044,1,1,21,23,12,7,13,26,33,20,2,27
131045,1,1,0,0,0,0,0,0,0,0,0,0
131045,2,1,0,0,0,0,0,0,0,0,0,0
131046,1,1,19,19,19,19,19,19,19,19,19,19
131046,2,1,6,6,6,6,6,6,6,6,6,6
131047,0,1,55,0,0,0,0,0,0,0,24,0
131047,1,1,0,0,0,0,0,0,0,0,0,0
131048,1,1,0,0,0,0,14,0,0,0,0,0
131048,2,1,23,0,0,0,0,0,17,0,0,0
131049,1,1,8,8,8,8,8,8,8,8,8,8
131050,1,1,0,0,0,0,0,0,0,0,0,0
131050,2,1,22,0,0,0,0,0,0,0,0,0
131051,1,1,0,0,0,0,0,24,0,0,0,0
131051,2,1,0,0,0,0,0,0,0,0,0,0
131052,0,1,17,9,15,15,25,19,7,9,25,0
131052,1,1,0,0,0,0,0,0,0,0,0,0
131053,1,1,0,0,0,0,0,0,0,0,0,0
131053,2,1,0,0,0,0,29,0,0,0,24,0
131054,1,1,0,0,0,0,15,0,0,0,0,0
131055,0,1,0,0,0,0,0,0,0,0,0,0
131055,1,1,0,0,0,0,0,0,0,0,0,0
131056,1,1,0,0,0,0,0,0,0,0,0,0
131056,2,1,0,0,0,0,0,0,0,0,0,0
131057,1,1,0,0,0,0,0,0,0,0,0,0
131057,2,1,0,0,0,0,0,0,0,0,0,0
131057,3,1,0,0,0,0,0,0,0,0,0,0
131057,4,1,0,0,0,0,0,0,0,0,0,0
131057,5,1,0,0,0,0,0,4,0,0,0,0
131057,6,1,0,0,0,0,0,0,0,0,0,0
131057,7,1,0,0,0,0,0,0,0,0,0,0
131057,8,1,0,0,0,0,0,0,0,0,0,0
131057,9,1,0,0,0,0,0,0,0,0,0,0
131057,10,1,0,0,0,0,0,0,0,0,0,0
131058,1,1,0,0,0,0,0,0,0,0,0,0
131058,2,1,0,0,0,0,0,0,0,0,0,0
131060,1,1,0,0,0,0,0,0,0,0,0,0
131060,2,1,0,0,0,0,0,0,0,0,0,0
131061,1,1,0,0,0,0,0,0,0,0,0,0
131062,1,1,0,0,0,0,0,0,0,0,0,0
131062,2,1,0,0,0,0,0,0,0,0,0,0
131063,1,1,0,0,23,0,0,0,0,0,0,0
131063,2,1,0,0,0,0,0,0,0,0,0,0
131063,3,1,0,0,0,0,12,0,0,0,0,0
131064,0,1,5,0,21,0,0,26,28,0,0,0
131064,1,1,0,0,0,0,0,0,0,0,0,0
131065,1,1,6,6,6,6,6,6,6,6,6,6
131065,2,1,0,0,0,0,0,0,0,0,0,0
131065,3,1,0,0,7,0,0,5,0,0,0,0
131065,4,1,0,10,0,0,0,0,0,0,0,0
131065,5,1,0,0,0,0,0,0,0,0,0,0