ST_CASE,VEH_NO,PER_NO,P1,P2,P3,P4,P5,P6,P7,P8,P9,P10
160005,2,1,0,0,23,0,0,0,0,0,0,0
160006,1,1,0,0,0,0,0,0,0,0,0,0
160006,2,1,0,0,0,0,0,0,0,0,0,0
160007,1,1,5,5,5,5,5,5,5,5,5,5
160008,1,1,0,0,0,0,0,0,0,0,0,0
160009,1,1,0,0,0,0,0,0,0,0,0,0
160009,2,1,0,0,0,0,0,0,0,0,0,0
160009,3,1,0,0,0,0,0,0,0,0,0,0
160010,1,1,0,0,0,0,0,0,0,0,0,0
160010,2,1,0,0,0,0,0,0,0,0,0,0
160011,0,1,0,0,0,0,0,0,0,0,0,0
160011,1,1,0,0,0,0,0,0,0,0,0,0
160012,1,1,13,13,13,13,13,13,13,13,13,13
160013,0,1,0,0,0,0,0,0,0,0,0,0
160013,2,1,3,3,3,3,3,3,3,3,3,3
160013,3,1,0,0,0,0,0,0,0,0,0,0
160014,1,1,0,0,0,0,0,0,0,0,0,0
160014,2,1,0,0,0,0,0,0,0,0,0,0
160015,1,1,16,16,16,16,16,16,16,16,16,16
160015,2,1,0,0,0,0,0,0,0,0,0,0
160016,1,1,0,0,0,0,0,0,0,0,0,0
160016,2,1,0,0,0,0,0,0,0,0,0,0
160017,0,1,33,33,33,33,33,33,33,33,33,33
160017,1,1,0,0,0,0,0,0,0,0,0,0
160018,1,1,0,0,0,0,0,0,0,0,0,0
160018,2,1,0,0,0,0,0,0,0,0,0,0
160019,1,1,10,10,10,10,10,10,10,10,10,10
160020,1,1,0,0,0,0,0,0,0,0,0,0
160021,1,1,19,19,19,19,19,19,19,19,19,19
160022,1,1,0,0,0,0,0,0,0,0,0,0
160022,2,1,0,0,0,0,0,0,0,0,0,0
160023,1,1,0,0,0,0,0,0,0,0,0,0
160023,2,1,0,0,0,0,0,0,0,0,0,0
160023,3,1,0,0,0,0,0,0,0,0,0,0
160023,4,1,0,0,0,0,0,0,0,0,0,0
160024,1,1,0,0,0,0,0,0,0,0,0,0
160025,1,1,0,0,0,0,0,0,0,0,0,0
160025,2,1,0,0,0,0,16,0,0,0,0,0
160026,1,1,10,10,10,10,10,10,10,10,10,10
160027,1,1,0,0,0,0,0,0,0,0,0,0
160027,2,1,0,0,0,0,0,0,0,0,0,0
160028,1,1,11,11,11,11,11,11,11,11,11,11
160028,2,1,0,0,0,0,0,0,0,0,0,0
160028,3,1,0,0,0,0,0,0,0,0,0,0
160029,1,1,15,15,15,15,15,15,15,15,15,15
160030,1,1,0,0,0,0,0,0,0,0,0,0
160030,2,1,0,0,0,0,0,0,0,0,0,0
160031,0,1,0,0,0,0,0,0,0,0,0,0
160031,1,1,0,0,0,0,0,0,0,0,0,0
160032,1,1,29,29,29,29,29,29,29,29,29,29
160033,1,1,2,2,2,2,2,2,2,2,2,2
160033,2,1,2,2,2,2,2,2,2,2,2,2
160034,1,1,0,0,0,0,0,0,0,0,0,0
160034,2,1,0,0,0,17,0,0,0,0,0,0
160035,1,1,0,0,0,0,0,0,0,0,0,0
160035,2,1,0,0,0,0,0,0,0,0,0,0
160036,1,1,0,0,0,0,0,0,0,0,0,0
160037,1,1,2,2,2,2,2,2,2,2,2,2
160038,1,1,0,0,0,0,0,0,0,0,0,0
160039,1,1,0,0,0,0,0,0,0,0,0,0
160039,2,1,0,0,0,0,0,0,0,0,0,0
160040,1,1,16,16,16,16,16,16,16,16,16,16
160041,1,1,0,0,0,0,0,0,0,0,0,0
160042,1,1,0,0,0,0,0,0,0,0,0,0
160043,1,1,22,22,22,22,22,22,22,22,22,22
160043,2,1,0,0,0,11,0,0,0,0,0,18
160044,1,1,2,2,2,2,2,2,2,2,2,2
160044,2,1,0,0,0,0,0,0,0,0,0,0
160045,1,1,12,12,12,12,12,12,12,12,12,12
160046,1,1,0,0,0,0,0,0,0,0,0,0
160046,2,1,0,0,0,0,0,0,0,0,0,0
160047,1,1,16,16,16,16,16,16,16,16,16,16
160047,2,1,37,27,0,0,0,0,0,20,0,0
160048,1,1,0,0,19,0,0,0,0,0,0,0
160048,2,1,0,0,0,0,0,0,0,0,0,0
160049,1,1,0,0,0,0,0,0,0,0,0,0
160049,2,1,0,0,0,0,0,0,0,0,0,0
160050,1,1,0,0,0,14,0,0,0,0,0,15
160050,2,1,0,0,0,0,0,0,0,0,0,0
160051,1,1,0,0,0,0,0,0,0,0,0,0
160052,1,1,15,15,15,15,15,15,15,15,15,15
160053,1,1,0,0,0,0,0,0,0,0,0,0
160054,1,1,0,0,0,0,0,0,0,0,0,0
160055,0,1,0,0,0,0,0,0,28,13,0,10
160055,1,1,0,0,0,0,0,0,0,0,0,0
160056,1,1,31,31,31,31,31,31,31,31,31,31
160056,2,1,0,0,0,0,0,0,0,0,0,0
160057,1,1,14,14,14,14,14,14,14,14,14,14
160058,1,1,0,0,0,0,0,0,0,0,0,0
160059,1,1,15,15,15,15,15,15,15,15,15,15
160060,1,1,20,20,20,20,20,20,20,20,20,20
160061,1,1,4,4,4,4,4,4,4,4,4,4
160062,1,1,18,18,18,18,18,18,18,18,18,18
160062,2,1,0,0,0,0,0,0,0,0,0,0
160063,1,1,18,18,18,18,18,18,18,18,18,18
160064,1,1,0,0,0,0,19,0,12,0,0,0
160065,1,1,0,0,0,0,0,0,0,0,0,0
160065,2,1,0,0,0,0,0,0,0,0,0,0
160066,1,1,0,0,0,0,0,0,0,0,0,0
160066,2,1,0,0,0,0,0,0,0,0,0,0
160067,1,1,0,0,0,0,0,0,0,0,0,0
160067,2,1,0,0,0,0,0,0,0,0,0,0
160067,3,1,0,0,0,0,0,0,0,0,0,0
160067,4,1,0,0,0,0,0,0,0,0,0,0
160068,1,1,0,0,0,0,0,0,0,0,0,0
160068,2,1,0,0,0,0,0,0,0,0,0,0
160068,3,1,0,0,0,0,0,0,0,27,0,0
160069,1,1,0,0,0,0,0,0,0,0,0,0
160070,1,1,19,19,19,19,19,19,19,19,19,19
160071,1,1,0,0,0,0,0,0,0,0,0,10
160072,1,1,0,12,0,9,0,0,11,0,0,0
160073,0,1,0,0,0,0,0,0,0,0,0,0
160073,1,1,0,0,0,0,0,0,0,0,0,0
160074,1,1,14,14,14,14,14,14,14,14,14,14
160075,1,1,0,0,0,0,0,0,0,0,0,0
160075,2,1,0,0,0,0,0,0,0,0,0,0
160076,0,1,0,0,0,0,0,0,0,0,0,0
160076,1,1,0,0,0,0,0,0,0,0,0,0
160077,1,1,0,0,0,0,0,0,0,0,0,0
160078,1,1,0,0,0,0,0,0,0,0,0,0
160079,1,1,0,0,0,0,0,0,0,0,0,0
160079,2,1,0,0,0,0,0,0,0,0,0,0
160079,3,1,0,0,0,0,0,0,0,0,0,0
160080,1,1,0,0,0,0,20,0,0,0,6,0
160081,1,1,12,12,12,12,12,12,12,12,12,12
160082,1,1,0,0,0,0,0,0,0,0,9,0
160082,2,1,0,0,0,0,0,0,0,0,0,0
160082,3,1,0,0,0,0,0,0,0,0,0,0
160083,1,1,18,18,18,18,18,18,18,18,18,18
160084,1,1,0,0,0,0,0,0,0,0,0,0
160085,1,1,0,0,0,0,0,0,0,0,0,0
160085,2,1,0,0,0,0,0,0,0,0,0,0
160086,1,1,0,0,0,0,0,0,0,0,0,0
160086,2,1,0,0,0,0,0,0,0,0,0,0
160087,1,1,0,0,0,0,0,0,0,0,0,0
160087,2,1,0,0,0,0,0,0,0,0,0,0
160088,1,1,0,0,0,28,0,0,0,0,0,0
160088,2,1,0,0,0,0,0,0,0,0,0,0
160089,1,1,0,0,0,0,0,0,0,0,0,0
160090,1,1,0,0,0,0,0,0,11,0,0,0
160090,2,1,0,0,0,0,0,0,0,0,0,0
160091,0,1,19,19,19,19,19,19,19,19,19,19
160091,1,1,20,20,20,20,20,20,20,20,20,20
160092,1,1,7,7,7,7,7,7,7,7,7,7
160092,2,1,0,0,0,0,0,0,0,0,0,0
160093,1,1,0,0,0,0,0,0,0,0,0,0
160094,1,1,0,0,0,0,0,0,0,0,0,0
160094,2,1,0,0,0,0,0,0,0,0,0,19
160095,1,1,0,0,0,0,0,0,0,0,0,0
160095,2,1,0,0,0,0,0,0,0,0,0,0
160096,1,1,0,0,0,0,0,0,0,0,0,0
160096,2,1,0,0,0,0,0,0,0,0,0,0
160097,1,1,0,0,0,0,0,0,0,0,0,0
160097,2,1,0,0,0,0,0,0,0,0,0,0
160098,1,1,0,0,0,0,0,0,0,0,0,0
160099,1,1,1,1,1,1,1,1,1,1,1,1
160099,2,1,0,0,0,0,0,0,0,0,0,0
160100,0,1,21,9,13,13,6,30,15,19,22,21
160100,1,1,0,0,0,0,0,0,0,0,0,0
160101,1,1,0,0,0,0,0,0,0,0,0,0
160102,1,1,24,24,24,24,24,24,24,24,24,24
160103,1,1,10,10,10,10,10,10,10,10,10,10
160103,2,1,0,0,0,0,0,0,0,0,0,0
160104,1,1,0,0,0,0,0,11,0,0,0,0
160105,1,1,0,0,0,0,8,0,0,0,0,0
160105,2,1,0,0,0,0,0,0,24,0,0,0
160105,3,1,0,0,0,0,0,0,0,0,0,0
160106,1,1,0,0,31,0,0,0,0,0,0,0
160106,2,1,0,0,0,0,0,0,0,0,0,0
160107,1,1,0,0,20,0,0,0,0,0,0,0
160108,1,1,0,0,0,0,0,0,0,0,0,0
160108,2,1,0,0,0,0,0,0,0,0,0,0
160109,1,1,0,0,0,0,0,0,0,0,0,0
160110,1,1,0,0,0,0,0,0,0,0,0,0
160111,1,1,24,24,24,24,24,24,24,24,24,24
160113,1,1,0,0,0,0,0,0,0,0,0,0
160113,2,1,0,0,0,0,0,0,0,0,0,0
160114,0,1,28,28,28,28,28,28,28,28,28,28
160114,1,1,0,0,0,0,0,0,0,0,0,0
160115,1,1,21,11,18,12,12,16,27,12,21,32
160116,1,1,21,21,21,21,21,21,21,21,21,21
160117,1,1,0,0,0,0,0,0,0,0,0,0
160118,0,1,0,0,0,0,0,0,0,0,0,0
160118,1,1,0,0,0,0,0,0,0,0,0,0
160119,1,1,23,24,4,5,4,15,25,15,16,8
160121,1,1,0,0,0,0,0,0,0,0,0,0
160122,1,1,20,20,20,20,20,20,20,20,20,20
160123,0,1,0,0,0,0,0,0,0,0,0,0
160123,1,1,0,0,0,0,0,0,0,0,0,0
160124,1,1,0,0,0,0,0,0,0,0,0,0
160125,1,1,0,0,0,0,0,0,0,0,0,0
160125,2,1,0,0,0,0,0,0,0,0,0,0
160126,0,1,15,15,15,15,15,15,15,15,15,15
160126,1,1,0,0,0,0,0,7,0,0,0,0
160127,1,1,0,0,0,0,0,0,0,0,0,0
160127,2,1,0,0,0,0,0,0,0,0,0,0
160127,3,1,0,0,0,0,0,0,0,0,0,0
160128,1,1,27,27,27,27,27,27,27,27,27,27
160128,2,1,0,0,0,0,0,0,0,0,0,0
160129,1,1,0,0,0,0,0,0,0,0,0,0
160129,2,1,0,0,0,0,0,0,0,0,0,0
160129,3,1,0,0,0,0,0,0,0,0,0,0
160130,1,1,5,5,5,5,5,5,5,5,5,5
160131,1,1,15,15,15,15,15,15,15,15,15,15
160131,2,1,0,0,0,0,0,0,0,0,0,0
160132,1,1,0,0,0,0,0,0,0,0,0,0
160132,2,1,0,0,0,0,0,0,0,3,0,0
160133,1,1,0,0,0,0,0,0,0,0,0,0
160133,2,1,0,0,0,0,0,0,0,0,23,0
160133,3,1,0,0,0,0,0,0,0,0,0,0
160133,4,1,0,0,0,0,0,0,0,0,0,0
160134,1,1,0,0,0,0,0,0,0,0,0,0
160134,2,1,0,0,0,0,0,0,0,0,0,0
160135,1,1,12,12,12,12,12,12,12,12,12,12
160135,2,1,0,0,0,0,0,0,0,0,0,0
160136,1,1,9,9,9,9,9,9,9,9,9,9
160137,1,1,0,0,0,0,0,0,0,0,0,0
160137,2,1,0,0,12,14,10,0,13,0,6,8
160137,3,1,0,0,0,0,0,0,0,0,0,0
160137,4,1,0,0,0,0,0,0,0,0,0,0
160138,1,1,0,0,0,0,0,0,0,0,0,0
160139,1,1,0,0,0,0,0,0,0,0,0,0
160140,1,1,11,14,29,21,6,24,26,15,0,23
160140,2,1,28,19,22,27,15,16,48,15,9,16
160141,1,1,0,0,11,0,0,0,43,0,20,0
160142,1,1,0,0,0,0,0,0,0,0,0,0
160143,1,1,0,0,0,0,0,0,0,0,0,0
160143,2,1,0,0,0,0,0,0,0,0,0,0
160143,3,1,11,0,0,0,0,0,0,0,0,0
160143,4,1,0,0,0,15,0,0,0,0,0,0
160143,5,1,0,0,0,0,0,0,0,0,0,0
160144,0,1,0,0,0,0,0,0,0,0,0,0
160144,1,1,0,0,0,0,0,0,0,0,0,0
160145,0,1,0,0,0,0,0,0,0,0,0,0
160145,1,1,0,0,0,0,0,11,0,0,0,0
160146,1,1,0,0,0,0,0,27,0,0,0,0
160146,2,1,0,0,0,0,0,0,0,0,0,0
160148,1,1,9,9,9,9,9,9,9,9,9,9
160148,2,1,0,0,0,0,0,0,0,0,0,0
160148,3,1,0,0,0,0,0,0,0,0,0,0
160149,1,1,0,20,0,24,0,0,0,0,0,0
160150,1,1,0,0,0,0,0,0,0,0,0,0
160150,2,1,0,0,0,0,0,0,0,0,0,0
160151,1,1,0,27,0,0,0,0,0,0,0,0
160152,1,1,28,28,28,28,28,28,28,28,28,28
160153,1,1,0,0,0,0,0,0,0,0,0,0
160153,2,1,0,0,0,0,0,0,0,0,0,0
160154,1,1,0,0,0,0,0,0,0,0,0,0
160155,1,1,0,0,0,0,0,0,0,0,0,0
160156,1,1,13,17,31,13,17,0,0,0,6,30
160156,2,1,0,0,0,0,0,0,0,3,0,0
160157,1,1,0,0,0,0,0,0,0,0,0,0
160157,2,1,0,0,0,0,0,0,0,0,0,0
160158,1,1,0,0,0,0,0,0,0,0,0,0
160159,1,1,16,16,16,16,16,16,16,16,16,16
160159,2,1,0,0,0,0,0,0,0,0,0,0
160160,1,1,0,0,0,0,0,0,0,0,0,0
160161,1,1,29,20,0,16,0,0,0,12,0,0
160162,1,1,0,0,0,0,0,0,0,0,0,0
160162,2,1,0,0,0,0,0,0,0,0,0,0
160162,3,1,0,0,0,0,0,0,0,0,0,0
160163,1,1,0,0,0,0,0,0,0,0,0,0
160163,2,1,0,0,0,0,0,0,0,0,0,0
160164,1,1,0,0,0,0,0,0,0,0,0,0
160165,1,1,0,0,0,0,0,0,0,0,0,0
160166,0,1,0,0,0,0,0,0,0,0,0,0
160166,0,2,0,21,0,0,0,0,0,18,0,0
160166,1,1,0,0,0,0,0,0,0,0,0,0
160167,1,1,0,0,0,0,0,0,0,0,0,0
160168,1,1,0,0,0,0,0,0,0,0,0,0
160168,2,1,0,0,0,0,0,0,0,0,0,0
160168,3,1,0,0,0,0,0,0,0,0,0,0
160169,1,1,0,0,0,0,0,0,0,0,0,0
160170,1,1,0,0,0,0,0,0,0,0,0,0
160170,2,1,0,0,0,0,0,0,0,0,0,0
160171,1,1,0,0,0,0,0,0,0,7,31,0
160172,1,1,0,0,0,0,0,0,0,11,0,14
160173,1,1,23,23,23,23,23,23,23,23,23,23
160173,2,1,5,7,0,10,0,0,6,0,0,3
160174,1,1,0,0,0,0,0,0,0,0,0,0
160174,2,1,0,0,0,0,0,0,0,0,0,0
160175,1,1,14,14,14,14,14,14,14,14,14,14
160175,2,1,0,0,0,0,0,0,0,0,0,0
160176,1,1,0,0,0,0,0,0,0,0,0,0
160177,1,1,0,0,0,0,0,0,0,0,0,0
160177,2,1,0,0,0,0,0,0,0,0,0,0
160178,1,1,16,16,16,16,16,16,16,16,16,16
160179,1,1,16,16,16,16,16,16,16,16,16,16
160179,2,1,0,0,0,0,0,0,0,0,0,0
160179,3,1,0,0,0,0,10,0,0,0,0,0
160180,1,1,0,0,0,0,0,0,0,0,0,0
160180,2,1,0,0,0,0,0,0,0,0,0,0
160181,1,1,5,5,5,5,5,5,5,5,5,5
160182,1,1,6,6,6,6,6,6,6,6,6,6
160183,1,1,0,0,0,0,0,0,0,0,0,0
160184,1,1,0,0,0,0,0,0,0,15,0,0
160185,1,1,13,0,36,25,18,8,17,22,10,6
160186,1,1,16,2,16,20,4,5,0,0,33,0
160186,2,1,0,0,0,0,0,0,0,0,0,0
160187,1,1,0,0,0,0,0,0,0,0,0,0
160187,2,1,0,0,0,0,0,0,0,0,0,0
160188,0,1,0,0,0,0,15,0,0,0,18,0
160188,1,1,0,0,8,0,15,6,0,0,0,0
160189,1,1,0,0,0,0,0,0,0,0,0,0
160189,2,1,0,0,0,0,0,0,0,0,0,0
160190,1,1,0,0,0,0,0,0,0,0,0,0
160191,1,1,10,10,10,10,10,10,10,10,10,10
170001,0,1,21,25,0,0,6,24,23,15,0,28
170001,1,1,0,0,0,0,0,0,0,0,0,18
170002,1,1,0,0,0,0,0,0,0,0,0,0
170002,2,1,0,0,0,0,0,0,0,0,0,0
170003,1,1,0,0,0,23,0,11,0,0,0,0
170004,0,1,13,12,23,0,7,0,44,45,0,31
170004,1,1,0,0,0,0,0,0,0,0,0,0
170005,1,1,15,0,0,0,12,0,0,0,7,19
170005,2,1,0,0,0,0,0,0,0,0,0,0
170006,1,1,0,0,0,0,0,0,0,0,0,0
170006,2,1,0,0,0,0,0,0,0,0,0,0
170007,1,1,0,0,0,0,0,0,0,0,0,0
170007,2,1,0,0,0,0,0,0,0,0,0,0
170007,3,1,0,0,0,0,0,0,0,0,0,0
170008,1,1,0,0,0,0,0,0,0,0,0,0
170008,2,1,0,0,0,9,0,0,0,0,0,0
170009,1,1,11,0,20,0,16,27,13,33,0,28
170009,2,1,0,0,0,0,0,0,0,8,0,24
170010,0,1,16,0,0,0,0,0,19,0,0,0
170010,1,1,0,8,14,22,12,19,0,17,16,8
170011,1,1,0,0,0,0,0,0,0,0,0,0
170011,2,1,0,0,0,0,0,0,0,0,0,0
170012,1,1,8,11,6,4,11,8,15,9,0,11
170013,0,1,0,0,0,0,0,0,0,0,0,0
170013,1,1,0,0,0,0,0,0,0,0,0,0
170014,1,1,36,36,36,36,36,36,36,36,36,36
170014,2,1,0,0,0,0,0,0,0,0,0,0
170015,1,1,0,0,0,0,0,0,0,0,0,0
170016,1,1,15,0,15,0,0,0,0,14,0,0
170017,0,1,10,23,10,0,21,0,44,30,4,25
170017,1,1,0,0,0,0,0,0,0,0,0,0
170018,0,1,0,17,29,0,0,18,0,0,9,23
170018,1,1,9,0,0,3,11,0,0,6,12,0
170019,1,1,0,0,18,16,0,18,0,16,0,0
170020,0,1,13,13,13,13,13,13,13,13,13,13
170020,1,1,0,0,0,0,0,0,0,0,0,0
170021,0,1,32,7,0,23,0,41,0,0,0,33
170021,1,1,30,0,0,21,0,0,0,0,14,8
170022,1,1,15,0,37,0,24,0,0,21,0,0
170022,2,1,0,0,11,0,0,16,0,0,0,0
170022,3,1,0,0,0,0,0,0,0,0,0,0
170023,1,1,0,0,0,0,0,18,0,0,0,0
170023,2,1,0,0,0,0,0,0,0,0,0,0
170024,1,1,18,0,0,9,20,0,0,0,0,0
170024,2,1,0,0,0,0,0,0,0,0,0,0
170025,1,1,0,14,0,0,0,0,0,24,0,0
170025,2,1,0,0,0,0,0,0,0,0,0,0
170025,3,1,0,0,0,0,0,0,0,0,0,0
170026,1,1,0,0,0,0,0,0,0,0,0,0
170026,2,1,0,0,0,0,0,0,0,0,0,0
170027,1,1,0,0,0,0,0,16,0,0,0,0
170027,2,1,0,0,0,0,0,0,0,0,0,0
170028,1,1,27,0,0,10,0,0,11,0,18,0
170028,2,1,11,0,0,0,0,10,0,0,0,0
170029,1,1,0,0,0,0,0,0,0,0,12,0
170030,1,1,35,0,0,29,17,24,10,0,0,0
170031,0,1,19,19,19,19,19,19,19,19,19,19
170031,1,1,0,0,0,0,0,0,0,0,0,0
170032,1,1,0,0,0,0,23,0,0,0,0,0
170032,2,1,0,0,0,0,0,0,0,0,0,0
170033,1,1,0,0,0,0,0,0,0,0,0,0
170033,2,1,0,0,0,0,0,0,0,0,0,0
170034,1,1,17,17,23,0,0,0,13,0,9,0
170035,1,1,16,33,9,0,12,12,12,25,16,26
170036,1,1,0,0,0,0,23,0,4,0,17,0
170037,1,1,12,0,0,0,0,0,0,0,0,0
170038,1,1,0,0,0,0,0,0,0,0,40,0
170039,1,1,22,22,22,22,22,22,22,22,22,22
170040,1,1,10,4,0,13,17,0,0,10,0,13
170041,1,1,0,0,0,0,0,0,0,0,0,0
170041,2,1,0,0,0,0,0,0,0,0,0,0
170042,1,1,28,28,28,28,28,28,28,28,28,28
170042,2,1,0,0,0,0,0,0,0,0,0,0
170043,1,1,0,0,0,0,0,0,0,0,0,0
170043,2,1,0,0,0,0,0,0,0,0,0,0
170044,1,1,13,0,7,0,0,0,16,22,0,0
170045,1,1,0,0,0,4,0,0,0,0,21,18
170046,1,1,0,0,0,0,0,0,0,0,0,0
170046,2,1,0,0,0,0,0,0,0,0,0,0
170047,1,1,0,0,0,0,0,0,0,0,8,0
170047,2,1,0,0,0,8,0,22,11,0,0,0
170048,1,1,0,0,0,0,0,0,0,0,0,0
170048,2,1,0,0,0,0,0,0,0,0,0,0
170049,0,1,37,37,37,37,37,37,37,37,37,37
170049,1,1,0,0,0,0,0,0,0,0,0,24
170050,1,1,0,0,0,22,0,20,0,0,0,18
170051,1,1,0,0,0,0,0,0,0,0,0,0
170051,2,1,0,0,0,0,0,0,0,0,0,0
170052,1,1,0,14,0,15,0,0,0,0,20,0
170053,1,1,0,0,0,0,0,0,0,0,0,0
170054,1,1,11,0,0,27,0,24,19,0,0,0
170054,2,1,0,4,0,0,0,0,0,0,0,0
170055,1,1,0,0,0,0,0,0,0,0,0,0
170055,2,1,0,0,0,0,0,0,0,0,0,0
170055,3,1,0,0,0,0,0,0,0,0,0,0
170056,1,1,28,28,28,28,28,28,28,28,28,28
170057,1,1,14,14,14,14,14,14,14,14,14,14
170057,2,1,0,0,0,0,0,0,0,0,0,0
170058,0,1,0,0,0,24,0,0,0,0,0,0
170058,1,1,26,0,0,0,0,0,0,0,0,10
170059,1,1,0,0,0,0,0,0,0,0,0,0
170060,0,1,16,25,0,0,0,0,0,0,0,0
170060,1,1,0,0,18,0,0,0,0,0,11,26
170061,1,1,0,0,0,0,0,0,0,0,10,0
170061,2,1,0,0,0,0,0,0,0,0,0,0
170062,0,1,0,0,17,0,0,19,0,11,0,0
170062,1,1,0,0,0,0,0,0,0,0,0,0
170062,2,1,0,0,0,0,0,0,0,0,0,0
170063,1,1,10,0,0,0,0,31,0,0,0,0
170064,1,1,0,0,0,0,0,13,0,0,0,0
170065,1,1,0,0,0,0,0,0,0,0,0,0
170065,2,1,0,0,0,0,0,0,0,0,0,0
170066,0,1,15,0,0,0,0,0,0,33,0,27
170066,1,1,0,0,0,0,12,0,0,0,0,0
170067,1,1,0,17,8,0,0,16,0,0,0,0
170067,2,1,0,0,0,0,0,0,10,0,7,0
170069,1,1,25,35,14,9,9,22,17,12,11,16
170070,1,1,13,13,13,13,13,13,13,13,13,13
170070,2,1,0,0,0,0,10,8,0,0,0,0
170071,1,1,16,16,16,16,16,16,16,16,16,16
170072,1,1,0,0,0,0,0,0,0,0,0,0
170073,1,1,19,0,9,0,0,0,0,0,0,0
170073,2,1,0,0,0,0,19,0,0,0,0,0
170074,1,1,15,15,15,15,15,15,15,15,15,15
170074,2,1,0,0,0,0,0,0,0,0,0,0
170075,0,1,0,0,0,0,7,0,0,0,0,0
170075,0,2,0,0,0,0,0,0,0,0,0,0
170075,1,1,0,0,0,0,0,0,0,0,0,0
170076,0,1,23,23,23,23,23,23,23,23,23,23
170076,1,1,0,0,0,16,0,0,0,0,0,0
170077,1,1,0,0,25,28,0,0,40,0,11,21
170078,1,1,0,0,0,0,0,0,0,0,0,0
170079,1,1,0,0,0,0,0,0,0,0,0,0
170080,1,1,0,0,0,0,0,0,0,0,0,0
170080,2,1,0,0,0,0,0,0,0,0,0,0
170081,1,1,16,27,13,10,16,0,12,22,0,9
170082,1,1,0,0,0,26,0,0,0,24,10,0
170082,2,1,23,6,14,24,18,30,9,22,7,16
170083,1,1,0,0,0,0,0,0,0,0,16,0
170083,2,1,0,0,0,3,13,0,0,16,0,0
170084,1,1,16,16,16,16,16,16,16,16,16,16
170085,1,1,0,0,25,18,0,0,0,0,0,0
170085,2,1,0,0,0,0,0,0,0,0,0,0
170087,1,1,0,0,0,0,0,0,0,0,0,0
170087,2,1,0,0,0,0,0,0,0,0,0,0
170088,1,1,10,43,0,11,0,0,29,0,5,4
170088,2,1,0,0,0,0,0,0,0,0,0,0
170089,1,1,0,12,0,0,0,32,0,25,0,18
170090,0,1,0,0,0,0,12,0,22,0,0,0
170090,1,1,6,20,0,0,10,0,0,10,16,15
170091,0,1,21,9,0,0,0,0,0,0,0,0
170091,1,1,0,0,0,0,0,0,0,0,0,0
170092,1,1,19,0,0,0,0,0,0,0,0,0
170092,2,1,0,0,0,0,0,0,0,0,0,0
170093,1,1,0,0,0,12,0,0,0,19,0,0
170093,2,1,0,0,0,8,0,0,23,0,13,0
170094,1,1,20,0,0,0,26,0,0,0,23,0
170095,0,1,0,0,0,0,0,0,0,0,0,0
170095,1,1,0,0,0,0,0,0,0,0,0,0
170096,1,1,0,0,0,0,0,0,0,0,0,0
170097,1,1,0,0,0,0,0,0,0,0,0,0
170097,2,1,0,0,0,0,0,0,0,0,0,0
170098,1,1,0,0,15,0,37,13,17,0,30,9
170098,2,1,16,7,22,22,7,35,14,0,10,5
170099,1,1,0,0,0,0,0,23,0,0,0,0
170099,2,1,0,0,0,0,0,0,0,0,0,0
170100,1,1,9,0,0,0,20,0,14,0,0,13
170101,1,1,0,0,0,0,0,0,0,0,0,0
170101,2,1,0,0,0,0,27,0,14,0,0,0
170103,1,1,0,0,0,0,0,0,0,0,0,0
170104,1,1,28,0,0,17,0,0,0,0,0,0
170104,2,1,0,0,0,0,0,0,0,0,11,0
170105,0,1,0,0,0,0,0,0,0,0,0,0
170105,1,1,0,0,0,0,0,0,0,0,0,0
170105,2,1,0,0,0,0,0,0,0,0,0,0
170106,1,1,19,0,0,37,0,0,12,0,0,13
170107,1,1,11,11,11,11,11,11,11,11,11,11
170108,1,1,19,19,19,19,19,19,19,19,19,19
170109,1,1,0,0,0,0,0,0,0,0,0,0
170109,2,1,0,0,0,0,0,0,0,0,0,0
170110,1,1,23,0,15,6,10,16,12,0,0,11
170111,1,1,0,14,0,0,0,15,13,0,9,11
170111,2,1,0,0,0,0,0,0,0,0,0,0
170112,0,1,26,0,0,18,0,23,0,0,0,0
170112,1,1,0,0,0,0,0,0,0,0,0,0
170113,1,1,29,14,13,17,4,22,21,30,15,8
170113,2,1,19,29,0,22,0,19,0,0,0,0
170114,1,1,0,0,0,0,0,0,0,0,0,0
170114,2,1,0,0,0,0,0,0,0,0,3,0
170115,0,1,0,0,0,0,0,0,0,0,0,0
170115,1,1,15,0,0,0,0,0,0,0,0,0
170116,1,1,14,24,0,25,38,0,8,0,14,0
170117,1,1,8,24,7,14,5,16,10,22,15,15
170118,1,1,0,0,0,0,0,0,0,0,0,0
170119,1,1,0,0,0,0,0,19,0,0,0,0
170119,2,1,0,0,0,0,20,0,0,0,0,0
170120,1,1,0,0,10,0,0,33,8,0,0,22
170120,2,1,12,0,0,10,5,23,0,0,0,0
170121,1,1,0,0,0,0,0,0,0,0,0,0
170121,2,1,0,0,0,0,0,12,0,15,0,0
170122,0,1,0,0,0,0,0,0,0,0,0,0
170122,1,1,0,0,0,0,0,0,0,0,0,0