ST_CASE,VEH_NO,PER_NO,P1,P2,P3,P4,P5,P6,P7,P8,P9,P10
170123,1,1,10,0,0,0,39,0,22,0,0,30
170124,1,1,0,0,0,20,0,0,0,0,0,0
170124,2,1,0,0,0,0,0,0,0,0,0,0
170124,3,1,0,0,0,0,0,0,0,0,0,0
170124,4,1,0,0,0,0,0,0,0,0,0,0
170124,5,1,0,0,0,0,0,0,0,0,0,0
170125,0,1,2,2,2,2,2,2,2,2,2,2
170125,1,1,1,1,1,1,1,1,1,1,1,1
170125,2,1,0,0,0,0,0,0,0,0,0,0
170126,1,1,0,12,0,0,0,0,0,0,0,0
170126,2,1,0,0,0,0,0,0,0,0,0,0
170126,3,1,0,0,0,0,0,0,0,0,0,0
170126,4,1,0,0,0,0,0,0,24,14,0,0
170126,5,1,0,0,0,0,0,0,0,0,0,0
170127,1,1,0,0,0,0,0,0,0,0,0,0
170129,1,1,0,0,0,9,0,0,35,0,0,0
170130,0,1,0,15,0,50,12,25,10,18,34,24
170130,1,1,0,0,0,0,0,0,0,0,0,9
170131,1,1,12,12,12,12,12,12,12,12,12,12
170133,1,1,0,0,0,0,0,0,0,0,0,6
170134,1,1,0,0,0,0,0,0,0,0,0,0
170135,1,1,0,0,0,0,0,0,0,0,0,0
170136,1,1,14,0,0,0,12,0,0,0,0,0
170136,2,1,0,0,0,0,0,0,0,0,0,0
170137,1,1,6,0,8,16,30,10,0,13,16,13
170138,1,1,0,0,0,0,0,0,0,0,0,0
170138,2,1,0,0,0,0,0,0,0,0,0,0
170139,1,1,0,39,19,16,0,27,23,26,19,15
170140,1,1,0,0,0,27,0,22,0,0,0,0
170141,1,1,12,12,12,12,12,12,12,12,12,12
170141,2,1,0,0,0,0,0,0,0,0,0,0
170142,1,1,0,0,9,0,0,0,0,0,9,0
170143,0,1,24,24,27,0,0,0,0,0,0,0
170143,1,1,13,0,0,0,0,0,0,0,0,0
170144,1,1,0,19,0,0,0,0,0,0,19,0
170145,1,1,6,6,6,6,6,6,6,6,6,6
170146,1,1,0,0,0,0,0,0,0,0,0,0
170146,2,1,0,0,0,0,0,0,0,0,0,0
170146,3,1,0,0,0,0,0,0,0,0,0,0
170147,0,1,0,0,0,0,0,0,0,0,0,0
170147,1,1,0,0,0,0,0,0,0,0,0,0
170148,1,1,15,15,15,15,15,15,15,15,15,15
170149,1,1,4,0,0,0,22,12,30,19,0,16
170150,1,1,0,0,0,0,0,0,0,0,0,0
170150,2,1,3,0,0,0,0,0,0,0,0,0
170151,1,1,0,0,12,0,0,0,0,0,0,0
170151,2,1,0,13,19,26,19,5,0,3,12,0
170151,3,1,0,0,0,0,0,0,15,4,0,0
170152,1,1,12,9,10,21,14,9,20,0,22,10
170153,1,1,17,17,17,17,17,17,17,17,17,17
170153,2,1,8,0,0,0,0,0,0,11,0,0
170154,0,1,24,0,0,13,19,0,0,0,0,0
170154,1,1,0,0,0,0,0,0,0,7,0,0
170155,1,1,0,0,9,0,23,0,0,0,0,0
170155,2,1,0,0,0,0,0,0,0,0,0,0
170156,0,1,0,0,0,0,0,0,0,0,0,0
170156,1,1,0,0,0,0,0,0,0,0,0,0
170157,1,1,0,0,0,0,0,0,0,0,0,0
170158,1,1,14,9,6,13,23,0,17,17,28,22
170159,1,1,0,0,0,0,0,4,0,0,29,0
170160,1,1,0,0,0,0,0,0,0,0,0,0
170160,2,1,0,0,0,0,0,0,0,0,0,0
170161,0,1,0,0,0,0,0,0,0,0,0,0
170161,1,1,0,0,0,0,0,0,0,0,0,0
170162,1,1,0,0,39,18,0,20,0,0,14,27
170163,1,1,16,16,16,16,16,16,16,16,16,16
170164,1,1,20,20,20,20,20,20,20,20,20,20
170164,2,1,18,0,0,0,0,0,0,16,0,0
170165,1,1,0,0,0,0,0,0,0,0,0,0
170166,1,1,10,10,10,10,10,10,10,10,10,10
170166,2,1,0,0,0,0,0,0,0,0,0,0
170167,1,1,0,0,0,0,0,0,0,0,0,0
170167,2,1,0,0,0,0,0,0,0,0,0,0
170168,1,1,16,16,16,16,16,16,16,16,16,16
170168,2,1,0,0,0,0,0,0,0,0,0,0
170168,3,1,0,0,0,0,0,0,0,0,0,0
170169,1,1,6,6,6,6,6,6,6,6,6,6
170169,2,1,0,0,0,0,0,0,0,0,0,0
170170,1,1,1,1,1,1,1,1,1,1,1,1
170170,2,1,0,0,0,0,0,0,0,0,0,0
170171,0,1,21,0,0,0,6,33,0,12,30,6
170171,1,1,0,14,0,21,10,13,0,0,0,0
170172,1,1,0,0,0,0,9,0,0,0,0,0
170172,2,1,0,7,0,0,0,0,0,0,0,18
170172,3,1,0,0,0,0,0,0,0,0,0,0
170173,1,1,0,11,0,21,0,0,0,0,28,16
170174,1,1,0,0,0,0,14,0,0,0,0,0
170175,1,1,0,0,0,0,0,0,0,0,0,0
170176,1,1,0,0,0,0,0,0,0,0,0,0
170176,2,1,0,0,0,0,0,0,0,0,0,0
170176,3,1,0,0,0,0,0,0,0,0,0,0
170177,1,1,15,15,15,15,15,15,15,15,15,15
170178,1,1,0,0,0,0,0,0,0,0,0,0
170178,2,1,0,0,0,0,0,0,0,0,0,0
170179,0,1,0,0,0,0,0,0,0,0,0,0
170179,1,1,0,0,0,0,0,0,0,0,0,0
170180,0,1,0,6,0,24,23,24,22,0,0,0
170180,1,1,0,0,0,10,0,0,0,0,0,0
170181,1,1,0,0,0,0,0,0,0,0,0,0
170181,2,1,0,0,0,0,0,0,0,0,0,0
170182,1,1,0,0,0,0,0,0,0,0,0,0
170182,2,1,0,0,0,18,0,0,0,0,0,0
170183,1,1,9,9,9,9,9,9,9,9,9,9
170184,1,1,21,21,21,21,21,21,21,21,21,21
170185,0,1,0,0,0,0,0,0,26,0,0,0
170185,1,1,30,0,5,0,0,0,0,0,0,0
170185,2,1,0,0,0,0,0,0,0,0,0,0
170185,3,1,0,0,0,0,0,0,0,0,11,0
170185,4,1,0,0,0,0,0,0,0,0,0,0
170186,1,1,0,0,0,18,0,0,0,0,0,0
170186,2,1,0,0,0,0,0,0,0,0,0,0
170186,3,1,0,0,0,0,0,0,0,0,0,0
170187,0,1,12,23,0,0,0,0,11,0,0,0
170187,1,1,0,0,0,21,0,18,0,19,15,13
170187,2,1,0,0,0,0,0,0,0,0,0,0
170188,1,1,0,0,0,13,0,0,19,13,28,0
170189,1,1,0,0,0,0,0,0,0,0,0,0
170189,2,1,0,0,0,0,0,0,0,0,0,0
170191,1,1,0,11,0,0,16,0,0,0,0,0
170192,0,1,0,0,0,0,0,0,0,0,0,0
170192,1,1,0,0,0,0,0,0,0,0,0,0
170193,1,1,0,8,0,0,19,0,0,0,0,0
170193,2,1,0,0,0,0,0,0,0,0,0,0
170194,1,1,0,0,0,0,7,0,0,0,0,0
170195,1,1,0,0,0,0,0,0,0,0,0,0
170195,2,1,0,0,0,0,0,0,0,0,0,0
170197,1,1,7,7,7,7,7,7,7,7,7,7
170198,1,1,0,0,0,0,0,0,0,0,0,0
170199,1,1,0,0,0,0,0,0,0,0,6,0
170199,2,1,0,0,5,0,0,0,0,0,8,0
170200,1,1,0,0,0,0,0,0,0,0,0,0
170201,0,1,0,0,0,0,0,0,5,0,0,0
170201,1,1,0,0,0,0,0,0,0,0,0,0
170202,1,1,36,36,36,36,36,36,36,36,36,36
170203,1,1,0,18,0,0,0,0,0,0,0,0
170203,2,1,0,24,0,0,34,0,0,0,0,0
170204,1,1,0,0,0,0,0,0,0,0,0,0
170204,2,1,0,0,0,0,0,0,23,0,0,3
170205,0,1,33,25,18,8,23,30,27,21,17,6
170205,1,1,0,0,0,0,0,0,0,0,0,0
170206,1,1,0,0,0,0,0,0,0,0,0,0
170207,1,1,0,0,0,0,0,0,0,11,0,0
170207,2,1,0,0,0,0,0,0,0,0,0,0
170208,1,1,0,0,0,0,0,0,0,0,0,0
170208,2,1,0,0,0,0,0,0,0,0,0,0
170209,1,1,0,0,0,0,0,0,0,0,0,0
170210,1,1,17,0,4,0,0,13,19,0,25,10
170210,2,1,0,0,0,0,0,0,0,0,0,0
170210,3,1,0,0,0,0,0,0,0,24,0,0
170211,0,1,0,0,0,0,0,27,15,11,0,0
170211,1,1,0,0,0,0,0,0,0,0,0,0
170212,1,1,11,4,20,2,19,15,15,26,18,21
170213,1,1,19,19,19,19,19,19,19,19,19,19
170215,1,1,1,1,1,1,1,1,1,1,1,1
170216,1,1,0,0,0,0,0,0,0,0,0,0
170217,1,1,0,0,15,0,0,0,0,7,3,17
170217,2,1,0,0,0,0,0,0,0,0,0,0
170218,1,1,30,17,0,3,0,0,0,19,0,16
170218,2,1,20,12,0,0,4,16,15,20,32,25
170219,1,1,0,0,0,0,0,0,0,0,8,19
170219,2,1,0,0,0,0,0,0,0,0,0,0
170220,1,1,29,33,0,0,0,0,0,8,28,0
170221,0,1,0,0,0,0,0,0,0,0,0,0
170221,1,1,0,0,0,0,0,0,0,0,0,0
170222,0,1,0,0,26,19,0,0,0,0,0,0
170222,1,1,0,0,23,7,10,13,0,14,22,0
170223,0,1,43,0,0,0,23,0,14,0,10,10
170223,1,1,0,0,0,19,0,28,0,0,0,17
170224,1,1,19,0,9,16,12,7,20,18,16,10
170224,2,1,0,0,0,0,0,0,0,0,0,0
170225,1,1,5,0,0,0,0,0,0,0,0,9
170225,2,1,0,0,0,0,0,0,0,0,0,0
170225,3,1,0,0,0,0,0,0,0,0,0,0
170226,1,1,0,0,0,0,0,0,0,0,0,0
170227,1,1,0,0,0,0,0,0,0,0,0,0
170227,2,1,0,0,0,0,0,0,0,0,0,0
170228,1,1,0,0,0,0,0,0,0,0,0,0
170229,1,1,28,30,0,0,0,26,0,21,0,10
170230,0,1,0,0,0,0,4,0,0,0,0,0
170230,1,1,24,0,0,0,0,0,0,0,0,0
170231,1,1,0,0,0,0,0,0,0,0,0,0
170231,2,1,0,0,0,0,0,0,0,0,0,0
170232,1,1,12,12,12,12,12,12,12,12,12,12
170233,1,1,0,0,0,0,0,0,0,0,0,0
170234,1,1,0,15,0,14,17,0,4,0,0,20
170235,1,1,0,0,29,0,0,12,0,0,0,13
170236,1,1,30,0,0,0,0,0,0,16,0,7
170236,2,1,0,0,0,0,0,0,0,0,0,0
170237,1,1,0,0,0,0,0,0,0,20,0,0
170237,2,1,0,0,0,0,0,0,0,0,0,0
170237,3,1,0,0,0,0,0,0,0,0,0,0
170238,1,1,0,0,0,0,0,0,0,0,0,0
170238,2,1,0,0,0,0,0,0,0,0,0,0
170239,1,1,0,0,0,0,0,0,0,0,0,0
170239,2,1,0,21,0,0,0,17,0,0,20,0
170240,1,1,0,0,0,0,0,0,0,0,0,0
170241,1,1,0,0,0,0,0,0,0,0,0,0
170241,2,1,0,0,0,0,0,0,0,0,0,0
170242,1,1,0,0,0,0,0,0,0,0,0,0
170243,1,1,0,0,0,0,0,0,0,0,0,0
170244,1,1,0,0,0,0,0,0,0,0,0,0
170245,1,1,0,0,0,0,0,0,0,0,0,0
170246,1,1,0,0,0,16,0,0,0,0,10,0
170247,0,1,0,19,0,29,0,28,0,27,0,0
170247,1,1,0,0,0,0,0,0,0,0,0,0
170248,1,1,0,0,0,12,9,0,0,0,0,0
170248,2,1,14,0,0,0,0,0,0,0,0,0
170248,3,1,0,0,0,0,0,0,0,0,0,0
170249,1,1,5,0,0,0,0,7,0,15,0,0
170250,1,1,0,13,0,0,0,0,0,0,37,0
170251,1,1,12,29,0,0,0,8,0,8,25,19
170252,1,1,9,19,7,0,0,0,0,0,20,0
170253,0,1,21,21,21,21,21,21,21,21,21,21
170253,0,2,20,20,20,20,20,20,20,20,20,20
170253,1,1,15,0,0,10,24,23,7,0,0,24
170254,1,1,0,0,0,0,0,0,0,0,0,0
170254,2,1,0,0,0,0,0,0,0,0,19,0
170255,1,1,27,27,27,27,27,27,27,27,27,27
170256,0,1,0,35,29,0,0,35,10,24,0,19
170256,1,1,0,0,2,18,23,15,0,0,10,20
170257,1,1,0,0,0,0,0,0,0,0,0,0
170257,2,1,0,0,0,0,0,0,0,0,0,0
170258,1,1,0,0,10,0,0,0,16,9,0,0
170259,1,1,0,0,0,0,0,0,0,0,0,0
170259,2,1,0,0,0,17,0,0,0,7,23,0
170260,1,1,14,31,23,14,7,14,0,16,4,12
170261,1,1,0,0,0,0,0,0,0,0,0,0
170261,2,1,0,0,0,0,0,0,0,0,0,0
170262,1,1,17,17,17,17,17,17,17,17,17,17
170262,2,1,0,0,0,0,0,0,0,0,0,0
170263,1,1,34,34,34,34,34,34,34,34,34,34
170264,1,1,0,0,0,0,0,0,0,0,0,0
170265,1,1,0,0,12,0,15,0,21,0,12,0
170265,2,1,0,0,0,0,0,0,0,0,0,0
170266,1,1,28,28,28,28,28,28,28,28,28,28
170267,1,1,0,0,0,18,13,0,0,0,0,12
170268,0,1,23,23,23,23,23,23,23,23,23,23
170268,1,1,0,5,16,0,12,11,0,0,0,4
170268,2,1,0,0,0,0,0,0,0,11,0,0
170269,1,1,0,0,0,0,0,0,0,0,0,0
170269,2,1,0,0,0,0,0,0,0,0,0,0
170270,1,1,14,14,14,14,14,14,14,14,14,14
170271,1,1,0,0,0,0,0,0,0,0,0,0
170271,2,1,0,11,0,0,0,18,0,0,0,0
170271,3,1,8,0,0,0,0,0,0,0,0,0
170272,0,1,0,0,0,0,0,0,0,0,0,0
170272,1,1,0,0,0,0,0,0,0,0,0,0
170273,1,1,0,0,0,4,20,18,5,0,0,0
170274,1,1,0,13,19,0,12,0,0,0,17,0
170274,2,1,0,0,0,0,0,0,0,0,0,0
170275,1,1,0,0,0,0,0,0,0,0,0,0
170275,2,1,0,0,0,0,0,0,0,0,0,0
170276,0,1,0,0,0,0,0,14,15,11,20,9
170276,1,1,12,0,15,10,12,0,0,0,0,12
170277,1,1,0,0,14,0,0,0,0,0,0,0
170278,1,1,0,0,0,0,0,0,0,0,0,0
170278,2,1,0,0,0,0,0,0,0,0,0,0
170279,1,1,0,0,0,0,0,28,0,0,0,10
170280,0,1,0,0,0,0,0,0,0,0,0,0
170280,1,1,0,0,0,0,0,0,0,0,0,0
170281,1,1,0,0,0,0,0,0,16,0,0,0
170281,2,1,0,16,0,18,0,0,65,0,0,0
170282,1,1,0,0,29,28,0,0,0,0,0,0
170283,1,1,0,0,0,0,0,0,0,0,0,0
170284,1,1,13,21,0,17,0,0,0,12,0,0
170284,2,1,0,0,0,0,0,0,0,0,0,0
170285,1,1,0,0,18,0,0,0,0,0,0,0
170285,2,1,0,0,0,0,0,0,0,0,0,0
170286,1,1,10,10,10,10,10,10,10,10,10,10
170286,2,1,0,0,3,0,0,0,0,0,0,0
170287,1,1,0,6,0,17,0,0,0,15,0,16
170287,2,1,0,0,0,0,0,0,0,0,0,0
170288,1,1,0,0,0,0,0,0,0,0,0,0
170288,2,1,0,0,0,0,0,0,0,0,0,0
170289,1,1,9,9,9,9,9,9,9,9,9,9
170290,1,1,24,24,24,24,24,24,24,24,24,24
170291,1,1,0,0,0,0,0,0,0,0,0,0
170291,2,1,0,0,0,0,0,0,0,0,0,0
170291,3,1,0,0,0,0,0,0,0,0,0,0
170292,1,1,21,0,11,0,12,11,30,14,0,0
170293,1,1,0,0,0,0,11,0,0,0,0,0
170294,1,1,0,0,0,0,0,0,0,0,0,0
170294,2,1,0,0,0,0,0,0,0,0,0,0
170295,1,1,30,0,13,0,19,0,19,0,0,0
170296,1,1,0,9,0,0,23,0,0,13,0,0
170297,1,1,18,17,20,3,0,30,17,25,11,23
170298,1,1,12,0,0,0,14,26,13,7,34,8
170299,1,1,0,0,0,0,0,0,0,0,0,0
170299,2,1,0,0,0,0,0,0,0,0,0,0
170300,0,1,0,0,0,0,0,0,0,0,0,0
170300,1,1,26,26,26,26,26,26,26,26,26,26
170301,1,1,16,0,11,0,0,28,0,0,0,0
170302,1,1,11,11,11,11,11,11,11,11,11,11
170303,0,1,0,0,0,0,0,0,0,0,0,0
170303,1,1,0,0,0,15,13,0,0,0,7,0
170304,1,1,0,0,0,0,0,19,0,10,0,7
170305,0,1,0,0,0,0,0,0,22,28,9,0
170305,1,1,0,25,24,0,0,17,17,0,14,0
170306,1,1,1,1,1,1,1,1,1,1,1,1
170307,1,1,0,12,0,0,12,0,0,14,0,0
170308,0,1,22,0,0,21,6,0,0,0,0,15
170308,1,1,0,0,0,0,0,0,0,0,0,0
170309,1,1,0,0,0,0,0,0,0,0,0,0
170310,1,1,12,0,0,18,0,0,0,15,32,0
170310,2,1,5,0,0,0,0,29,0,0,38,17
170311,1,1,43,43,43,43,43,43,43,43,43,43
170312,1,1,0,0,0,0,17,0,0,12,0,15
170312,2,1,0,0,0,0,0,0,0,0,0,0
170313,1,1,0,0,0,0,0,0,0,0,0,0
170313,2,1,0,0,0,0,0,0,0,0,0,0
170314,1,1,0,0,0,0,0,0,0,0,0,0
170314,2,1,0,0,0,0,0,0,0,0,0,0
170315,0,1,0,0,0,0,0,18,0,0,25,0
170315,1,1,0,0,0,0,0,0,0,0,0,0
170316,1,1,0,0,0,0,0,0,0,0,0,0
170316,2,1,0,0,0,0,0,0,0,0,0,0
170317,1,1,0,0,0,0,0,0,0,0,0,0
170318,1,1,16,16,16,16,16,16,16,16,16,16
170319,1,1,0,0,15,25,10,0,0,13,0,12
170319,2,1,30,0,0,19,0,0,17,0,0,0
170320,1,1,0,0,0,0,0,0,0,0,0,0
170320,2,1,0,0,0,0,0,0,0,0,0,0
170321,1,1,11,0,0,20,0,14,34,15,0,0
170322,1,1,0,20,0,0,0,0,0,0,0,19
170323,1,1,0,0,0,0,0,0,0,0,10,0
170323,2,1,11,0,0,0,7,21,8,0,14,0
170324,1,1,0,0,0,0,0,0,0,0,0,0
170325,1,1,0,0,0,0,0,0,0,0,0,0
170325,2,1,0,0,16,17,0,0,20,0,0,0
170326,1,1,11,11,11,11,11,11,11,11,11,11
170327,0,1,0,0,0,0,0,0,0,0,0,0
170327,1,1,0,0,0,0,0,0,0,0,0,0
170328,1,1,0,8,0,0,0,0,23,0,0,0
170329,0,1,3,3,3,3,3,3,3,3,3,3
170329,0,2,0,0,0,0,0,0,0,0,0,0
170329,1,1,0,0,0,0,0,0,0,0,0,0
170330,1,1,22,22,22,22,22,22,22,22,22,22
170330,2,1,0,0,0,0,0,0,0,0,0,0
170331,1,1,19,19,19,19,19,19,19,19,19,19
170331,2,1,0,0,0,0,0,0,0,0,0,0
170332,1,1,17,25,11,17,19,15,9,19,18,25
170332,2,1,0,0,0,0,0,0,0,0,0,0
170333,1,1,0,0,17,0,17,0,0,0,0,7
170334,1,1,14,0,0,0,21,0,0,0,0,0
170335,0,1,4,10,0,0,34,13,0,0,42,0
170335,1,1,0,0,0,11,0,0,23,9,0,0
170336,0,1,0,23,0,18,0,0,6,0,2,0
170336,1,1,0,0,0,0,7,12,0,0,0,0
170337,1,1,0,0,0,0,0,0,0,0,0,0
170337,2,1,0,0,0,0,0,0,0,0,0,0
170338,0,1,0,0,0,0,0,0,0,0,0,0
170338,1,1,0,0,0,0,0,0,0,0,0,0
170339,1,1,0,0,0,0,0,0,0,0,0,0
170339,2,1,0,0,0,0,0,0,0,0,0,0
170340,1,1,0,10,0,0,17,0,0,0,0,0
170340,2,1,0,0,0,0,0,0,28,18,0,26
170341,1,1,0,0,0,0,0,0,0,0,0,0
170341,2,1,0,0,0,0,0,0,9,0,0,0
170342,1,1,29,29,29,29,29,29,29,29,29,29
170342,2,1,0,0,0,0,0,0,0,0,0,0
170342,3,1,0,0,0,0,0,0,0,0,0,0
170343,1,1,0,0,0,0,0,0,0,0,0,0
170343,2,1,0,0,0,0,0,0,0,0,9,0
170343,3,1,0,0,0,0,0,0,31,0,0,0
170344,0,1,0,0,0,0,0,0,0,0,0,0
170344,1,1,0,0,0,0,0,0,0,0,0,0
170345,1,1,0,0,12,0,0,19,0,0,12,0
170345,2,1,0,0,0,0,0,0,0,0,0,0
170346,0,1,13,26,0,15,0,0,20,0,5,39
170346,1,1,7,0,0,0,0,0,0,0,20,0
170347,1,1,18,18,18,18,18,18,18,18,18,18
170348,1,1,0,0,0,0,0,0,0,0,0,0
170349,1,1,0,0,0,0,0,0,0,0,0,0
170349,2,1,0,0,0,0,0,0,0,0,0,0
170349,3,1,0,0,0,0,27,0,0,0,0,0
170350,1,1,18,18,18,18,18,18,18,18,18,18
170350,2,1,1,1,1,1,1,1,1,1,1,1
170351,1,1,16,0,0,0,0,0,0,0,0,14
170352,0,1,0,0,22,11,0,15,0,42,24,0
170353,1,1,4,4,4,4,4,4,4,4,4,4
170354,1,1,0,0,0,0,0,0,0,0,0,0
170354,2,1,0,0,0,0,0,0,0,0,0,0
170355,1,1,1,1,1,1,1,1,1,1,1,1
170355,2,1,0,0,0,0,0,0,0,0,0,0
170356,1,1,0,0,0,23,20,22,22,0,27,0
170357,1,1,0,0,0,26,21,0,0,27,16,0
170358,1,1,16,0,0,6,0,0,0,28,7,0
170358,2,1,0,0,0,0,0,0,0,0,0,0
170359,1,1,0,0,0,0,0,0,0,0,0,0
170360,1,1,0,0,0,0,0,0,0,0,0,0
170360,2,1,0,0,0,0,0,0,0,0,0,10
170361,1,1,0,0,0,0,0,0,0,0,0,0
170362,1,1,0,0,0,14,0,0,0,0,0,0
170362,2,1,0,0,0,0,0,0,0,0,0,0
170363,1,1,23,14,27,20,0,0,27,0,15,14
170364,1,1,0,0,0,8,0,0,0,0,0,0
170364,2,1,0,0,0,0,0,0,0,0,0,0
170365,1,1,15,15,15,15,15,15,15,15,15,15
170366,1,1,0,0,24,0,0,31,0,29,24,0
170367,1,1,25,25,25,25,25,25,25,25,25,25
170368,1,1,31,0,0,0,15,0,0,0,0,0
170369,1,1,0,0,0,0,0,0,0,0,0,0
170369,2,1,0,0,0,0,0,0,0,0,0,0
170370,1,1,0,0,0,0,0,0,0,0,0,0
170370,2,1,0,0,0,0,0,0,0,0,0,0
170371,1,1,31,31,31,31,31,31,31,31,31,31
170372,1,1,0,0,0,0,0,0,0,0,0,0
170372,2,1,0,0,0,0,0,16,0,0,7,0
170373,1,1,0,0,0,0,0,0,0,0,0,0
170374,1,1,0,0,0,0,0,0,0,0,0,0
170375,1,1,0,0,0,14,0,0,0,16,0,0
170376,1,1,0,0,0,0,0,0,0,0,0,0
170376,2,1,0,0,0,0,0,0,0,0,0,0
170377,0,1,0,0,0,0,0,0,0,0,0,0
170377,1,1,6,0,0,5,10,14,0,0,0,0
170378,1,1,6,6,6,6,6,6,6,6,6,6
170378,2,1,0,0,0,0,0,0,0,0,0,0
170379,1,1,18,18,18,18,18,18,18,18,18,18
170380,1,1,6,0,0,0,0,0,0,0,0,0
170380,2,1,0,0,0,0,0,23,0,0,19,0
170381,1,1,0,0,0,0,0,0,0,0,0,0
170381,2,1,0,0,0,0,0,0,0,0,0,0
170382,1,1,0,0,0,0,0,0,0,0,0,0
170382,2,1,0,0,0,0,0,0,0,0,0,0
170383,1,1,0,0,0,0,0,0,0,0,0,0
170383,2,1,0,0,0,0,0,0,0,0,0,0
170384,1,1,14,11,9,0,15,36,12,0,14,9
170385,1,1,0,17,14,0,0,0,0,14,0,15
170385,2,1,0,0,0,0,25,0,0,0,20,0
170386,0,1,0,0,0,0,28,0,0,0,0,0
170386,1,1,0,0,0,0,0,0,0,0,0,0
170387,1,1,0,0,0,0,0,0,0,0,0,0
170388,0,1,0,0,10,0,0,0,0,0,0,0
170388,1,1,0,0,0,0,0,0,0,0,0,0
170389,1,1,0,0,0,0,0,0,0,0,0,0
170389,2,1,0,0,0,0,0,0,0,0,0,0
170390,1,1,4,4,4,4,4,4,4,4,4,4
170390,2,1,0,0,0,0,0,0,0,0,16,0
170391,1,1,0,0,0,0,0,0,0,0,0,0
170392,1,1,6,19,13,14,19,11,9,9,13,5
170393,1,1,0,24,0,0,0,0,22,0,28,22
170394,1,1,0,0,20,31,0,0,0,0,0,0
170394,2,1,0,0,0,0,0,0,0,0,0,0
170395,1,1,0,0,0,0,0,0,0,0,0,0
170396,1,1,0,0,0,0,0,0,0,0,0,0
170396,2,1,0,0,0,0,0,0,0,0,0,0
170397,1,1,18,18,18,18,18,18,18,18,18,18
170399,1,1,0,0,0,0,0,0,0,0,0,0
170399,2,1,0,0,0,0,0,0,0,0,0,0
170401,1,1,0,0,0,0,0,0,0,18,0,0
170402,0,1,0,0,0,0,0,0,0,0,0,0
170402,1,1,0,0,0,0,0,0,0,0,0,0
170403,1,1,0,0,0,0,0,0,0,0,0,0
170403,2,1,0,0,0,0,0,0,0,0,0,0
170403,3,1,0,0,0,0,0,0,0,0,0,0
170403,4,1,0,0,0,0,0,0,0,0,0,0
170403,5,1,0,0,0,0,0,0,0,0,0,0
170403,6,1,0,0,0,0,0,0,0,0,0,0
170404,1,1,0,0,0,0,0,0,0,0,0,0
170404,2,1,0,0,0,0,0,0,0,0,0,0
170404,3,1,0,20,17,0,0,0,0,0,0,0
170405,1,1,0,8,0,16,0,0,13,9,0,11
170406,1,1,4,4,4,4,4,4,4,4,4,4
170406,2,1,10,11,17,0,0,0,13,0,0,11
170406,3,1,0,0,0,0,0,0,0,0,0,0
170407,0,1,16,16,16,16,16,16,16,16,16,16
170407,1,1,0,8,8,0,0,0,0,0,0,0
170409,1,1,0,0,0,0,0,0,0,0,0,0
170409,2,1,0,0,0,0,0,0,0,0,0,0
170410,1,1,0,10,4,10,12,14,0,4,14,13
170410,2,1,0,0,0,0,0,12,0,8,0,0
170411,1,1,0,0,0,0,0,0,0,0,0,0
170411,2,1,0,0,0,0,0,0,0,0,0,0
170412,1,1,8,8,8,8,8,8,8,8,8,8
170412,2,1,0,0,0,0,0,0,0,0,0,0
170413,1,1,0,0,0,0,0,0,0,0,0,0
170414,0,1,18,0,59,0,16,0,0,14,13,0
170414,1,1,0,0,0,0,0,0,30,0,1,0
170415,1,1,14,14,14,14,14,14,14,14,14,14
170416,1,1,0,0,0,0,0,0,0,0,0,0
170417,1,1,14,14,14,14,14,14,14,14,14,14
170418,0,1,0,0,0,0,0,0,0,0,0,0
170418,1,1,14,0,0,0,7,0,0,13,0,0
170419,1,1,0,0,0,0,0,0,0,0,0,0
170419,2,1,0,0,0,0,0,0,0,0,0,0
170420,1,1,0,0,0,0,28,11,0,0,0,0
170421,1,1,23,0,0,5,24,0,25,16,0,0
170421,2,1,0,0,0,0,0,0,0,0,0,0
170422,1,1,12,0,0,0,11,0,33,0,0,0
170422,2,1,0,21,0,0,14,0,0,0,0,0
170423,1,1,10,0,19,0,0,0,16,0,23,0
170423,2,1,0,0,0,13,0,23,17,0,0,0
170424,0,1,0,0,0,0,0,0,0,0,0,0
170424,1,1,0,0,0,0,0,0,0,0,0,0
170425,0,1,0,0,0,0,0,34,16,0,0,0
170425,1,1,0,0,0,0,0,0,9,0,0,0
170426,1,1,0,0,0,35,0,0,0,0,0,0
170426,2,1,0,0,0,0,0,0,0,0,0,0
170427,1,1,0,4,28,11,22,25,0,17,9,0
170428,1,1,0,0,0,0,0,0,0,0,0,0
170428,2,1,0,0,0,0,0,0,0,0,0,0
170429,1,1,0,0,0,14,12,17,0,0,0,0
170429,2,1,0,0,13,0,0,18,0,7,0,19
170430,0,1,0,0,0,0,0,0,0,0,0,0
170430,1,1,0,0,0,0,0,0,0,0,0,0
170431,1,1,0,0,0,0,0,0,0,0,0,0
170431,2,1,0,0,0,0,0,0,0,0,0,0
170432,0,1,10,27,33,0,34,0,17,18,7,30
170432,1,1,0,11,0,5,0,14,0,0,0,0
170433,1,1,19,19,19,19,19,19,19,19,19,19