ST_CASE,VEH_NO,PER_NO,P1,P2,P3,P4,P5,P6,P7,P8,P9,P10
170727,1,1,0,0,0,0,0,0,0,0,0,0
170728,1,1,25,0,0,0,0,0,0,0,0,0
170729,1,1,18,28,0,0,12,21,0,0,18,0
170730,0,1,0,0,22,14,0,0,0,15,0,0
170730,1,1,0,0,0,0,19,0,0,0,0,0
170731,1,1,0,0,0,0,0,0,0,0,0,0
170731,2,1,0,0,0,0,0,0,0,0,0,0
170732,1,1,0,0,0,0,0,0,0,0,0,0
170733,1,1,32,32,32,32,32,32,32,32,32,32
170733,2,1,0,0,0,0,0,0,0,0,0,0
170734,1,1,10,0,0,0,0,0,0,0,0,0
170734,2,1,0,0,19,0,0,0,0,0,0,0
170735,1,1,23,23,23,23,23,23,23,23,23,23
170736,1,1,0,0,0,0,0,0,0,0,0,0
170737,1,1,0,0,0,0,0,0,0,0,0,0
170737,2,1,0,0,0,0,0,0,0,0,0,0
170738,1,1,16,11,24,26,32,10,5,24,17,26
170739,1,1,0,0,0,0,19,17,14,0,0,21
170740,1,4,0,13,0,22,9,26,0,15,3,0
170741,1,1,7,7,7,7,7,7,7,7,7,7
170741,2,1,0,20,0,12,15,0,0,0,5,18
170743,0,1,0,19,0,0,0,54,0,0,0,31
170743,1,1,0,9,0,0,0,0,0,0,0,0
170744,0,1,0,0,0,21,0,0,0,0,0,0
170744,1,1,0,12,6,23,0,0,7,0,0,0
170745,0,1,0,0,0,0,0,0,0,0,0,0
170745,1,1,0,0,0,0,0,0,0,0,0,0
170746,1,1,9,9,9,9,9,9,9,9,9,9
170746,2,1,0,0,0,0,0,0,0,0,0,0
170747,1,1,13,51,30,31,14,18,15,21,18,40
170748,1,1,14,12,18,5,0,0,12,9,15,19
170748,2,1,0,0,0,0,0,0,0,0,0,0
170749,1,1,0,27,23,0,0,0,17,11,0,12
170750,1,1,19,19,19,19,19,19,19,19,19,19
170751,1,1,0,0,0,0,0,0,0,0,0,0
170751,2,1,0,9,12,12,2,20,0,0,2,0
170752,0,1,0,0,0,0,0,0,0,0,0,0
170752,1,1,0,0,0,0,0,0,0,0,0,0
170753,0,1,0,29,0,13,0,0,24,0,17,0
170753,1,1,0,0,0,0,0,0,20,0,17,0
170754,1,1,0,11,0,0,29,3,6,0,0,0
170754,2,1,0,0,0,9,0,0,0,0,0,0
170754,3,1,0,0,0,0,10,0,0,0,0,16
170755,1,1,5,9,11,7,10,19,19,0,29,0
170756,1,1,19,45,31,9,4,13,30,13,0,14
170757,1,1,0,26,0,25,5,13,0,13,9,14
170757,2,1,0,0,0,0,0,0,0,0,0,0
170757,3,1,0,0,0,0,0,0,0,0,0,0
170757,4,1,0,0,0,0,0,0,0,0,0,0
170758,1,1,0,0,0,0,0,0,0,0,0,0
170759,1,1,22,22,22,22,22,22,22,22,22,22
170760,1,1,0,0,0,0,0,0,0,0,0,0
170761,1,1,0,0,21,16,0,0,0,14,0,18
170761,2,1,0,0,0,0,25,0,0,9,0,0
170762,1,1,0,0,0,0,0,0,0,0,0,0
170762,2,1,0,0,0,0,0,0,0,0,0,0
170763,1,1,0,0,0,0,0,0,0,0,0,0
170763,2,1,9,0,0,0,0,0,0,0,0,11
170764,1,1,15,15,15,15,15,15,15,15,15,15
170765,1,1,0,0,0,0,0,0,0,0,0,0
170766,1,1,18,18,18,18,18,18,18,18,18,18
170767,1,1,7,7,7,7,7,7,7,7,7,7
170767,2,1,11,11,11,11,11,11,11,11,11,11
170768,1,1,0,0,0,0,0,0,0,0,0,0
170769,1,1,5,5,5,5,5,5,5,5,5,5
170769,2,1,0,0,0,0,0,0,0,0,0,0
170770,1,1,5,10,8,18,18,27,0,10,0,12
170771,1,1,0,0,0,0,0,0,0,0,0,0
170771,2,1,0,0,0,0,0,0,0,0,0,0
170772,1,1,10,11,12,0,17,0,0,8,12,18
170773,1,1,24,24,24,24,24,24,24,24,24,24
170774,1,1,0,0,0,0,0,0,0,0,0,0
170775,1,1,0,0,0,0,0,0,0,0,0,0
170775,2,1,0,0,0,0,0,0,0,0,0,0
170776,1,1,0,0,0,0,21,0,0,0,0,0
170776,2,1,0,18,0,0,0,0,0,0,0,0
170777,0,1,0,36,16,29,0,0,0,0,21,0
170777,1,1,0,0,6,23,11,16,0,13,14,12
170778,0,1,0,0,0,0,0,0,0,0,0,0
170778,1,1,0,0,0,0,0,0,0,0,0,0
170779,1,1,18,18,18,18,18,18,18,18,18,18
170780,1,1,0,0,0,0,0,0,0,0,0,0
170780,2,1,0,0,0,0,0,0,0,0,0,0
170781,1,1,8,21,2,12,24,13,14,9,25,16
170782,1,1,0,0,0,0,0,0,0,0,0,0
170782,2,1,0,0,0,0,0,0,0,0,0,0
170783,1,1,0,0,0,0,0,0,0,0,0,0
170783,2,1,0,0,0,0,0,0,0,0,0,0
170784,0,1,25,0,6,0,0,0,0,0,0,40
170784,1,1,0,0,0,0,10,15,13,0,0,0
170785,0,1,31,0,0,0,22,0,33,14,15,17
170785,1,1,0,0,0,0,0,0,0,0,0,0
170786,1,1,20,20,20,20,20,20,20,20,20,20
170787,1,1,0,0,0,0,0,0,0,0,0,0
170787,2,1,0,0,0,0,0,0,0,0,0,0
170788,1,1,20,20,20,20,20,20,20,20,20,20
170788,2,1,0,0,0,0,0,0,0,0,0,0
170788,3,1,0,0,0,0,0,0,0,0,0,0
170789,0,1,0,0,0,0,0,0,0,0,0,0
170789,1,1,0,0,0,0,0,0,0,0,0,0
170790,1,1,1,1,1,1,1,1,1,1,1,1
170791,1,1,0,0,0,0,0,0,0,0,0,0
170791,2,1,0,0,0,0,0,0,0,0,0,0
170792,0,1,21,0,0,0,0,20,0,0,11,0
170792,1,1,0,0,0,0,0,0,0,0,0,16
170793,1,1,17,17,17,17,17,17,17,17,17,17
170794,1,1,0,25,0,8,0,18,21,25,21,0
170795,1,1,16,29,30,11,10,18,7,13,30,0
170795,2,1,0,0,0,0,36,0,16,0,0,0
170797,1,1,0,0,0,0,0,0,0,0,0,0
170797,2,1,0,0,0,0,0,0,0,0,0,0
170797,3,1,0,0,0,0,0,0,0,0,0,0
170798,1,1,23,23,23,23,23,23,23,23,23,23
170799,1,1,0,0,0,0,0,0,0,0,0,0
170799,2,1,0,0,0,0,0,0,0,0,0,0
170800,1,1,0,0,0,0,0,0,0,0,0,0
170801,0,1,0,0,0,0,0,0,0,0,0,0
170801,1,1,0,0,0,0,0,0,9,0,0,0
170802,1,1,0,0,0,0,0,0,0,0,0,0
170803,1,1,0,18,0,20,0,0,0,17,0,0
170804,1,1,9,0,12,0,0,0,0,0,11,15
170804,2,1,0,0,0,0,0,0,0,0,0,0
170804,3,1,0,0,0,0,0,0,0,0,0,0
170805,1,1,19,19,19,19,19,19,19,19,19,19
170806,1,1,0,0,17,17,0,0,27,4,0,0
170806,2,1,0,0,0,0,0,0,0,0,0,0
170807,1,1,0,0,0,0,0,0,0,0,0,0
170808,1,1,0,19,0,14,18,22,0,28,0,0
170808,2,1,19,0,8,9,0,0,0,0,3,0
170809,1,1,0,0,23,0,0,14,6,0,23,0
170809,2,1,0,0,26,25,0,0,0,0,0,0
170809,3,1,0,0,0,0,0,0,0,0,0,0
170810,1,1,34,34,34,34,34,34,34,34,34,34
170811,1,1,32,32,32,32,32,32,32,32,32,32
170812,0,1,0,18,19,27,0,22,22,0,16,0
170812,1,1,0,0,0,0,0,0,0,0,0,0
170813,1,1,0,0,0,0,0,0,0,0,0,0
170813,2,1,0,0,8,0,0,0,0,0,4,0
170814,1,1,0,0,0,0,0,0,0,0,0,0
170814,2,1,0,0,0,0,0,0,0,0,0,0
170814,3,1,0,0,0,0,0,0,0,0,0,0
170815,0,1,39,0,0,0,24,0,0,0,0,0
170815,1,1,0,0,0,0,0,0,0,0,0,0
170816,0,1,0,0,0,0,0,0,0,0,0,0
170816,1,1,0,0,0,0,0,0,0,0,0,0
170817,1,1,0,0,7,0,0,3,0,0,0,0
170817,2,1,0,0,0,0,0,0,0,0,0,0
170818,1,1,0,0,0,14,19,0,0,0,0,0
170818,2,1,0,0,0,0,0,0,0,0,0,0
170819,1,1,36,36,36,36,36,36,36,36,36,36
170820,1,1,34,7,0,19,0,10,0,0,0,0
170821,1,1,0,0,0,0,0,0,0,0,0,0
170821,2,1,0,0,0,0,0,0,0,0,0,0
170822,1,1,15,0,13,31,0,10,0,5,9,18
170823,0,1,22,0,38,0,20,0,0,0,49,28
170823,1,1,0,0,0,0,8,0,0,0,0,0
170824,1,1,0,0,0,0,0,0,0,0,0,0
170824,2,1,0,0,0,0,0,0,0,0,0,0
170825,1,1,0,0,0,0,0,0,0,0,0,0
170825,2,1,0,0,0,0,0,0,0,0,0,0
170825,3,1,0,0,0,0,0,0,0,0,0,0
170826,1,1,0,0,0,0,0,0,0,0,0,0
170826,2,1,0,0,0,0,0,0,0,0,0,0
170827,1,1,34,34,34,34,34,34,34,34,34,34
170828,0,1,6,6,6,6,6,6,6,6,6,6
170828,1,1,14,0,17,22,6,11,0,9,3,22
170829,1,1,7,0,7,0,21,14,8,0,5,0
170829,2,1,0,0,0,0,0,0,0,0,0,0
170830,1,1,0,0,0,0,0,0,0,0,0,0
170830,2,1,32,0,0,0,0,0,23,0,0,0
170831,1,1,21,21,21,21,21,21,21,21,21,21
170832,1,1,0,0,0,0,0,0,0,0,0,0
170832,2,1,0,0,0,0,19,0,0,31,0,0
170833,1,1,0,0,0,0,0,0,0,0,0,0
170833,2,1,0,0,0,0,0,0,0,0,0,0
170834,1,1,0,0,0,0,0,0,0,0,0,0
170835,1,1,0,0,0,0,0,0,0,0,11,0
170835,2,1,0,29,0,0,0,0,0,0,0,0
170836,0,1,16,16,16,16,16,16,16,16,16,16
170836,1,1,0,10,0,0,0,0,0,0,10,17
170837,1,1,0,25,0,18,24,0,17,0,0,11
170838,1,1,21,14,0,13,22,0,16,16,0,27
170838,2,1,0,17,0,0,0,0,0,0,0,0
170839,1,1,0,0,0,0,0,0,0,0,0,0
170839,2,1,0,0,12,0,0,0,0,0,0,0
170840,1,1,0,0,0,0,0,0,0,0,0,0
170840,2,1,0,0,0,0,0,0,0,0,0,0
170841,1,1,0,0,0,0,0,0,0,0,26,0
170842,1,1,0,0,0,0,0,4,0,0,0,0
170843,1,1,0,0,0,0,0,0,0,0,0,0
170844,0,1,0,0,0,0,0,0,0,0,0,0
170844,1,1,0,0,0,0,0,0,0,0,0,0
170845,1,1,0,0,0,0,0,0,0,0,0,0
170846,1,1,0,0,0,0,0,0,0,0,0,0
170846,2,1,2,2,2,2,2,2,2,2,2,2
170847,1,1,0,0,0,0,0,0,0,0,0,0
170847,2,1,0,0,0,0,0,0,0,0,0,0
170848,1,1,0,0,0,0,0,0,0,0,0,0
170849,1,1,0,0,0,0,0,0,0,0,0,0
170850,1,1,13,13,13,13,13,13,13,13,13,13
170851,1,1,0,0,0,0,0,0,0,0,0,0
170851,2,1,0,0,20,0,16,0,0,0,0,0
170851,3,1,0,0,0,0,0,0,0,0,0,0
170852,1,1,8,8,8,8,8,8,8,8,8,8
170853,0,1,0,8,0,10,23,35,0,15,0,0
170853,1,1,0,7,12,0,5,27,0,0,0,10
170854,1,1,14,7,26,33,26,15,19,16,18,20
170855,0,1,16,16,16,16,16,16,16,16,16,16
170855,1,1,1,1,1,1,1,1,1,1,1,1
170856,0,1,16,16,16,16,16,16,16,16,16,16
170856,1,1,0,0,0,0,13,0,0,0,0,18
170856,2,1,0,0,0,26,0,0,0,0,0,0
170857,1,1,0,0,0,0,0,0,0,0,0,0
170857,2,1,0,0,0,0,0,0,0,0,0,0
170858,0,1,0,11,0,0,0,13,0,23,0,0
170858,0,2,2,2,2,2,2,2,2,2,2,2
170858,1,1,0,0,0,0,0,0,0,0,0,0
170859,1,1,25,25,24,20,0,0,0,0,11,0
170860,1,1,9,9,9,9,9,9,9,9,9,9
170860,2,1,0,8,0,0,4,0,11,0,0,0
170861,1,1,0,0,0,0,0,0,0,0,22,0
170861,2,1,12,12,12,12,12,12,12,12,12,12
170862,1,1,35,0,0,0,0,25,0,0,0,0
170863,1,1,18,18,18,18,18,18,18,18,18,18
170864,1,1,0,0,15,0,27,0,13,0,0,0
170864,2,1,14,2,0,11,16,22,20,6,28,11
170865,1,1,7,7,7,7,7,7,7,7,7,7
170865,2,1,0,15,0,0,0,5,21,0,0,0
170866,1,1,20,20,20,20,20,20,20,20,20,20
170866,2,1,0,0,0,0,0,0,0,0,0,0
170867,1,1,0,0,0,0,0,0,0,0,0,0
170867,2,1,0,0,0,0,0,0,0,0,0,0
170868,1,1,14,14,14,14,14,14,14,14,14,14
170869,1,1,0,12,0,0,0,0,0,0,0,0
170869,2,1,0,0,0,0,0,0,0,0,0,0
170869,3,1,0,0,0,0,0,0,0,0,0,0
170870,1,1,0,0,0,0,0,0,0,0,0,0
170870,2,1,22,22,22,22,22,22,22,22,22,22
170871,1,1,0,20,28,0,10,0,0,24,14,24
170872,1,1,1,1,1,1,1,1,1,1,1,1
170873,1,1,0,0,0,0,0,0,0,0,0,0
170874,0,1,0,50,23,0,16,14,0,0,6,0
170874,1,1,0,15,10,0,0,14,6,0,0,12
170875,1,1,0,0,0,0,0,0,0,0,0,0
170875,2,1,0,0,0,0,0,0,0,0,0,0
170875,3,1,0,0,0,0,0,0,0,19,0,0
170876,1,1,0,0,0,0,0,0,0,0,0,0
170876,2,1,0,0,0,0,0,0,0,0,0,0
170877,0,1,0,0,0,42,0,0,0,0,0,19
170877,1,1,0,0,0,17,0,0,0,10,17,0
170878,0,1,0,0,0,0,0,17,0,18,10,0
170878,1,1,0,0,0,0,0,0,0,0,0,2
170879,1,1,6,6,6,6,6,6,6,6,6,6
170880,1,1,0,0,0,0,0,0,0,0,0,0
170880,2,1,0,0,0,0,0,0,0,0,0,0
170881,0,1,0,0,0,31,33,0,0,0,0,0
170881,1,1,0,0,0,0,0,3,0,0,0,0
170882,1,1,0,0,0,0,0,0,0,0,0,0
170882,2,1,19,19,19,19,19,19,19,19,19,19
170883,1,1,0,0,0,0,0,0,0,0,0,0
170883,2,1,0,0,0,0,0,0,0,0,0,0
170884,0,1,15,15,15,15,15,15,15,15,15,15
170884,1,1,20,32,0,28,19,12,19,26,21,19
170885,1,1,28,21,16,21,0,0,0,21,29,14
170886,1,1,29,29,29,29,29,29,29,29,29,29
170887,1,1,20,20,20,20,20,20,20,20,20,20
170887,2,1,0,0,0,0,15,0,0,0,26,0
170888,0,1,0,0,0,0,33,21,0,0,26,0
170888,1,1,0,0,0,0,0,0,0,0,0,0
170889,1,1,10,21,0,31,18,13,26,16,21,16
170890,1,1,0,0,0,0,0,0,0,0,0,21
170890,2,1,0,0,0,0,31,0,0,0,0,0
170891,1,1,10,11,0,0,0,14,0,0,0,0
170892,1,1,0,0,0,0,0,0,0,0,0,0
170893,1,1,1,1,1,1,1,1,1,1,1,1
170893,2,1,0,0,8,0,0,0,0,32,0,0
170894,1,1,0,0,0,0,0,0,10,0,0,0
170894,2,1,0,0,0,13,0,0,9,0,0,0
170894,3,1,0,0,0,0,0,0,0,0,13,0
170895,1,1,27,0,14,0,0,0,0,0,0,12
170896,1,1,0,14,0,0,0,0,0,0,0,0
170897,1,1,0,0,0,0,0,0,0,0,0,0
170897,2,1,0,0,0,0,0,0,0,0,0,0
170898,1,1,0,0,0,0,0,0,0,0,0,0
170898,2,1,0,0,0,0,0,0,0,0,0,4
170899,1,1,0,0,0,0,0,0,0,0,0,0
170899,2,1,0,0,0,0,0,0,0,0,0,0
170900,0,1,0,0,0,0,0,0,0,0,0,0
170900,1,1,0,0,0,0,0,0,0,0,0,0
170901,0,1,28,0,21,15,41,0,0,0,0,16
170901,1,1,7,3,9,8,8,5,0,0,10,12
170901,2,1,0,0,0,0,0,0,12,0,0,0
170902,1,1,16,16,16,16,16,16,16,16,16,16
170902,2,1,0,0,6,0,0,0,0,0,0,0
170902,3,1,0,0,0,0,0,0,0,0,0,0
170903,1,1,0,0,0,0,0,0,0,0,0,0
170903,2,1,0,0,0,0,0,0,0,0,0,0
170904,1,1,0,0,0,0,0,0,0,0,0,0
170905,1,1,0,0,0,0,0,0,0,0,0,0
170905,2,1,0,0,0,0,0,0,0,0,0,24
170906,1,1,0,0,0,0,0,0,0,0,0,0
170906,2,1,0,0,0,0,0,0,0,0,0,0
170907,0,1,0,7,0,12,27,23,0,0,27,2
170907,1,1,0,0,0,0,0,0,0,0,0,0
170908,1,1,0,0,0,0,0,0,0,0,35,0
170908,2,1,0,0,21,0,8,13,5,0,0,0
170909,1,1,0,0,0,0,0,0,0,0,0,0
170909,2,1,0,0,0,35,26,11,0,0,0,0
170910,1,1,0,0,0,0,0,0,0,0,0,0
170911,1,1,15,0,7,15,7,22,0,11,0,14
170911,2,1,12,12,12,12,12,12,12,12,12,12
170912,1,1,0,21,0,0,0,0,34,0,0,0
170913,1,1,28,8,27,11,16,43,15,24,27,16
170914,1,1,0,0,0,0,0,0,0,0,23,0
170915,1,1,23,0,19,0,24,26,0,7,0,0
170916,0,1,0,0,0,0,0,0,0,0,0,0
170916,1,1,0,0,0,0,0,0,0,0,0,0
170917,1,1,36,36,36,36,36,36,36,36,36,36
170918,1,1,0,0,18,12,0,0,14,18,22,0
170919,1,1,0,0,0,0,0,0,0,0,0,0
170919,2,1,0,0,0,0,0,0,0,0,0,0
170919,3,1,0,0,0,0,0,0,0,0,0,0
170919,4,1,0,0,0,0,0,0,0,0,0,0
170919,5,1,0,0,0,0,0,0,0,0,0,0
170919,6,1,0,0,0,0,0,0,0,0,0,0
170920,0,1,0,0,0,0,0,18,0,6,0,0
170920,1,1,0,0,0,0,0,0,0,0,0,0
170920,2,1,0,0,0,0,13,0,0,0,0,0
170921,1,1,0,0,0,0,15,31,17,0,17,5
170921,2,1,0,0,17,0,0,11,0,16,0,17
170922,1,1,0,0,0,0,0,0,0,0,0,0
170922,2,1,0,0,0,0,0,0,0,0,0,0
170923,0,1,0,0,0,0,0,0,0,0,0,0
170923,1,1,12,0,0,0,0,0,0,0,0,0
170924,1,1,0,0,0,0,0,0,0,0,0,0
170925,1,1,0,13,0,0,0,0,28,18,12,17
170926,1,1,12,18,8,5,10,17,16,22,7,12
170927,1,1,20,24,15,22,25,13,8,6,2,16
170928,1,1,0,12,0,0,0,0,9,0,12,6
170928,2,1,0,26,9,0,6,0,0,0,0,38
170929,1,1,0,0,13,0,0,6,0,0,0,8
170930,0,1,36,36,36,36,36,36,36,36,36,36
170930,1,1,9,9,9,9,9,9,9,9,9,9
170931,0,1,0,0,0,0,0,0,0,0,0,0
170931,1,1,0,0,0,0,0,0,0,0,0,0
170932,1,1,0,15,0,0,0,0,0,0,0,16
170933,1,1,21,21,21,21,21,21,21,21,21,21
170933,2,1,0,0,0,0,0,0,0,0,0,0
170934,1,1,17,28,12,18,9,6,21,10,13,6
170934,2,1,0,0,0,0,0,0,0,0,0,0
170935,1,1,0,0,0,5,13,0,5,0,0,16
170935,2,1,0,0,0,0,12,0,0,12,0,0
170935,3,1,0,0,0,0,0,0,0,0,0,0
170936,0,1,35,35,35,35,35,35,35,35,35,35
170936,1,1,0,22,0,15,0,0,0,0,0,0
170937,0,1,20,0,0,0,0,24,0,0,0,27
170937,1,1,0,0,0,0,0,0,0,0,0,0
170938,1,1,0,0,0,0,0,0,0,0,0,0
170938,2,1,0,0,0,0,0,0,0,0,0,0
170939,1,1,0,0,29,0,28,0,14,29,0,33
170940,1,1,0,0,0,0,0,0,0,0,0,0
170940,2,1,11,0,0,0,0,0,0,0,0,0
170941,1,1,0,0,0,0,0,0,0,0,0,0
170942,1,1,0,0,0,0,0,0,0,0,0,0
170942,2,1,0,0,0,0,0,0,0,0,0,0
170942,3,1,0,26,0,0,0,0,0,8,0,0
170943,1,1,11,11,11,11,11,11,11,11,11,11
170943,2,1,0,0,0,0,0,13,0,4,0,0
170944,0,1,0,0,0,0,0,20,0,0,37,0
170944,1,1,0,0,0,15,0,15,0,0,0,16
170944,2,1,0,0,0,0,0,0,0,0,0,0
170945,1,1,0,0,28,0,24,0,21,13,20,30
170946,1,1,0,0,0,0,0,0,0,0,0,0
170946,2,1,0,0,0,0,0,0,0,0,0,0
170947,0,1,0,0,0,0,0,0,0,0,0,0
170947,1,1,0,0,0,0,0,0,0,8,0,0
170948,1,1,2,2,2,2,2,2,2,2,2,2
170948,2,1,0,0,0,0,0,0,0,0,0,0
170948,3,1,0,0,0,0,0,0,0,0,0,0
170949,1,1,0,0,0,0,0,0,0,0,0,0
170949,2,1,0,0,0,0,0,0,0,0,0,10
170950,1,1,19,19,19,19,19,19,19,19,19,19
170950,2,1,0,0,0,0,0,0,0,0,0,0
170951,1,1,15,0,0,0,0,0,18,0,0,0
170951,2,1,0,0,0,0,0,0,0,0,0,0
170952,0,1,0,0,0,0,0,0,0,0,0,0
170952,1,1,0,0,0,0,0,0,0,0,0,0
170953,1,1,0,0,0,0,0,0,0,0,0,0
170954,1,1,12,12,12,12,12,12,12,12,12,12
170954,2,1,0,0,0,0,0,0,0,0,0,0
170955,0,1,0,0,0,0,0,0,0,0,0,0
170955,1,1,0,0,0,0,0,0,0,0,0,0
170956,1,1,0,0,0,0,0,0,0,0,0,0
170957,0,1,0,0,0,0,0,0,0,0,0,0
170957,1,1,0,0,0,0,0,0,0,0,0,0
170958,1,1,0,0,0,0,0,0,0,0,0,0
170958,2,1,0,0,0,0,0,0,0,0,8,0
170959,1,1,11,12,0,20,18,0,16,12,18,5
170959,2,1,16,0,0,0,0,0,0,17,14,0
170960,1,1,0,0,0,0,0,0,0,0,0,0
170961,1,1,0,0,0,0,0,0,0,0,0,0
170961,2,1,0,0,0,0,0,0,0,0,0,0
170962,1,1,22,0,0,0,8,0,0,0,22,0
170962,2,1,0,0,0,0,0,0,0,0,0,0
170963,1,1,9,9,9,9,9,9,9,9,9,9
170963,2,1,21,0,0,0,0,0,0,0,0,0
170964,1,1,15,15,15,15,15,15,15,15,15,15
170965,1,1,7,19,0,0,0,13,25,16,25,0
170966,0,1,0,41,11,0,20,0,0,16,11,0
170966,1,1,0,0,0,0,0,0,0,0,0,0
170967,1,1,0,33,0,0,0,12,16,0,0,7
170968,1,1,0,0,0,0,0,0,0,0,0,0
170969,1,1,12,7,0,0,0,0,0,0,0,0
170969,2,1,0,0,0,0,10,30,31,0,0,0
170970,1,1,31,31,31,31,31,31,31,31,31,31
170971,1,1,0,0,0,0,0,0,0,0,0,0
170971,2,1,0,0,9,0,0,11,0,0,0,0
170972,1,1,0,0,0,0,0,0,0,0,0,0
170972,2,1,0,33,0,0,12,6,0,0,0,0
170973,0,1,0,0,0,0,0,0,0,0,0,0
170973,1,1,0,0,0,0,0,0,0,0,0,0
170974,1,1,0,0,0,0,0,0,0,6,0,0
170975,1,1,0,0,0,0,0,0,0,0,0,0
170976,1,1,0,0,0,0,0,5,0,0,0,0
170976,2,1,0,0,8,19,0,0,0,0,27,0
170977,0,1,0,0,0,0,0,0,0,0,0,0
170977,1,1,34,0,0,14,0,16,0,0,0,0
170978,0,1,19,19,19,19,19,19,19,19,19,19
170978,2,1,0,0,0,0,0,0,0,0,0,0
170979,1,1,29,32,30,5,0,0,0,0,0,17
170980,1,1,0,0,0,0,0,0,0,0,0,0
170981,1,1,12,11,14,14,21,17,7,11,13,9
170982,1,1,13,13,13,13,13,13,13,13,13,13
170982,2,1,9,0,21,0,0,24,0,19,0,14
170983,1,1,12,6,24,12,9,0,15,0,11,15
170983,2,1,0,0,0,0,0,0,0,0,0,0
170984,1,1,13,16,9,0,0,15,8,4,5,39
170984,2,1,0,0,15,0,11,0,0,0,0,24
170984,3,1,0,0,0,0,0,0,0,0,0,0
170985,1,1,5,5,5,5,5,5,5,5,5,5
170985,2,1,0,0,0,0,0,0,0,0,0,0
170986,1,1,0,0,0,0,0,0,0,0,6,0
170986,2,1,0,0,0,0,0,0,0,0,0,0
170987,1,1,0,0,0,0,0,0,0,0,0,0
170987,2,1,0,0,0,0,13,0,0,9,0,0
170988,1,1,0,0,0,6,0,0,13,0,0,22
170989,0,1,21,0,0,0,0,0,0,0,0,0
170989,1,1,0,0,0,0,0,0,0,0,0,0
170990,1,1,15,28,11,13,21,22,11,0,22,19
170991,1,1,0,0,0,0,0,0,0,0,0,0
170991,2,1,0,0,0,0,0,0,0,0,0,0
170992,1,1,0,0,0,0,0,0,0,0,0,0
170993,1,1,19,19,11,19,10,0,0,0,0,13
170994,0,1,35,35,35,35,35,35,35,35,35,35
170994,1,1,0,0,0,0,0,0,0,0,0,0
170995,0,1,0,0,0,0,0,0,0,0,0,0
170995,1,1,0,0,0,0,0,0,0,0,0,0
170996,1,1,0,0,0,0,0,0,0,0,0,0
170996,2,1,18,0,0,0,0,0,0,0,0,0
170997,1,1,0,0,21,0,0,0,0,0,0,0
170997,2,1,0,0,0,0,0,0,0,0,0,0
170997,3,1,0,0,0,0,0,0,0,0,0,0
170998,1,1,0,0,0,0,0,0,21,0,0,0
170998,2,1,16,8,0,0,28,0,11,16,0,0
170998,3,1,0,0,0,0,0,0,0,0,0,0
170999,1,1,0,0,11,0,0,13,0,0,0,25
170999,2,1,0,10,34,12,22,0,19,0,24,0
171000,1,1,0,0,0,0,0,0,0,0,0,0
171000,2,1,0,0,21,0,0,0,0,0,0,0
171001,1,1,15,15,15,15,15,15,15,15,15,15
171002,1,1,0,0,0,0,0,0,0,0,0,0
171002,2,1,0,0,0,0,0,0,0,0,0,0
171002,3,1,0,0,0,0,0,0,0,0,0,0
171003,1,1,26,26,26,26,26,26,26,26,26,26
171003,2,1,0,0,0,0,0,0,0,0,0,0
171004,1,1,0,0,0,0,0,0,0,0,0,0
171004,2,1,0,0,0,0,0,0,0,0,0,0
171004,3,1,4,0,19,0,0,0,0,0,0,0
171005,1,1,10,10,10,10,10,10,10,10,10,10
171006,1,1,0,8,0,0,30,0,0,0,29,0
171006,2,1,9,0,0,0,0,0,0,0,0,0
171007,1,1,25,25,25,25,25,25,25,25,25,25
171008,1,1,0,0,0,0,0,0,0,0,0,0
171008,2,1,0,0,0,0,0,0,0,0,0,0
171009,1,1,0,0,0,0,0,0,0,0,0,0
171009,2,1,0,0,0,0,0,0,0,0,0,0
171010,1,1,0,0,0,0,0,0,0,0,0,0
171011,1,1,15,0,0,10,33,0,23,12,0,10
171012,1,1,0,0,0,0,0,0,0,0,0,13
171012,2,1,0,0,0,0,0,0,0,0,0,0
171013,1,1,0,0,0,0,0,0,0,0,0,0
171014,1,1,0,0,0,0,0,0,0,0,0,0
171014,2,1,12,16,3,19,0,24,23,15,2,5
171015,1,1,15,15,15,15,15,15,15,15,15,15
171016,0,1,1,1,1,1,1,1,1,1,1,1
171016,1,1,0,0,0,0,0,0,0,0,0,0
171017,1,1,13,13,13,13,13,13,13,13,13,13
171018,1,1,0,0,0,0,0,0,0,0,0,0
171019,1,1,0,0,0,0,0,0,0,0,0,0
171019,2,1,0,0,0,0,0,0,0,0,0,0
171019,3,1,0,0,0,0,0,0,0,0,0,0
171020,1,1,19,19,19,19,19,19,19,19,19,19
171021,1,1,0,0,0,0,0,0,0,0,0,0
171021,2,1,0,0,0,7,0,0,0,0,11,0
171022,1,1,17,0,0,13,0,0,0,0,21,0