ST_CASE,VEH_NO,PER_NO,P1,P2,P3,P4,P5,P6,P7,P8,P9,P10
180835,1,1,0,0,11,0,0,0,0,10,0,0
180836,1,1,0,0,0,15,12,15,15,9,0,18
180837,1,1,0,0,0,0,0,0,0,0,0,0
180837,2,1,0,0,9,0,0,0,0,0,0,0
190001,0,1,0,0,0,0,0,0,0,0,0,0
190001,1,1,0,0,0,0,0,0,0,0,0,0
190002,1,1,0,0,0,0,0,0,0,0,0,0
190003,1,1,0,0,0,17,0,16,0,0,0,0
190003,2,1,0,0,0,0,0,0,19,0,0,0
190004,0,1,31,0,0,0,26,30,0,32,0,0
190004,2,1,0,0,0,0,0,15,0,0,0,0
190005,1,1,0,0,0,0,0,0,0,0,0,0
190005,2,1,0,0,0,0,0,0,0,0,0,0
190006,0,1,0,0,0,0,0,16,0,23,0,16
190006,1,1,0,19,0,0,0,0,0,0,0,0
190007,1,1,26,26,26,26,26,26,26,26,26,26
190008,1,1,0,0,0,0,0,0,0,0,0,0
190008,2,1,0,0,0,0,0,0,0,0,0,0
190009,1,1,0,0,0,0,0,0,0,0,0,0
190009,2,1,0,0,0,0,0,0,0,6,0,0
190010,1,1,0,0,0,0,0,0,0,0,0,0
190010,2,1,0,0,0,0,0,0,0,0,0,0
190011,0,1,28,0,0,0,13,0,18,35,54,24
190011,1,1,17,15,24,0,0,0,0,24,15,0
190012,1,1,19,19,19,19,19,19,19,19,19,19
190013,1,1,0,0,0,0,0,0,0,0,0,0
190013,2,1,0,0,0,0,0,0,0,0,0,0
190014,1,1,0,0,0,0,0,0,0,0,0,0
190014,2,1,0,0,0,0,0,0,0,0,0,0
190015,1,1,0,0,0,0,0,0,0,0,0,0
190015,2,1,0,0,0,0,14,0,0,0,0,0
190016,1,1,0,0,0,5,0,0,0,0,0,0
190016,2,1,0,0,0,0,0,0,0,0,0,0
190017,0,1,0,0,0,0,0,22,0,0,28,0
190017,1,1,0,0,0,0,0,0,0,0,0,0
190018,1,1,0,0,0,0,0,0,0,0,0,0
190018,2,1,0,0,0,0,0,0,4,0,9,11
190019,1,1,13,15,18,25,15,20,10,26,16,28
190020,1,1,0,0,24,0,0,23,0,23,0,0
190021,1,1,0,0,0,0,0,0,0,0,0,0
190021,2,1,0,0,12,0,0,0,0,0,0,0
190022,1,1,0,0,0,0,0,0,0,0,0,0
190022,2,1,0,13,6,0,0,0,0,0,0,0
190023,0,1,0,0,0,0,0,0,0,0,0,0
190023,0,2,0,0,0,0,0,0,0,0,0,0
190023,1,1,0,0,0,0,0,0,0,0,0,0
190024,1,1,0,0,0,0,0,0,0,0,0,0
190024,2,1,0,0,0,0,0,0,0,0,0,0
190025,1,1,29,0,0,0,17,0,0,0,13,0
190026,1,1,0,0,0,0,0,0,0,0,0,0
190026,2,1,0,0,0,0,9,0,0,0,0,0
190027,1,1,0,0,0,0,0,0,0,0,0,0
190027,2,1,0,0,0,0,0,0,0,0,0,0
190028,1,1,25,16,28,28,0,16,0,0,13,0
190029,1,1,0,0,0,0,0,0,0,0,0,0
190029,2,1,0,0,0,0,0,0,0,0,0,0
190029,3,1,0,0,0,0,0,0,0,0,0,0
190030,1,1,20,0,0,2,18,0,21,0,22,12
190031,1,1,0,0,0,0,0,0,6,0,0,0
190031,2,1,0,0,0,0,0,0,0,0,0,0
190032,1,1,0,0,0,0,0,0,0,0,26,0
190032,2,1,0,0,6,0,0,0,5,0,0,0
190033,1,1,0,20,0,0,0,0,0,0,0,18
190033,2,1,0,0,0,0,0,0,0,0,0,0
190034,1,1,0,0,0,0,0,0,0,0,0,0
190034,2,1,0,0,0,0,0,14,8,0,0,0
190035,1,1,0,23,0,0,0,0,0,0,17,0
190035,2,1,0,0,0,0,0,0,0,0,0,0
190036,1,1,0,0,0,0,0,0,0,0,0,0
190036,2,1,0,0,6,0,0,0,0,0,14,0
190037,1,1,0,0,0,0,0,0,0,0,0,0
190037,2,1,0,0,0,0,0,0,0,0,0,0
190038,0,1,14,0,0,7,0,0,0,0,18,0
190038,1,1,0,0,0,0,0,0,0,0,0,0
190039,0,1,0,0,0,0,11,0,0,0,0,15
190039,1,1,0,0,25,0,0,0,31,12,0,0
190040,1,1,3,3,3,3,3,3,3,3,3,3
190040,2,1,0,0,21,0,0,21,0,14,0,14
190041,1,1,0,0,0,0,0,0,0,0,0,0
190041,2,1,0,0,0,0,0,0,0,0,0,0
190042,1,1,17,17,17,17,17,17,17,17,17,17
190042,2,1,0,0,0,0,0,0,0,0,0,0
190043,0,1,15,0,21,0,39,25,8,31,0,22
190043,1,1,0,0,0,0,0,0,0,0,20,41
190044,1,1,0,0,0,0,0,0,0,0,0,0
190044,2,1,0,0,0,0,0,0,0,0,0,0
190045,1,1,0,14,0,18,0,0,0,0,0,0
190045,2,1,0,0,0,0,0,0,0,0,0,0
190046,1,1,26,10,0,0,0,0,19,0,0,21
190046,2,1,0,0,0,0,0,0,0,0,0,0
190046,3,1,21,0,0,0,0,8,0,0,0,0
190047,1,1,18,18,18,18,18,18,18,18,18,18
190048,1,1,14,0,0,0,0,0,0,0,0,0
190048,2,1,27,0,0,0,0,0,0,0,0,0
190049,1,1,8,0,0,0,0,0,0,0,0,0
190049,2,1,0,0,0,0,0,0,0,0,0,0
190050,1,1,1,1,1,1,1,1,1,1,1,1
190050,2,1,8,0,0,0,13,0,0,0,0,0
190051,1,1,0,0,0,0,0,0,0,0,0,0
190051,2,1,28,0,0,0,0,12,0,0,0,3
190052,0,1,0,0,0,0,0,0,0,0,0,0
190052,1,1,3,3,3,3,3,3,3,3,3,3
190053,1,1,0,0,0,0,0,0,0,0,0,0
190053,2,1,0,0,0,0,0,0,0,0,0,0
190054,1,1,0,0,0,0,24,15,0,8,4,0
190055,1,1,0,0,0,0,0,0,0,0,0,0
190055,2,1,0,8,0,0,0,0,0,0,0,0
190055,3,1,0,31,0,0,0,0,0,0,0,0
190056,0,1,0,23,0,0,0,0,0,0,10,21
190056,1,1,0,0,22,15,0,0,15,0,13,0
190057,1,1,20,0,0,0,0,25,0,0,0,0
190058,1,1,0,0,0,0,0,0,0,0,19,0
190059,1,1,0,0,0,0,0,0,0,0,0,0
190059,2,1,0,0,0,0,0,0,0,0,0,0
190060,1,1,0,0,0,20,0,13,0,15,0,15
190061,1,1,0,0,0,0,0,0,0,2,0,0
190061,2,1,0,0,0,0,0,0,0,0,0,0
190062,1,1,6,18,15,15,10,22,13,33,15,16
190062,2,1,0,0,0,0,0,0,0,0,0,0
190063,1,1,0,13,0,21,0,0,0,25,0,0
190064,1,1,0,0,0,0,0,0,0,0,0,0
190064,2,1,0,0,0,0,0,0,0,0,0,0
190065,1,1,1,1,1,1,1,1,1,1,1,1
190066,1,1,8,0,0,14,16,0,0,0,0,0
190067,1,1,10,10,10,10,10,10,10,10,10,10
190068,1,1,18,18,18,18,18,18,18,18,18,18
190069,1,1,0,0,0,0,0,0,0,0,0,0
190069,2,1,0,0,0,0,0,0,0,0,0,0
190070,1,1,0,19,0,0,0,0,0,0,0,0
190070,2,1,0,0,21,0,0,0,0,6,26,13
190071,1,1,0,0,0,0,0,0,0,0,0,0
190071,2,1,0,0,0,0,0,0,0,0,0,0
190072,1,1,0,0,0,0,0,0,0,0,0,0
190073,0,1,0,0,0,0,0,0,0,0,0,0
190073,1,1,0,0,0,0,0,0,0,0,0,0
190074,1,1,21,21,21,21,21,21,21,21,21,21
190075,1,1,0,0,0,0,0,0,0,0,0,0
190075,2,1,0,0,0,0,0,0,0,0,0,0
190076,1,1,0,0,0,0,0,0,0,0,0,0
190077,1,1,0,0,0,0,0,0,0,0,0,0
190077,2,1,0,0,0,0,0,0,0,0,0,0
190078,1,1,0,0,0,0,0,0,0,13,0,0
190079,1,1,6,6,6,6,6,6,6,6,6,6
190080,1,1,0,0,0,0,0,0,0,0,0,0
190080,2,1,0,0,0,0,0,0,0,0,0,0
190081,1,1,0,0,0,0,0,0,0,0,0,0
190082,1,1,10,10,10,10,10,10,10,10,10,10
190082,2,1,0,0,0,0,0,5,0,0,0,0
190083,1,1,0,0,0,0,0,0,0,0,0,0
190084,1,1,0,0,0,2,0,0,0,0,0,0
190084,2,1,0,0,0,0,0,0,0,0,0,0
190085,1,1,0,0,0,0,0,0,0,0,0,0
190086,1,1,0,0,0,0,0,0,0,0,0,0
190086,2,1,0,0,0,0,0,0,0,0,0,0
190087,1,1,0,0,0,0,0,0,0,0,13,0
190088,1,1,0,0,0,0,0,0,0,0,0,0
190089,1,1,0,0,0,0,0,0,0,0,0,0
190089,2,1,0,0,0,0,0,0,0,0,0,0
190090,1,1,10,15,0,25,0,0,0,0,31,0
190091,1,1,23,23,23,23,23,23,23,23,23,23
190092,1,1,17,17,17,17,17,17,17,17,17,17
190093,1,1,15,0,0,0,0,0,0,9,0,0
190093,2,1,4,4,4,4,4,4,4,4,4,4
190094,1,1,0,0,0,0,0,0,0,0,0,0
190094,2,1,0,0,0,0,0,0,0,0,0,0
190095,1,1,0,0,0,0,42,0,0,12,0,0
190096,1,1,0,0,0,0,0,0,0,0,0,0
190097,1,1,4,4,4,4,4,4,4,4,4,4
190097,2,1,0,0,0,0,0,0,0,0,0,0
190098,1,1,0,27,0,22,8,14,11,18,8,0
190099,1,1,15,15,15,15,15,15,15,15,15,15
190099,2,1,0,7,0,0,0,0,0,0,0,0
190100,1,1,0,0,0,0,14,11,0,15,0,12
190101,1,1,14,25,0,8,30,8,0,0,0,9
190102,0,1,0,0,0,0,0,0,0,0,0,0
190102,1,1,0,0,0,0,0,0,0,0,0,0
190103,1,1,0,0,0,0,0,0,0,0,0,0
190103,2,1,0,0,5,0,0,0,0,0,0,0
190103,3,1,26,0,0,0,0,0,0,0,0,0
190104,1,1,0,0,0,0,0,0,0,0,0,0
190105,1,1,0,0,0,0,0,0,0,0,0,0
190106,1,1,0,0,0,0,0,0,0,0,0,0
190106,2,1,0,0,0,0,0,0,0,0,0,0
190107,1,1,15,15,15,15,15,15,15,15,15,15
190108,1,1,17,12,6,7,18,10,30,11,11,18
190109,1,1,0,12,0,0,0,21,0,0,45,0
190110,1,1,13,13,13,13,13,13,13,13,13,13
190111,1,1,19,24,9,0,22,15,8,25,0,17
190112,1,1,0,0,0,0,0,0,0,18,8,0
190112,2,1,0,0,0,0,0,0,0,0,0,0
190113,1,1,0,0,0,0,0,0,0,0,0,0
190114,1,1,14,17,8,0,0,16,17,31,18,24
190115,1,1,36,22,15,0,0,0,17,0,23,22
190116,1,1,0,0,0,0,0,0,0,0,0,0
190116,2,1,0,0,0,0,0,0,0,0,0,0
190117,0,1,0,0,0,0,0,0,0,0,0,0
190117,1,1,0,0,0,0,23,0,0,0,0,0
190118,1,1,0,0,0,0,0,0,0,0,0,0
190118,2,1,0,0,0,0,0,0,0,0,0,0
190119,1,1,11,11,11,11,11,11,11,11,11,11
190120,1,1,0,0,0,0,0,20,0,0,0,0
190120,2,1,0,0,0,0,0,0,0,0,0,0
190121,1,1,0,0,0,38,0,0,0,15,0,5
190121,2,1,9,0,0,0,0,0,0,0,11,0
190122,0,1,0,0,0,0,0,0,0,0,0,0
190122,1,1,0,0,0,0,0,0,0,7,0,0
190123,1,1,29,29,29,29,29,29,29,29,29,29
190123,2,1,9,17,26,0,0,0,0,0,3,0
190124,1,1,0,16,0,0,14,24,0,36,0,0
190124,2,1,0,0,0,0,0,0,0,0,0,0
190125,1,1,0,0,0,0,0,0,0,0,0,0
190125,2,1,0,0,0,0,0,0,0,0,0,0
190126,1,1,19,19,19,19,19,19,19,19,19,19
190127,1,1,0,0,9,0,0,0,0,0,0,0
190128,1,1,0,0,0,0,0,0,0,0,0,0
190128,2,1,0,0,0,0,0,0,0,0,0,0
190129,1,1,15,0,0,0,0,0,7,8,0,10
190130,1,1,16,16,16,16,16,16,16,16,16,16
190131,1,1,0,0,0,0,19,0,0,0,0,0
190131,2,1,23,0,0,0,0,0,0,0,0,0
190132,0,1,20,0,0,5,0,0,25,0,0,0
190132,1,1,0,0,0,30,0,0,0,0,0,0
190133,1,1,0,0,0,0,0,0,0,0,0,0
190133,2,1,0,0,0,0,0,0,0,0,0,0
190134,1,1,0,0,0,0,0,0,27,0,0,0
190134,2,1,11,11,11,11,11,11,11,11,11,11
190135,1,1,16,16,16,16,16,16,16,16,16,16
190136,1,1,22,0,0,0,0,0,0,0,0,0
190136,2,1,0,0,11,0,0,16,0,0,0,0
190137,0,1,3,3,3,3,3,3,3,3,3,3
190137,1,1,0,0,0,0,0,0,0,0,0,0
190138,1,1,22,22,22,22,22,22,22,22,22,22
190138,2,1,4,4,4,4,4,4,4,4,4,4
190138,3,1,0,0,0,0,0,0,0,0,0,0
190139,1,1,0,0,0,0,0,0,0,0,0,0
190139,2,1,2,2,2,2,2,2,2,2,2,2
190140,1,1,0,0,0,0,0,0,0,0,0,0
190141,0,1,0,9,7,27,0,22,31,35,0,9
190141,1,1,0,0,0,6,8,0,0,14,0,0
190142,0,1,21,0,0,0,0,0,0,0,0,0
190142,1,1,0,0,0,0,0,0,20,0,0,11
190143,0,1,0,0,10,0,0,0,0,28,0,0
190143,1,1,13,0,0,0,0,8,0,30,0,27
190144,1,1,17,12,6,0,0,8,0,0,14,8
190145,1,1,0,0,0,0,0,0,0,0,0,0
190145,2,1,0,0,0,0,0,0,0,0,0,0
190146,1,1,0,0,0,0,0,11,0,0,0,0
190147,1,1,0,0,18,0,0,0,0,0,0,0
190147,2,1,0,0,0,0,0,0,0,0,0,0
190148,1,1,27,25,0,0,0,0,0,22,0,0
190148,2,1,0,0,0,0,0,0,0,0,0,0
190149,1,1,21,22,16,24,0,17,0,13,0,0
190150,0,1,0,0,0,0,0,15,0,0,0,17
190150,1,1,3,3,3,3,3,3,3,3,3,3
190151,1,1,0,0,0,0,0,0,0,0,0,0
190152,1,1,0,0,0,0,0,0,0,0,0,0
190153,1,1,26,0,8,13,0,23,0,0,0,0
190153,2,1,14,11,34,0,6,15,0,0,13,0
190154,1,1,0,0,0,0,0,0,0,0,0,0
190154,2,1,4,4,4,4,4,4,4,4,4,4
190155,1,1,0,19,0,24,0,0,0,0,0,14
190156,1,1,25,0,26,21,0,12,0,9,12,10
190157,1,1,0,0,0,0,0,0,0,0,0,0
190157,2,1,0,0,0,0,0,0,12,9,0,0
190158,1,1,0,40,9,0,0,19,0,13,13,0
190159,1,1,7,19,12,0,21,0,25,9,0,0
190159,2,1,0,24,37,0,18,0,14,20,0,0
190160,1,1,9,9,9,9,9,9,9,9,9,9
190161,1,1,15,15,15,15,15,15,15,15,15,15
190162,1,1,18,18,18,18,18,18,18,18,18,18
190162,2,1,0,0,0,0,0,0,0,0,0,0
190163,1,1,0,0,0,0,0,0,0,0,0,0
190164,1,1,14,14,14,14,14,14,14,14,14,14
190165,1,1,0,0,0,0,0,0,0,0,0,0
190166,1,1,0,0,0,0,0,0,28,0,0,8
190166,2,1,13,13,13,13,13,13,13,13,13,13
190167,1,1,0,14,0,0,8,0,0,0,0,0
190167,2,1,0,0,0,0,0,0,0,0,0,0
190168,1,1,17,17,17,17,17,17,17,17,17,17
190169,1,1,0,3,0,0,0,9,0,10,14,0
190170,1,1,10,10,10,10,10,10,10,10,10,10
190171,1,1,0,0,0,0,0,0,0,0,13,0
190171,2,1,0,0,0,0,0,0,0,0,0,0
190172,1,1,16,16,16,16,16,16,16,16,16,16
190173,1,1,27,27,27,27,27,27,27,27,27,27
190174,1,1,17,17,17,17,17,17,17,17,17,17
190174,2,1,0,0,0,0,0,0,0,0,23,0
190175,1,1,7,0,0,0,0,20,6,0,0,0
190176,1,1,0,0,0,0,0,0,0,0,0,0
190177,1,1,19,19,19,19,19,19,19,19,19,19
190178,1,1,19,19,19,19,19,19,19,19,19,19
190178,2,1,0,0,0,0,0,0,0,0,0,0
190179,1,1,20,20,20,20,20,20,20,20,20,20
190180,1,1,0,0,0,0,0,0,0,0,0,0
190181,1,1,37,37,37,37,37,37,37,37,37,37
190181,2,1,0,0,0,0,0,0,0,0,0,0
190182,1,1,0,0,0,0,0,0,0,0,0,0
190182,2,1,16,0,0,0,0,0,0,12,0,0
190184,1,1,8,17,16,22,31,6,14,11,11,12
190184,2,1,0,0,0,0,0,0,0,0,0,0
190185,1,1,0,0,0,12,0,0,0,0,0,0
190185,2,1,0,0,0,0,0,0,0,0,0,0
190186,1,1,0,0,0,0,0,0,6,0,0,0
190186,2,1,0,0,0,9,0,0,0,0,0,0
190187,0,1,0,23,0,8,29,0,0,0,0,0
190187,1,1,21,5,0,6,0,0,14,8,7,0
190188,1,1,0,0,0,0,0,0,0,0,0,0
190188,2,1,0,0,0,0,0,0,0,0,0,0
190189,1,1,0,16,0,0,0,18,0,0,0,0
190190,1,1,0,0,0,0,0,0,0,0,0,0
190191,1,1,0,0,0,0,0,0,0,0,0,0
190191,2,1,14,0,11,0,0,33,0,0,0,0
190192,1,1,7,11,14,9,19,9,30,9,24,30
190193,0,1,0,0,0,0,0,0,0,0,0,0
190193,1,1,0,0,0,0,0,0,0,0,0,0
190194,1,1,14,14,14,14,14,14,14,14,14,14
190195,1,1,14,14,14,14,14,14,14,14,14,14
190195,2,1,4,4,4,4,4,4,4,4,4,4
190196,1,1,6,7,1,0,0,0,4,0,0,5
190196,2,1,0,0,0,0,0,0,0,17,0,0
190197,1,1,0,0,0,0,0,0,0,21,0,0
190198,1,1,25,25,25,25,25,25,25,25,25,25
190198,2,1,0,0,9,0,0,0,0,22,0,0
190199,1,1,0,0,0,19,17,10,0,0,0,6
190200,1,1,22,22,22,22,22,22,22,22,22,22
190201,1,1,0,0,0,0,0,0,0,0,0,0
190201,2,1,0,0,0,0,0,0,0,0,0,0
190202,0,1,0,0,0,0,0,0,0,0,0,0
190202,1,1,0,0,20,0,0,0,0,0,0,0
190203,1,1,0,0,0,0,0,0,0,14,0,0
190203,2,1,16,0,0,41,0,16,0,0,0,0
190204,1,1,0,0,0,0,0,0,7,0,0,0
190204,2,1,10,0,0,0,0,0,0,0,11,12
190205,1,1,0,0,23,0,13,0,10,27,0,9
190206,1,1,0,0,0,0,0,0,0,0,0,0
190207,1,1,0,0,0,0,0,0,0,0,0,0
190207,2,1,0,0,0,0,0,0,0,0,0,0
190208,1,1,0,0,0,0,0,0,0,0,0,0
190208,2,1,0,0,0,0,0,0,0,0,0,0
190209,1,1,24,24,24,24,24,24,24,24,24,24
190210,1,1,0,0,0,0,0,0,0,0,0,0
190210,2,1,1,1,1,1,1,1,1,1,1,1
190211,1,1,0,20,0,0,0,14,0,0,0,10
190212,1,1,0,0,21,0,0,0,0,0,0,0
190213,0,1,0,11,23,13,33,10,29,14,5,12
190213,1,1,0,0,0,0,0,0,0,0,21,0
190214,1,1,13,0,21,0,0,0,0,6,0,0
190215,1,1,0,0,0,0,0,0,0,0,0,0
190215,2,1,0,0,0,0,0,0,8,0,0,0
190216,1,1,0,0,0,0,0,0,0,0,0,0
190216,2,1,0,0,0,0,0,0,0,0,0,0
190217,0,1,14,0,46,0,8,13,0,0,16,0
190217,1,1,17,0,0,0,0,0,0,8,0,0
190218,1,1,0,0,21,21,0,0,0,3,0,0
190219,1,1,0,20,5,20,0,0,0,22,0,22
190219,2,1,0,0,0,0,0,0,0,0,0,0
190220,1,1,0,0,0,0,0,0,0,0,0,0
190220,2,1,0,0,0,0,0,0,0,0,0,0
190221,1,1,0,0,0,0,0,0,0,0,0,0
190222,1,1,0,22,0,0,0,28,0,0,0,0
190222,2,1,0,0,0,0,0,0,0,0,0,0
190223,0,1,2,0,19,0,0,0,29,0,0,15
190223,1,1,0,0,0,0,0,0,0,0,0,0
190224,1,1,0,0,0,0,0,0,0,0,0,0
190224,2,1,0,0,0,0,0,6,16,0,0,0
190225,1,1,0,0,0,0,0,0,0,0,0,0
190225,2,1,0,0,0,25,0,0,0,0,0,0
190226,1,1,6,6,6,6,6,6,6,6,6,6
190226,2,1,0,0,0,0,0,0,4,26,0,0
190227,1,1,0,0,0,13,0,17,0,10,0,13
190228,0,1,13,13,13,13,13,13,13,13,13,13
190228,1,1,0,0,0,0,0,0,19,0,0,0
190229,1,1,16,0,0,0,12,0,0,22,0,26
190229,2,1,0,0,0,0,0,0,0,0,0,0
190229,3,1,0,10,0,0,0,0,10,0,0,0
190230,1,1,15,23,12,0,6,25,21,0,13,0
190231,0,1,0,0,0,0,0,0,0,0,0,0
190231,1,1,0,0,0,0,0,0,0,0,0,0
190232,1,1,0,0,0,0,0,0,0,0,0,0
190232,2,1,0,0,0,0,0,0,0,0,0,0
190233,1,1,16,16,16,16,16,16,16,16,16,16
190233,2,1,0,0,0,0,0,0,0,0,0,0
190233,3,1,0,0,0,0,0,0,0,0,0,17
190233,4,1,0,15,0,0,0,14,0,0,0,0
190234,1,1,0,0,0,0,0,0,0,0,0,0
190234,2,1,32,0,8,12,31,39,9,20,2,0
190235,1,1,0,0,0,0,0,0,0,0,0,0
190235,2,1,0,0,0,0,0,0,0,0,0,0
190235,3,1,0,2,0,0,0,0,0,0,12,0
190235,4,1,0,0,0,0,0,0,0,20,0,0
190235,5,1,0,0,0,0,0,0,0,16,0,0
190236,1,1,20,20,20,20,20,20,20,20,20,20
190237,1,1,0,0,0,0,0,0,0,0,0,0
190237,2,1,0,0,0,0,0,0,0,0,0,0
190238,1,1,0,0,0,0,0,0,0,0,0,0
190238,2,1,0,0,0,0,0,0,0,0,0,0
190238,3,1,0,0,0,0,0,0,17,0,18,0
190239,1,1,36,36,36,36,36,36,36,36,36,36
190240,0,1,0,0,0,0,17,0,9,0,8,0
190240,1,1,0,0,0,0,11,0,0,0,0,7
190240,2,1,19,7,9,0,0,0,0,0,0,0
190241,1,1,12,12,12,12,12,12,12,12,12,12
190241,2,1,0,0,0,0,0,0,0,0,0,0
190242,1,1,0,20,0,6,18,0,0,21,0,0
190243,1,1,0,0,0,0,0,0,0,0,0,0
190243,2,1,0,32,0,0,0,14,0,20,0,0
190245,1,1,2,2,2,2,2,2,2,2,2,2
190246,1,1,0,0,0,0,0,0,0,0,0,0
190246,2,1,0,0,0,0,0,0,0,0,0,0
190247,1,1,0,0,0,0,0,0,0,0,0,0
190247,2,1,0,0,0,0,0,7,0,0,0,0
190248,1,1,0,0,0,0,0,0,0,0,0,0
190248,2,1,0,0,0,0,0,0,0,0,0,0
190249,1,1,0,0,0,0,0,29,0,0,0,0
190250,1,1,0,0,22,0,0,0,0,0,0,0
190250,2,1,0,0,0,0,0,0,0,0,0,0
190251,1,1,0,20,0,0,23,16,13,19,14,14
190252,1,1,0,0,0,0,0,0,0,0,0,0
190252,2,1,0,0,30,19,0,0,0,0,0,18
190253,1,1,0,0,0,0,0,0,0,0,0,0
190253,2,1,0,0,0,0,0,15,0,0,0,0
190254,1,1,0,0,0,0,0,0,0,0,0,0
190254,2,1,0,0,0,0,0,0,0,0,0,0
190255,0,1,0,0,0,0,0,0,37,0,0,0
190255,1,1,0,0,0,0,0,15,0,16,0,0
190256,0,1,6,6,6,6,6,6,6,6,6,6
190256,1,1,0,0,0,0,0,0,0,0,8,0
190257,1,1,34,34,34,34,34,34,34,34,34,34
190258,1,1,23,23,23,23,23,23,23,23,23,23
190259,1,1,0,0,0,0,0,0,0,0,0,0
190260,1,1,0,0,17,0,0,14,9,0,14,0
190261,1,1,0,0,0,0,0,0,0,0,0,0
190261,2,1,0,0,0,0,0,0,0,0,0,0
190262,1,1,22,22,22,22,22,22,22,22,22,22
190263,1,1,31,31,31,31,31,31,31,31,31,31
190264,1,1,24,24,24,24,24,24,24,24,24,24
190265,0,1,11,0,18,0,0,0,0,0,11,6
190265,1,1,0,0,0,0,0,7,0,0,0,7
190266,1,1,4,4,4,4,4,4,4,4,4,4
190266,2,1,0,0,0,0,0,0,16,0,0,0
190267,1,1,12,7,0,9,0,8,0,0,0,0
190268,0,1,0,0,0,0,0,0,0,0,0,0
190268,1,1,0,0,0,0,0,0,0,0,4,0
190269,1,1,0,0,0,0,0,0,11,0,0,0
190269,2,1,0,0,0,0,0,0,0,0,0,0
190270,1,1,0,0,0,0,0,0,0,0,0,16
190271,1,1,0,0,0,0,0,0,0,0,0,0
190271,2,1,0,0,0,0,0,0,0,0,0,0
190272,1,1,0,0,0,0,0,15,0,0,0,0
190273,1,1,0,20,16,7,16,0,0,0,4,20
190274,1,1,0,29,0,0,0,0,0,0,0,0
190274,2,1,0,0,0,0,0,0,0,0,0,0
190274,3,1,0,0,0,0,0,0,0,0,0,0
190275,1,1,20,0,0,0,0,0,14,0,0,0
190276,1,1,0,0,0,0,0,0,0,0,0,0
190277,1,1,0,0,0,0,0,0,0,0,0,0
190277,2,1,0,0,0,0,0,0,0,0,0,0
190278,1,1,26,26,26,26,26,26,26,26,26,26
190278,2,1,0,0,0,0,0,0,0,0,0,0
190279,1,1,0,0,0,0,0,0,0,0,0,0
190279,2,1,0,0,0,0,0,0,0,0,0,0
190280,1,1,0,0,0,0,0,0,0,0,0,0
190281,1,1,0,0,31,0,23,0,39,0,0,0
190281,2,1,0,0,0,0,0,0,0,0,0,0
190282,1,1,0,0,25,0,0,0,21,0,0,0
190283,1,1,0,5,0,0,0,0,15,0,15,0
190284,1,1,0,0,0,0,0,0,0,0,0,0
190284,2,1,0,18,0,0,0,0,16,24,0,0
190284,3,1,15,0,0,0,0,0,0,0,0,0
190285,1,1,19,0,0,12,0,0,6,0,5,12
190286,1,1,16,18,22,16,9,15,0,0,0,0
190287,1,1,17,17,17,17,17,17,17,17,17,17
190287,2,1,9,0,0,0,0,0,0,15,0,0
190287,3,1,0,0,30,18,0,19,0,3,0,0
190287,4,1,25,0,0,0,0,25,0,0,0,0
190288,1,1,0,0,0,0,0,0,0,0,0,0
190288,2,1,0,0,0,0,0,0,0,0,0,0
190289,1,1,0,0,0,31,0,0,0,0,0,0
190289,2,1,0,0,0,0,0,0,0,0,0,0
190290,1,1,9,28,28,12,12,13,29,0,0,12
190291,1,1,12,0,0,26,0,0,0,0,16,16
190292,0,1,13,17,23,19,22,24,15,6,11,47
190292,1,1,0,0,0,0,0,0,0,0,0,16
190293,0,1,14,14,14,14,14,14,14,14,14,14
190293,1,1,0,0,0,19,0,0,0,0,0,0
190294,1,1,11,11,11,11,11,11,11,11,11,11
190294,2,1,14,0,0,39,0,0,0,0,0,0
190295,1,1,0,0,0,0,0,0,0,0,0,0
190295,2,1,0,0,0,0,0,0,0,0,0,0
190296,1,1,17,17,17,17,17,17,17,17,17,17
190296,2,1,0,0,0,26,0,0,0,0,0,8
190297,0,1,0,0,0,0,25,0,22,0,31,11
190297,1,1,0,0,0,0,0,0,0,0,0,0
190298,1,1,0,0,0,0,0,0,0,0,0,0
190299,1,1,18,14,26,0,0,8,0,0,0,17
190300,1,1,0,0,0,0,0,0,0,0,0,0
190300,2,1,0,8,0,0,12,0,0,11,0,0
190301,1,1,0,0,0,0,0,0,0,0,0,0
190301,2,1,0,0,0,0,0,0,0,5,0,0
190301,3,1,22,0,15,0,0,0,0,0,0,0
190301,4,1,9,0,0,14,0,0,0,13,0,0
190302,1,1,0,0,0,0,0,0,0,0,0,0
190302,2,1,4,0,13,0,0,0,0,0,0,0
190303,1,1,0,0,0,32,0,0,0,0,0,24
190304,0,1,0,0,0,0,0,0,0,0,0,0
190304,1,1,16,0,0,0,0,21,0,0,12,0
190305,1,1,8,0,4,0,0,10,8,0,14,23
190305,2,1,0,0,0,18,0,24,9,0,18,22