ST_CASE,VEH_NO,PER_NO,P1,P2,P3,P4,P5,P6,P7,P8,P9,P10
210249,1,1,0,0,0,0,0,0,0,0,0,0
210250,1,1,20,20,20,20,20,20,20,20,20,20
210251,1,1,0,0,0,0,0,0,0,0,0,0
210252,1,1,0,0,0,26,0,0,0,0,0,0
210252,2,1,0,0,0,0,0,0,0,0,0,0
210253,1,1,0,0,0,0,0,0,0,0,0,0
210254,1,1,0,0,0,0,0,0,0,0,0,0
210255,1,1,0,0,0,0,0,0,0,0,0,0
210255,2,1,0,0,0,0,0,0,0,0,0,0
210256,0,1,0,0,0,0,0,0,0,0,0,0
210256,1,1,0,8,3,33,0,14,0,26,8,11
210257,1,1,0,0,0,0,0,0,15,0,0,0
210258,1,1,0,0,0,0,0,0,0,0,0,0
210259,1,1,0,0,0,0,0,0,0,0,0,0
210260,1,1,17,17,17,17,17,17,17,17,17,17
210261,1,1,0,0,0,0,0,0,0,0,0,0
210261,2,1,0,0,0,0,0,0,0,0,0,0
210262,1,1,0,0,0,0,0,0,0,0,0,0
210262,2,1,0,0,0,0,0,0,0,0,0,0
210262,3,1,0,0,0,0,0,0,0,0,0,0
210263,1,1,19,19,19,19,19,19,19,19,19,19
210264,1,1,20,20,20,20,20,20,20,20,20,20
210264,2,1,0,0,0,0,0,0,0,0,16,0
210264,3,1,0,0,0,0,0,0,0,0,0,0
210265,1,1,0,0,0,0,0,0,0,0,0,0
210266,1,1,20,20,20,20,20,20,20,20,20,20
210267,1,1,0,0,0,0,0,0,0,0,0,0
210268,1,1,0,0,0,0,0,0,0,0,0,0
210268,2,1,0,0,0,0,0,0,0,0,0,0
210269,1,1,0,0,0,0,0,0,0,0,0,0
210269,2,1,0,0,0,0,0,0,0,0,0,0
210270,1,1,0,0,0,0,0,0,0,0,0,0
210271,1,1,0,0,0,0,0,0,0,0,0,0
210271,2,1,0,0,0,0,0,0,0,0,0,0
210272,1,1,20,20,20,20,20,20,20,20,20,20
210273,1,1,0,0,0,0,0,0,0,0,0,0
210273,2,1,0,0,0,0,0,0,0,0,0,0
210274,1,1,0,0,0,0,0,0,0,0,0,0
210275,1,1,15,26,10,9,27,25,5,13,6,43
210276,1,1,0,0,0,0,0,0,0,0,0,0
210276,2,1,0,0,0,0,0,0,0,0,0,0
210276,3,1,0,0,0,0,0,0,0,0,0,0
210276,4,1,0,0,0,0,0,0,0,26,0,0
210277,1,1,0,0,0,0,0,0,0,0,0,0
210278,1,1,0,0,0,0,0,0,0,0,0,0
210278,2,1,0,0,0,0,0,0,0,0,0,0
210278,3,1,0,0,0,0,0,0,0,0,0,0
210279,1,1,0,0,0,0,0,0,0,0,0,0
210279,2,1,0,0,0,0,0,0,0,0,0,0
210281,1,1,0,0,0,0,0,0,0,0,0,0
210283,1,1,0,0,8,0,0,0,6,14,0,0
210284,1,1,0,0,21,0,0,0,0,0,0,0
210284,2,1,0,0,0,0,0,0,0,0,0,0
210285,0,1,2,2,2,2,2,2,2,2,2,2
210285,1,1,0,0,0,0,0,0,0,0,0,0
210286,1,1,12,12,12,12,12,12,12,12,12,12
210288,1,1,15,0,0,0,0,0,18,0,0,0
210289,1,1,0,0,0,0,0,0,0,0,0,0
210290,0,1,9,9,9,9,9,9,9,9,9,9
210290,1,1,0,0,0,0,0,0,0,0,0,0
210291,1,1,0,0,0,0,0,0,0,0,0,0
210291,2,1,0,0,0,0,0,0,0,0,0,0
210291,3,1,0,0,0,0,0,0,0,8,0,5
210292,1,1,0,0,0,0,0,0,0,0,0,0
210293,0,1,27,27,27,27,27,27,27,27,27,27
210293,1,1,0,0,0,0,0,0,0,0,0,0
210294,0,1,0,0,0,0,0,0,0,0,0,0
210294,1,1,0,0,0,0,0,0,0,0,0,0
210295,1,1,0,0,0,0,0,0,0,0,0,0
210295,2,1,0,0,0,0,0,0,0,0,0,0
210295,3,1,0,0,0,0,0,0,0,0,0,0
210295,4,1,0,0,0,0,0,0,23,0,0,0
210296,1,1,0,0,0,0,0,0,0,0,0,0
210296,2,1,2,2,2,2,2,2,2,2,2,2
210297,1,1,13,0,0,0,0,0,0,0,0,0
210297,2,1,0,0,0,0,0,0,0,0,0,0
210298,1,1,0,0,0,0,6,0,0,0,0,0
210298,2,1,25,25,25,25,25,25,25,25,25,25
210298,3,1,2,4,0,9,0,0,0,1,2,0
210299,1,1,0,0,0,0,0,0,0,0,0,0
210300,1,1,0,27,0,0,0,0,0,0,0,0
210301,1,1,11,11,11,11,11,11,11,11,11,11
210302,1,1,0,0,0,0,0,0,0,0,0,0
210302,2,1,0,0,0,0,0,0,0,0,0,0
210303,1,1,0,0,0,0,0,0,0,0,0,0
210303,2,1,0,0,0,0,0,0,0,0,0,0
210304,1,1,0,0,0,0,0,0,0,0,0,0
210305,1,1,0,0,0,0,0,0,0,0,0,0
210305,2,1,0,0,0,0,0,0,0,0,0,0
210306,1,1,0,0,0,0,0,0,0,0,0,0
210306,2,1,0,0,0,0,0,0,0,0,0,0
210307,1,1,0,0,0,17,14,0,0,0,0,0
210308,1,1,0,0,0,0,0,0,0,0,0,0
210308,2,1,0,0,0,0,0,0,0,0,0,0
210308,3,1,0,0,0,0,0,0,0,0,0,0
210308,4,1,0,0,0,0,0,0,0,0,0,0
210309,1,1,0,0,0,0,0,0,0,0,0,0
210310,1,1,0,0,0,0,0,0,0,0,0,0
210310,2,1,0,0,0,0,25,0,0,0,0,0
210311,1,1,0,0,0,0,0,0,0,0,0,0
210312,1,1,0,0,0,0,0,0,0,0,0,0
210312,2,1,0,0,0,0,0,0,0,0,0,0
210313,1,1,5,5,5,5,5,5,5,5,5,5
210313,2,1,0,0,0,0,0,0,0,0,0,0
210314,1,1,11,11,11,11,11,11,11,11,11,11
210315,1,1,0,0,0,0,0,0,0,0,0,0
210315,2,1,0,0,0,0,0,0,0,0,0,0
210316,1,1,17,17,17,17,17,17,17,17,17,17
210317,1,1,0,0,0,0,0,0,0,0,0,0
210318,1,1,0,0,0,0,0,0,0,0,0,0
210319,1,1,23,23,23,23,23,23,23,23,23,23
210320,1,1,33,20,6,4,12,6,15,0,22,13
210321,1,1,21,21,21,21,21,21,21,21,21,21
210322,1,1,0,0,0,0,0,0,0,0,0,0
210323,0,1,0,0,0,0,0,0,0,0,0,0
210323,1,1,0,10,0,35,18,11,0,13,18,21
210324,1,1,0,0,0,0,0,0,0,0,0,0
210325,1,1,0,0,0,0,0,0,0,0,0,0
210325,2,1,0,0,0,0,0,0,0,0,0,0
210326,1,1,0,0,0,0,0,0,0,0,0,0
210326,2,1,0,0,0,0,0,0,0,0,0,0
210327,1,1,0,0,0,0,0,0,0,0,0,0
210327,2,1,0,0,0,0,0,0,0,0,0,0
210328,1,1,0,0,0,0,0,0,0,0,0,0
210329,1,1,0,0,0,0,0,0,0,0,0,0
210329,2,1,0,0,0,0,0,0,0,0,0,0
210329,3,1,0,0,0,0,0,0,0,0,0,0
210330,1,1,0,0,0,0,0,0,0,0,0,0
210331,1,1,0,0,0,0,0,0,0,0,0,0
210332,1,1,5,5,5,5,5,5,5,5,5,5
210333,1,1,17,17,17,17,17,17,17,17,17,17
210334,1,1,29,29,29,29,29,29,29,29,29,29
210335,0,1,35,35,35,35,35,35,35,35,35,35
210335,1,1,0,0,0,0,0,0,0,0,0,0
210336,1,1,0,0,0,0,0,0,0,0,0,0
210336,2,1,0,0,0,0,0,0,0,0,0,0
210337,1,1,0,0,0,0,0,0,0,0,15,0
210337,2,1,0,0,0,0,0,0,0,0,0,0
210338,1,1,0,0,0,0,0,0,0,0,0,0
210339,0,1,23,0,19,45,0,23,0,24,0,18
210339,1,1,0,0,0,0,0,0,0,0,0,0
210340,1,1,0,0,0,0,0,0,0,0,0,0
210340,2,1,0,0,0,0,0,0,0,0,0,0
210341,0,1,0,0,0,0,0,0,0,0,0,0
210341,1,1,0,0,0,0,0,19,0,0,0,0
210342,1,1,20,20,20,20,20,20,20,20,20,20
210342,2,1,0,0,0,0,0,0,0,0,0,0
210343,1,1,0,0,0,0,0,0,0,0,0,0
210343,2,1,0,0,0,0,0,0,0,0,0,0
210344,1,1,0,0,0,0,0,0,0,0,0,0
210344,2,1,0,0,0,0,0,0,0,0,0,0
210345,1,1,0,9,18,0,0,24,6,10,11,9
210346,1,1,0,0,0,0,0,0,0,0,0,0
210347,0,1,0,22,0,0,0,10,0,0,0,0
210347,1,1,0,0,0,0,0,0,0,0,0,0
210348,0,1,0,0,0,0,0,0,0,0,0,0
210348,1,1,0,0,0,8,0,0,0,7,0,10
210349,1,1,0,0,0,0,10,0,0,9,0,0
210350,1,1,0,0,0,0,0,0,0,0,0,0
210350,2,1,0,0,0,0,0,0,0,0,0,0
210351,1,1,0,0,0,0,0,0,0,0,0,0
210353,1,1,0,0,0,0,0,0,0,0,0,26
210353,2,1,0,0,0,0,0,0,0,0,0,0
210354,1,1,0,0,0,0,0,0,0,0,0,0
210355,1,1,0,0,0,0,0,0,0,0,0,0
210356,1,1,13,13,13,13,13,13,13,13,13,13
210357,1,1,12,12,12,12,12,12,12,12,12,12
210358,1,1,0,0,0,0,0,0,0,0,10,0
210359,1,1,0,0,0,0,0,0,0,0,0,0
210360,0,1,0,0,0,0,0,0,0,0,0,0
210360,1,1,0,0,0,0,0,0,0,0,0,0
210361,1,1,0,0,0,0,0,0,0,0,0,0
210361,2,1,0,0,0,0,0,0,0,0,0,0
210362,1,1,21,0,0,0,0,0,0,0,0,0
210363,1,1,0,0,0,0,0,0,0,0,0,0
210363,2,1,19,0,0,0,5,0,21,0,0,0
210363,3,1,0,0,20,0,0,0,26,0,0,0
210364,0,1,36,35,0,0,0,0,0,0,0,0
210364,1,1,0,0,0,0,0,0,0,0,0,0
210365,0,1,21,21,21,21,21,21,21,21,21,21
210365,1,1,0,0,0,0,0,0,0,0,0,0
210367,1,1,34,34,34,34,34,34,34,34,34,34
210368,1,1,23,18,0,0,0,0,0,0,0,0
210369,0,1,8,8,8,8,8,8,8,8,8,8
210369,1,1,0,0,0,0,0,0,0,0,0,0
210370,1,1,0,0,0,0,0,0,0,0,0,0
210370,2,1,0,0,0,0,0,0,0,0,0,0
210371,1,1,0,0,0,0,0,0,0,0,0,0
210372,1,1,0,0,0,0,0,0,0,0,0,0
210372,2,1,0,0,0,0,0,0,0,0,0,0
210373,1,1,0,0,0,0,0,0,0,0,0,0
210373,2,2,9,9,9,9,9,9,9,9,9,9
210374,1,1,0,0,0,0,0,0,0,0,0,0
210374,2,1,0,0,0,0,0,0,0,0,0,0
210375,0,1,0,0,0,0,0,0,0,0,0,0
210375,1,1,0,0,0,0,0,0,0,0,0,0
210376,1,1,0,0,0,0,12,0,0,0,0,0
210376,2,1,0,12,35,0,0,0,0,0,0,8
210377,1,1,18,18,18,18,18,18,18,18,18,18
210378,1,1,27,27,27,27,27,27,27,27,27,27
210378,2,1,0,0,0,0,0,0,0,0,0,0
210379,1,1,0,0,0,0,0,0,0,0,0,0
210379,2,1,0,0,0,0,0,0,0,0,0,0
210379,3,1,0,0,0,0,0,0,0,0,0,0
210380,1,1,8,8,8,8,8,8,8,8,8,8
210381,1,1,4,4,4,4,4,4,4,4,4,4
210382,0,1,0,0,0,0,0,0,0,0,0,0
210382,1,1,0,0,0,0,0,0,0,0,0,0
210383,1,1,0,0,0,0,0,0,0,0,0,0
210384,0,1,0,0,0,0,0,0,0,0,0,0
210384,1,1,0,0,0,0,0,0,0,0,0,0
210385,1,1,18,18,18,18,18,18,18,18,18,18
210387,1,1,8,8,8,8,8,8,8,8,8,8
210387,2,1,0,0,0,0,0,0,0,0,0,0
210387,3,1,0,0,0,0,0,0,0,0,0,0
210388,1,1,0,0,0,0,0,0,0,0,0,0
210388,2,1,0,0,0,0,0,0,0,0,0,0
210389,1,1,0,0,0,0,0,0,0,0,0,0
210390,1,1,20,20,20,20,20,20,20,20,20,20
210391,1,1,0,0,0,0,0,0,0,0,0,0
210391,2,1,0,0,0,0,0,0,0,0,0,0
210392,1,1,0,0,0,0,0,0,0,0,0,0
210392,2,1,0,0,0,0,0,0,0,0,0,0
210393,1,1,0,0,0,0,0,0,0,0,0,0
210394,1,1,0,0,0,0,0,0,0,0,0,0
210395,1,1,0,0,0,0,0,0,0,0,0,0
210396,0,1,15,15,15,15,15,15,15,15,15,15
210396,1,1,0,0,19,0,0,0,0,0,0,0
210397,1,1,0,0,0,0,0,0,0,0,0,0
210398,1,1,0,0,0,0,0,0,0,0,0,0
210398,2,1,14,14,14,14,14,14,14,14,14,14
210399,1,1,0,0,0,0,0,0,0,0,0,0
210400,1,1,0,0,0,0,0,0,0,0,0,0
210401,1,1,0,0,0,0,0,0,0,0,0,0
210401,2,1,0,0,0,0,0,0,0,0,0,0
210402,1,1,31,31,31,31,31,31,31,31,31,31
210402,2,2,0,0,0,0,0,0,0,0,0,0
210403,1,1,0,0,0,0,0,0,0,0,0,0
210403,2,1,0,0,0,0,0,0,0,0,0,0
210403,3,1,0,0,0,0,0,0,0,0,0,0
210404,1,1,23,23,23,23,23,23,23,23,23,23
210404,2,1,0,0,0,0,0,0,0,0,0,0
210405,1,1,0,0,0,0,0,0,0,0,0,0
210405,2,1,2,2,2,2,2,2,2,2,2,2
210406,1,1,18,18,18,18,18,18,18,18,18,18
210406,2,1,0,0,0,0,0,0,0,0,0,0
210406,3,1,0,0,0,0,0,0,0,0,0,0
210407,1,1,0,0,0,0,0,0,0,0,0,0
210407,2,1,0,0,0,0,0,0,0,0,0,0
210408,1,1,0,0,0,0,0,0,0,0,0,0
210408,2,1,0,0,0,0,0,0,0,0,0,0
210409,1,1,0,0,0,0,0,0,0,0,0,0
210410,1,1,0,0,0,0,0,0,0,0,0,0
210411,1,1,0,0,0,0,0,0,0,0,0,0
210412,1,1,0,0,0,0,0,0,0,0,0,0
210413,1,1,20,20,20,20,20,20,20,20,20,20
210414,1,1,8,11,0,15,0,0,4,0,0,0
210414,2,1,0,0,0,0,0,0,0,0,0,0
210415,1,1,0,0,0,0,0,0,0,0,0,0
210415,2,1,0,0,0,0,0,0,0,0,0,0
210416,1,1,16,16,16,16,16,16,16,16,16,16
210417,1,1,23,23,23,23,23,23,23,23,23,23
210417,2,1,10,0,0,0,0,0,0,0,0,0
210417,3,1,0,0,0,0,0,0,0,0,0,0
210417,4,1,0,0,0,0,0,0,0,0,0,0
210418,1,1,0,0,0,0,0,30,0,0,0,0
210419,1,1,0,0,0,0,0,0,0,0,0,0
210420,1,1,0,0,0,0,0,0,0,0,0,0
210420,2,1,0,0,0,0,0,0,0,0,0,0
210421,1,1,0,7,0,0,0,17,0,0,29,0
210422,1,1,15,16,22,14,22,20,0,20,13,14
210423,0,1,0,0,0,0,0,0,0,0,0,0
210423,1,1,0,0,0,0,0,0,0,0,0,0
210424,1,1,0,0,5,0,0,0,0,12,36,0
210425,1,1,0,0,0,0,0,0,0,0,0,0
210425,2,1,0,0,0,0,0,0,0,0,0,0
210426,0,1,0,0,0,0,0,0,0,0,0,0
210426,1,1,0,0,0,0,0,0,0,0,0,0
210427,1,1,0,0,0,0,0,0,0,0,0,0
210427,2,1,0,0,5,0,0,0,0,0,0,0
210428,0,1,0,0,0,0,0,0,0,0,0,0
210428,0,2,0,0,0,0,0,0,0,0,0,0
210428,0,3,0,0,0,0,0,0,0,0,0,0
210428,0,4,0,0,0,0,0,21,0,0,11,0
210428,1,1,0,0,0,0,0,0,0,0,0,0
210429,1,1,14,14,14,14,14,14,14,14,14,14
210429,2,1,0,0,0,0,0,0,0,0,0,0
210430,0,1,13,7,0,18,0,13,41,8,0,36
210430,1,1,0,0,0,0,0,0,0,0,0,0
210431,1,1,0,0,0,0,0,0,0,0,0,0
210431,2,1,0,0,0,0,0,0,0,0,0,0
210431,3,1,0,0,0,0,0,0,0,0,0,0
210432,1,1,0,0,0,0,0,0,0,0,0,0
210432,2,1,0,0,0,0,0,0,0,0,0,0
210433,1,1,20,20,20,20,20,20,20,20,20,20
210433,2,1,0,0,0,0,0,0,0,0,0,0
210434,0,1,0,0,0,0,0,0,0,0,0,0
210434,1,1,0,0,0,0,9,0,0,0,0,0
210436,1,1,0,0,0,0,0,0,0,0,0,0
210437,1,1,0,0,0,0,0,0,0,0,0,0
210437,2,1,0,0,0,0,0,0,0,0,0,0
210437,3,1,0,0,0,0,0,0,0,0,0,0
210438,1,1,0,0,0,0,0,0,0,0,0,0
210438,2,1,0,0,0,0,0,0,0,0,0,0
210438,3,1,0,0,0,0,0,0,0,0,0,0
210439,1,1,0,0,0,0,0,0,0,0,0,0
210440,1,1,0,0,0,0,0,0,0,0,0,0
210440,2,1,0,0,0,0,0,0,0,0,0,0
210441,0,1,15,15,15,15,15,15,15,15,15,15
210441,1,1,13,0,18,6,0,21,0,8,0,0
210442,1,1,13,6,8,30,10,17,40,23,24,5
210443,0,1,0,0,0,0,0,0,0,0,0,0
210443,1,1,23,9,31,36,22,0,0,0,13,0
210444,1,1,17,0,0,0,0,16,21,0,0,0
210444,2,1,0,0,0,0,0,0,0,0,0,0
210445,1,1,0,0,0,0,0,0,0,0,0,0
210446,1,1,5,5,5,5,5,5,5,5,5,5
210447,1,1,8,16,13,7,16,19,16,9,26,21
210447,2,1,0,0,0,0,0,0,0,0,0,0
210447,3,1,0,0,0,0,0,0,0,0,0,0
210448,1,1,0,0,0,0,0,0,0,0,0,0
210448,2,1,0,0,0,0,0,0,0,0,0,0
210449,1,1,0,10,0,0,0,0,0,0,0,0
210450,1,1,0,0,0,0,0,0,0,0,0,0
210450,2,1,0,0,0,0,0,0,0,0,0,0
210450,3,1,0,0,0,0,0,0,0,0,0,0
210451,1,1,0,0,0,0,0,0,0,0,0,0
210451,2,1,0,0,0,0,0,0,0,0,0,0
210452,0,1,0,0,32,0,0,0,0,0,0,0
210452,0,2,0,0,0,0,0,0,0,0,0,0
210452,0,3,0,0,0,0,0,0,0,0,0,0
210452,0,4,0,0,0,0,0,0,22,0,0,0
210452,0,5,21,22,0,0,0,13,0,28,0,0
210452,1,1,0,0,0,0,0,0,0,0,0,0
210453,1,1,0,0,0,0,0,0,0,0,0,0
210453,2,1,0,0,0,0,0,0,0,0,0,0
210454,1,1,14,14,14,14,14,14,14,14,14,14
210455,1,1,0,0,0,0,0,0,0,0,0,0
210455,2,1,0,0,0,0,0,0,0,0,0,0
210456,1,1,0,0,20,22,16,32,23,14,19,15
210457,1,1,15,15,15,15,15,15,15,15,15,15
210458,0,1,0,0,0,0,0,0,0,0,0,0
210458,1,1,10,11,0,31,0,0,0,0,0,0
210459,1,1,0,0,0,0,0,0,0,0,0,0
210460,1,1,0,0,0,0,0,0,0,0,0,0
210461,1,1,22,22,22,22,22,22,22,22,22,22
210462,1,1,0,0,0,0,5,0,0,0,21,0
210463,1,1,0,0,0,0,0,0,0,0,0,0
210464,0,1,29,29,29,29,29,29,29,29,29,29
210464,1,1,0,0,27,0,0,0,0,0,0,0
210465,1,1,0,0,0,0,0,0,0,0,0,0
210465,2,1,0,0,0,0,0,0,0,0,0,0
210466,1,1,15,15,15,15,15,15,15,15,15,15
210467,0,1,0,0,0,0,0,0,0,0,0,0
210467,1,1,0,0,0,0,0,0,0,0,0,0
210468,1,1,0,0,0,0,0,0,0,0,0,0
210468,2,1,0,0,0,0,0,0,0,0,0,0
210468,3,1,0,0,0,0,0,0,0,0,0,0
210469,1,1,26,26,26,26,26,26,26,26,26,26
210469,2,1,0,0,0,0,0,0,0,0,0,0
210469,3,1,0,0,0,0,0,0,0,0,0,0
210469,4,1,0,0,23,0,0,0,0,0,0,0
210471,1,1,0,0,0,0,0,0,0,0,0,0
210471,2,1,0,0,0,0,0,0,0,0,0,0
210472,1,1,0,0,0,0,0,0,0,0,0,0
210473,1,1,20,20,20,20,20,20,20,20,20,20
210474,1,1,0,0,0,0,0,0,0,0,0,0
210474,2,1,7,7,7,7,7,7,7,7,7,7
210475,1,1,0,0,0,0,0,0,0,0,0,0
210475,2,1,0,0,0,0,0,0,0,0,0,0
210476,1,1,20,0,0,0,0,0,0,0,0,0
210476,2,1,0,0,0,0,0,0,0,0,0,0
210477,1,1,0,0,0,0,0,0,0,0,0,0
210477,2,1,0,0,0,0,0,0,0,0,0,0
210478,1,1,0,0,0,0,0,0,0,0,0,0
210479,1,1,0,0,0,0,0,0,0,0,0,0
210479,2,1,0,0,0,0,0,0,0,0,0,0
210480,1,1,19,19,19,19,19,19,19,19,19,19
210482,1,1,13,13,13,13,13,13,13,13,13,13
210483,1,1,25,25,25,25,25,25,25,25,25,25
210484,1,1,0,0,0,0,0,0,0,0,0,0
210485,1,1,3,3,3,3,3,3,3,3,3,3
210486,1,1,0,0,0,0,0,0,0,0,0,0
210486,2,1,9,0,0,0,0,0,0,0,0,0
210487,1,1,0,0,0,0,0,0,0,0,0,0
210487,2,1,0,0,0,0,0,0,0,0,12,0
210488,1,1,0,0,0,0,0,0,0,0,0,0
210489,0,1,12,16,0,14,17,18,19,22,8,29
210489,0,2,13,13,13,13,13,13,13,13,13,13
210489,1,1,0,0,0,0,0,0,0,0,0,12
210490,1,1,0,0,0,0,0,0,0,0,0,0
210490,2,1,0,0,0,0,0,0,0,0,0,0
210491,0,1,7,0,0,0,0,0,0,0,0,0
210491,1,1,0,0,0,0,0,0,0,0,0,0
210492,1,1,0,0,0,0,0,0,0,0,0,0
210492,2,1,0,0,0,0,0,0,0,0,0,0
210493,1,1,0,0,0,0,0,0,0,0,0,0
210493,2,1,0,0,0,0,26,0,0,0,8,0
210494,1,1,18,18,18,18,18,18,18,18,18,18
210494,2,1,14,0,0,0,0,0,0,0,0,0
210495,1,1,37,37,37,37,37,37,37,37,37,37
210496,1,1,0,0,0,0,0,0,0,0,0,0
210496,2,1,0,0,0,0,0,0,0,0,0,0
210497,0,1,0,0,0,0,0,0,0,0,0,0
210497,1,1,0,0,0,0,0,0,0,0,0,0
210498,1,1,0,0,0,0,0,0,0,0,0,0
210499,1,1,0,0,0,0,0,0,0,0,0,0
210499,2,1,0,0,0,0,0,0,0,0,0,0
210500,1,1,16,16,16,16,16,16,16,16,16,16
210501,1,1,0,0,0,0,0,0,0,0,0,0
210502,1,1,0,17,0,0,0,0,0,0,0,0
210503,1,1,19,0,0,0,0,23,0,0,0,0
210504,1,1,22,22,22,22,22,22,22,22,22,22
210504,2,1,0,0,0,0,0,0,0,0,0,0
210505,1,1,15,11,10,25,1,3,21,10,30,16
210506,1,1,0,0,0,0,0,0,0,0,0,0
210507,1,1,0,0,0,0,0,0,0,0,0,0
210507,2,1,0,0,0,0,0,0,0,0,0,0
210508,1,1,0,0,0,0,0,0,0,0,0,0
210508,2,1,0,0,0,0,0,0,0,0,0,0
210509,1,1,0,0,0,0,0,0,0,0,0,0
210509,2,1,0,0,0,0,0,0,0,0,0,0
210510,1,1,8,8,8,8,8,8,8,8,8,8
210511,1,6,7,11,19,21,13,18,0,11,11,28
210512,1,1,0,0,0,0,0,0,0,0,0,0
210512,2,1,0,0,0,0,0,0,0,0,0,0
210513,1,1,12,12,12,12,12,12,12,12,12,12
210513,2,1,0,0,0,0,0,0,0,0,0,0
210514,1,1,9,9,9,9,9,9,9,9,9,9
210515,1,1,0,0,0,0,0,0,0,0,0,0
210515,2,1,0,0,0,0,0,0,0,0,0,0
210515,3,1,0,0,0,0,0,0,0,0,0,17
210516,1,1,0,0,0,0,0,0,0,0,0,0
210516,2,1,0,0,0,0,0,0,0,0,0,0
210516,3,1,0,0,0,0,0,0,0,0,0,0
210516,4,1,0,0,0,0,0,0,0,0,0,0
210516,5,1,0,0,0,0,0,0,0,0,0,0
210517,0,1,0,0,0,0,0,0,0,0,0,0
210517,1,1,0,12,0,0,0,0,0,0,0,0
210518,1,1,0,0,0,0,26,0,0,0,0,0
210519,1,1,0,0,0,0,0,0,0,0,0,0
210520,1,1,0,0,0,0,0,0,0,0,0,0
210520,2,1,0,0,0,0,0,0,0,0,0,0
210521,1,1,0,0,0,0,0,0,0,0,0,0
210521,2,1,0,0,0,0,0,0,0,0,0,0
210521,3,1,0,0,0,0,0,0,0,0,0,0
210521,4,1,0,0,0,0,0,0,0,0,0,0
210522,1,1,12,12,12,12,12,12,12,12,12,12
210523,1,1,0,0,0,0,0,0,0,0,0,0
210523,2,1,0,0,0,0,0,0,0,0,0,0
210523,3,1,0,0,0,0,0,0,0,0,0,0
210524,0,1,0,0,0,0,0,0,0,0,0,0
210524,1,1,0,13,0,0,0,0,0,0,0,0
210525,1,1,0,0,0,0,0,0,0,0,0,0
210525,2,1,0,0,0,0,0,0,0,0,0,0
210526,1,1,0,0,0,0,0,0,0,0,0,0
210527,1,1,0,0,0,0,0,0,0,0,0,0
210527,2,1,21,21,21,21,21,21,21,21,21,21
210528,1,1,0,0,0,0,0,0,0,0,0,0
210528,2,1,0,0,0,0,0,0,0,0,0,0
210529,1,1,2,2,2,2,2,2,2,2,2,2
210530,1,1,0,0,0,0,0,0,0,0,0,0
210530,2,1,0,0,0,0,0,0,0,0,0,0
210531,1,1,0,0,0,0,0,0,0,0,0,0
210531,2,1,0,0,0,0,0,0,0,0,0,0
210532,1,1,0,0,0,0,0,0,0,0,0,0
210532,2,1,0,0,0,0,0,0,0,0,0,0
210533,1,1,3,3,3,3,3,3,3,3,3,3
210534,1,1,27,27,27,27,27,27,27,27,27,27
210535,0,1,15,15,15,15,15,15,15,15,15,15
210535,1,1,17,0,0,0,3,27,0,0,32,0
210536,1,1,4,23,7,18,12,29,10,20,21,29
210537,1,1,0,0,0,0,0,0,0,0,0,0
210538,1,1,0,0,0,0,0,0,0,0,0,0
210539,1,1,0,0,0,0,0,0,0,0,0,0
210540,1,1,0,0,0,0,0,0,0,0,0,0
210540,2,1,0,0,0,0,0,0,0,0,0,0
210541,0,1,0,0,0,0,0,0,0,0,0,0
210541,1,1,13,6,13,29,0,0,39,5,15,14
210542,1,1,0,0,0,0,0,0,0,0,0,0
210542,2,1,0,0,0,0,0,0,0,0,0,0
210543,1,1,17,17,17,17,17,17,17,17,17,17
210543,2,1,0,0,0,0,0,0,0,0,0,0
210544,1,1,20,20,20,20,20,20,20,20,20,20
210545,0,1,0,0,0,0,0,0,0,0,0,0
210545,0,2,0,0,0,24,0,23,0,0,0,0
210545,1,1,0,0,7,0,29,0,22,21,0,0
210546,0,1,0,0,0,0,0,0,0,0,0,0
210546,1,1,0,0,0,0,19,0,0,0,0,0
210547,1,1,0,0,0,0,0,17,0,0,0,0
210547,2,1,0,0,0,6,0,0,0,0,0,0
210548,1,1,0,0,0,0,0,0,0,0,0,0
210548,2,1,0,0,0,0,0,0,0,0,0,0
210549,0,1,25,25,25,25,25,25,25,25,25,25
210549,1,1,0,0,0,0,0,0,0,0,0,0
210550,1,1,25,25,25,25,25,25,25,25,25,25
210551,1,1,0,0,20,0,0,7,0,0,0,0
210551,2,1,0,0,0,0,0,0,0,0,0,0
210551,3,1,0,0,0,0,0,14,0,0,0,0
210551,4,1,0,0,0,21,0,0,0,0,0,0
210551,5,1,0,0,0,0,0,0,0,0,0,0
210552,1,1,25,25,25,25,25,25,25,25,25,25
210552,2,1,0,0,0,0,0,0,0,0,0,0
210552,3,1,0,0,0,0,0,0,0,0,0,7
210553,1,1,0,0,0,9,0,0,0,0,0,0
210554,1,1,0,0,0,0,0,0,0,0,0,0
210556,1,1,15,13,6,28,5,21,2,21,14,4
210556,2,1,0,0,0,0,0,0,0,0,0,0
210557,0,1,0,0,0,0,0,0,0,0,0,0
210557,1,1,0,0,0,0,13,0,0,0,0,0
210557,2,1,0,0,0,0,0,0,0,0,0,0
210557,3,1,0,0,0,0,0,14,0,0,0,0
210558,1,1,9,10,0,16,0,0,0,29,0,17
210558,2,1,0,0,0,0,0,0,0,0,0,0