ST_CASE,VEH_NO,PER_NO,P1,P2,P3,P4,P5,P6,P7,P8,P9,P10
210559,1,1,0,0,0,0,0,0,0,0,0,0
210560,1,1,0,0,0,0,0,0,0,0,0,0
210560,2,1,0,0,0,0,0,0,0,0,0,0
210560,3,1,0,0,0,0,0,0,0,0,0,0
210561,1,1,0,0,0,0,0,0,0,0,0,0
210561,2,1,0,0,0,0,0,0,0,0,0,0
210562,1,1,0,0,0,0,0,0,0,0,0,0
210563,1,1,0,0,0,0,0,0,0,0,0,0
210564,0,1,0,0,0,0,0,0,0,0,0,0
210564,1,1,0,0,0,0,0,0,0,0,0,0
210564,2,1,9,0,0,0,0,0,0,0,0,0
210565,1,1,0,0,0,0,0,0,0,0,0,0
210565,2,1,0,0,0,0,0,0,0,0,0,0
210566,0,1,0,0,0,0,0,0,0,0,0,0
210566,2,1,0,0,0,0,0,0,0,15,0,0
210566,3,1,0,0,0,0,0,0,0,0,0,0
210567,1,1,0,0,0,0,0,0,0,0,0,0
210567,2,1,0,0,0,0,0,0,0,0,0,0
210567,3,1,0,0,0,0,0,0,0,0,0,0
210568,1,1,30,30,30,30,30,30,30,30,30,30
210569,1,1,0,0,0,0,0,0,0,0,0,0
210569,2,1,0,0,0,0,0,0,0,0,0,0
210570,1,1,0,0,0,0,0,0,0,0,0,0
210571,1,1,15,15,15,15,15,15,15,15,15,15
210572,1,1,9,15,8,10,7,6,0,9,10,11
210572,2,1,0,0,0,0,0,0,0,0,0,0
210572,3,1,0,0,0,0,0,0,0,0,0,0
210573,1,1,0,0,0,0,0,0,0,0,0,0
210573,2,1,0,0,0,0,0,0,0,0,0,0
210574,1,1,0,0,0,0,0,0,0,0,0,0
210574,2,1,0,0,0,0,0,0,0,0,0,0
210574,3,1,0,12,0,0,0,0,0,0,0,0
210574,4,1,0,0,0,0,0,0,0,0,0,0
210575,1,1,20,20,20,20,20,20,20,20,20,20
210576,1,1,0,0,0,0,0,0,0,0,0,0
210576,2,1,4,0,0,0,0,0,0,0,0,0
210577,1,1,0,0,0,0,0,0,0,0,0,0
210577,2,1,0,0,0,0,0,0,0,0,0,0
210578,1,1,0,0,0,0,0,0,0,0,0,0
210578,2,1,0,0,0,0,0,0,0,21,0,0
210579,1,1,0,0,0,0,0,0,0,0,0,0
210579,2,1,0,0,0,0,0,0,0,0,0,0
210579,3,1,0,0,0,0,0,0,0,0,0,0
210580,1,1,0,0,0,0,0,0,0,0,0,0
210580,2,1,0,0,0,0,0,0,0,0,0,0
210581,1,1,0,0,0,0,0,0,0,0,0,0
210581,2,1,0,0,0,0,0,0,0,0,0,0
210582,1,1,0,0,0,0,0,20,0,0,0,0
210582,2,1,0,0,0,0,0,0,0,0,0,0
210583,1,1,19,19,19,19,19,19,19,19,19,19
210584,1,1,0,0,0,0,0,0,0,0,0,0
210585,1,1,18,18,18,18,18,18,18,18,18,18
210586,1,1,0,0,13,0,0,0,0,0,0,0
210586,2,1,0,0,0,0,0,0,0,0,9,0
210587,1,1,0,30,0,14,20,0,0,0,0,15
210588,1,1,25,0,0,0,0,0,17,0,0,0
210589,1,1,0,0,0,0,0,0,0,0,0,0
210589,2,1,0,0,0,0,20,0,0,0,0,0
210590,1,1,0,0,0,0,0,0,0,0,0,0
210591,1,1,0,0,0,0,0,0,0,0,0,0
210592,1,1,0,0,0,0,0,0,0,0,0,0
210592,2,1,0,0,0,0,0,0,0,0,0,0
210593,0,1,0,0,0,0,0,0,0,0,0,0
210593,1,1,0,0,0,0,0,0,0,0,0,0
210594,1,1,0,0,0,0,24,0,7,0,0,25
210595,1,1,0,0,0,0,0,0,0,0,0,0
210595,2,1,0,0,0,0,0,0,0,0,0,0
210596,1,1,0,0,0,0,0,0,0,0,0,0
210596,2,1,0,0,0,0,0,0,0,0,0,0
210597,1,1,11,11,11,11,11,11,11,11,11,11
210598,1,1,0,0,0,0,0,0,0,0,0,0
210598,2,1,0,0,0,0,0,0,0,0,0,0
210599,1,1,0,0,0,0,0,0,0,0,0,0
210600,1,1,25,25,25,25,25,25,25,25,25,25
210601,0,1,0,0,0,0,0,0,0,0,0,0
210601,1,1,0,0,0,0,0,0,0,0,0,0
210602,1,1,0,0,0,0,0,6,0,0,0,0
210603,0,1,20,20,20,20,20,20,20,20,20,20
210603,1,1,0,0,0,0,0,0,0,0,0,0
210604,1,1,8,8,8,8,8,8,8,8,8,8
210604,2,1,0,0,0,0,0,0,0,0,0,0
210605,0,1,32,32,32,32,32,32,32,32,32,32
210605,1,1,0,0,0,0,0,0,0,0,0,0
210606,1,1,0,0,0,0,0,0,0,0,0,0
210606,2,1,0,0,0,0,0,0,0,0,0,0
210607,0,1,0,0,0,0,0,0,0,0,0,0
210607,1,1,28,0,0,18,10,0,0,30,21,0
210608,0,1,0,0,0,0,0,0,0,0,0,0
210608,1,1,17,16,8,0,8,3,0,9,11,11
210608,2,1,0,0,14,0,0,0,0,0,0,0
210609,1,1,0,0,0,0,0,0,0,0,0,0
210610,0,1,0,0,0,0,0,0,0,0,0,0
210610,1,1,13,0,0,0,0,0,0,0,22,0
210610,2,1,0,0,0,0,11,0,0,0,0,0
210611,0,1,0,0,0,0,0,0,0,0,0,0
210611,1,1,0,0,0,0,0,0,0,0,11,0
210612,1,1,0,0,0,0,0,0,0,0,0,0
210612,2,1,0,0,0,0,0,0,0,0,0,0
210613,1,1,0,0,0,0,0,0,0,0,0,0
210614,1,1,0,0,0,0,0,0,0,0,0,0
210614,2,1,2,2,2,2,2,2,2,2,2,2
210614,3,1,0,0,0,0,0,0,0,0,0,0
210615,0,1,0,0,0,0,0,0,0,0,0,0
210615,1,1,0,8,26,0,0,0,0,23,0,0
210616,1,1,8,0,0,0,0,0,0,0,0,0
210616,2,1,0,0,0,0,0,0,0,0,0,0
210617,0,1,0,0,0,0,0,0,0,0,0,0
210617,1,1,0,0,0,0,0,0,0,0,0,0
210618,0,1,25,25,25,25,25,25,25,25,25,25
210618,1,1,0,0,0,0,0,0,0,0,0,0
210619,1,1,16,16,16,16,16,16,16,16,16,16
210620,1,1,5,17,9,29,15,20,22,23,16,27
210621,1,1,26,26,26,26,26,26,26,26,26,26
210622,0,1,15,15,15,15,15,15,15,15,15,15
210622,0,2,0,0,0,39,0,0,0,0,0,0
210622,1,1,0,0,0,0,0,0,0,0,0,0
210623,0,1,24,24,24,24,24,24,24,24,24,24
210623,1,1,12,21,12,11,11,13,12,14,12,16
210624,1,1,0,0,0,0,0,0,0,0,0,0
210624,2,1,0,0,0,0,0,0,0,0,0,0
210625,1,1,0,0,0,0,0,0,0,0,0,0
210625,2,1,0,0,0,0,0,0,0,0,0,0
210626,0,1,0,0,0,0,0,0,0,0,0,0
210626,1,1,0,0,0,0,0,0,0,0,0,0
210626,2,1,0,0,0,0,0,0,0,0,0,0
210628,1,1,0,0,0,0,0,0,0,0,0,0
210628,2,1,0,0,0,0,0,0,0,0,0,0
210628,3,1,0,0,0,0,0,0,0,0,0,0
210629,1,1,15,15,15,15,15,15,15,15,15,15
210630,1,1,0,0,0,0,0,0,0,0,0,0
210631,1,1,0,0,0,0,0,0,0,0,0,0
210631,2,1,0,0,0,0,0,0,0,0,0,0
210632,0,1,0,0,0,0,0,0,0,0,0,0
210632,1,1,0,0,0,0,0,0,0,0,16,0
210633,1,1,0,0,0,0,0,0,10,0,0,16
210634,1,1,0,0,0,0,0,0,0,0,0,0
210635,0,1,0,0,0,0,0,0,0,0,0,0
210635,1,1,0,21,0,9,22,0,0,8,5,0
210636,1,1,0,0,0,0,0,0,0,0,0,0
210637,1,1,0,7,0,0,0,0,30,17,0,0
210638,1,1,7,0,0,26,0,0,0,0,0,0
210639,1,1,3,3,3,3,3,3,3,3,3,3
210640,1,1,0,0,0,0,0,0,0,0,0,0
210641,1,1,0,0,0,0,0,0,0,0,0,0
210642,1,1,0,0,0,0,0,0,0,0,0,0
210643,1,1,0,0,0,0,0,0,0,0,0,0
210644,1,1,0,0,0,0,0,0,0,0,0,0
210645,1,1,0,0,0,0,0,0,0,0,0,0
210645,2,1,0,0,0,0,0,0,0,0,0,0
210646,1,1,0,0,0,0,0,0,0,0,0,0
210647,1,1,0,24,0,22,0,28,0,0,0,0
210648,1,1,0,0,22,0,0,0,0,0,0,0
210649,1,1,9,24,22,21,23,18,31,21,10,27
210650,1,1,12,0,0,0,0,0,0,0,26,0
210651,1,1,0,0,0,0,0,0,0,0,0,0
210652,1,1,36,0,18,23,32,4,17,15,5,17
210653,1,1,0,8,0,0,0,5,0,0,0,0
210654,1,1,0,0,0,0,0,0,0,0,0,0
210654,2,1,0,0,0,0,0,0,0,0,0,0
210655,1,1,12,12,12,12,12,12,12,12,12,12
210655,2,1,0,0,0,0,0,0,0,0,0,0
210656,1,1,0,0,0,0,0,0,0,0,0,0
210657,1,1,14,14,14,14,14,14,14,14,14,14
210657,2,1,0,0,0,0,0,0,0,0,0,0
210658,1,1,0,0,0,0,0,0,0,0,0,0
210659,1,1,0,0,0,0,0,0,0,0,0,0
210660,1,1,0,0,0,0,0,0,0,0,0,0
210660,2,1,0,0,0,0,0,0,0,0,0,0
210661,1,1,0,0,0,0,0,0,0,0,0,0
210662,1,1,31,31,31,31,31,31,31,31,31,31
210663,1,1,0,0,0,0,0,0,0,0,0,0
210664,1,1,0,0,0,0,0,0,0,0,0,0
210664,3,1,0,0,0,0,0,0,0,0,21,14
210665,1,1,0,0,0,0,0,0,0,0,0,0
210666,1,1,0,0,0,0,0,0,0,0,0,0
210666,2,1,8,0,0,0,0,0,0,0,12,0
210667,1,1,0,0,0,0,0,0,0,0,0,0
210667,2,1,0,0,0,0,0,0,0,0,0,0
210667,3,1,0,0,0,0,0,0,0,0,0,0
210668,1,1,0,0,0,0,0,0,0,0,0,0
210669,1,1,0,0,0,0,0,0,0,0,0,0
210670,1,1,0,0,0,0,0,0,0,0,0,0
210671,0,1,0,0,0,0,0,0,0,0,0,0
210671,1,1,0,0,0,0,0,0,0,0,0,0
210672,1,1,0,0,0,0,0,0,0,0,0,0
210672,2,1,0,0,0,0,0,0,0,0,0,0
210673,1,1,0,0,0,0,0,0,0,0,0,0
210674,1,1,0,0,0,0,0,0,0,0,0,0
210674,2,1,0,0,0,0,0,0,0,0,0,0
210675,1,1,7,7,7,7,7,7,7,7,7,7
210676,1,1,0,0,0,23,0,0,0,0,0,0
210676,2,1,16,16,16,16,16,16,16,16,16,16
210677,1,1,0,0,0,0,0,0,0,0,0,0
210678,0,1,0,0,0,0,0,0,0,0,0,0
210678,1,1,0,0,0,0,0,0,0,0,0,0
210679,1,1,0,0,0,0,0,0,0,23,0,24
210680,0,1,0,0,0,0,0,0,0,0,0,0
210680,1,1,42,0,18,13,0,0,0,0,0,0
210681,1,1,12,12,12,12,12,12,12,12,12,12
210682,1,1,25,25,25,25,25,25,25,25,25,25
210683,1,1,30,30,30,30,30,30,30,30,30,30
210684,1,1,25,25,25,25,25,25,25,25,25,25
210685,1,1,0,0,0,0,0,0,0,0,0,0
210685,2,1,0,0,0,0,0,0,0,0,0,0
210686,0,1,18,25,0,0,9,19,0,36,19,0
210686,1,1,0,0,0,0,0,0,0,0,0,0
210687,1,1,9,0,0,0,22,17,0,0,0,16
210688,1,1,0,0,0,0,0,0,0,0,0,0
210689,0,1,18,18,18,18,18,18,18,18,18,18
210689,1,1,11,0,0,0,0,0,11,0,0,0
210690,1,1,0,0,0,0,0,0,0,0,0,0
210691,1,1,5,5,5,5,5,5,5,5,5,5
210691,2,1,0,0,0,0,0,0,0,0,0,0
210692,1,1,29,15,10,34,6,16,12,15,0,24
210693,1,1,0,0,0,22,0,0,0,0,0,12
210694,0,1,0,0,0,0,0,0,0,0,0,0
210694,1,1,0,0,0,0,0,0,0,0,0,0
210695,1,1,0,0,17,0,0,0,0,0,0,0
210696,0,1,0,0,0,0,0,0,0,0,0,0
210696,0,2,5,0,0,4,24,0,0,0,26,0
210696,1,1,0,0,0,0,0,0,0,0,0,0
210697,1,1,21,21,21,21,21,21,21,21,21,21
210698,0,1,0,0,0,0,0,0,0,0,0,0
210698,1,1,32,0,0,0,0,0,0,0,0,0
210698,2,1,0,0,0,0,0,0,0,8,0,0
210699,1,1,22,22,22,22,22,22,22,22,22,22
210700,1,1,0,0,12,0,20,0,0,0,0,0
210700,2,1,0,0,0,0,11,0,0,0,0,0
210701,1,1,0,0,9,16,0,0,0,0,0,0
210702,1,1,22,22,22,22,22,22,22,22,22,22
210702,2,1,0,0,0,10,0,0,0,0,0,0
210703,0,1,0,0,0,0,0,0,0,0,0,0
210703,1,1,0,16,0,14,11,0,42,0,17,24
210704,0,1,31,31,31,31,31,31,31,31,31,31
210704,1,1,0,10,0,25,23,25,0,12,17,0
210705,1,1,0,0,0,0,0,0,0,0,0,0
210706,1,1,35,22,18,12,26,15,0,0,24,16
210706,2,1,0,0,0,0,0,0,0,0,0,0
210707,1,1,0,0,0,0,13,0,0,0,16,0
210708,1,1,0,0,0,0,0,0,0,0,0,0
210708,2,1,0,0,0,0,0,0,0,0,0,0
210708,3,1,0,0,0,0,0,0,0,0,0,0
210709,1,1,0,0,0,0,0,0,0,0,0,0
210710,0,1,0,0,0,0,0,0,0,0,0,0
210710,1,1,0,0,0,0,0,0,0,0,0,0
210711,1,1,0,28,0,0,0,0,0,0,0,0
210712,1,1,0,0,0,0,0,0,0,0,0,0
210713,1,1,9,22,0,28,22,0,0,20,28,17
210713,2,1,0,0,28,0,0,0,0,0,0,0
210714,1,1,10,18,12,17,18,5,17,10,18,3
210715,1,1,0,0,0,0,0,0,0,0,0,0
210716,1,1,0,0,0,0,0,0,0,0,0,0
210716,2,1,0,0,0,0,0,0,0,0,0,0
210717,1,1,0,0,0,0,0,0,0,0,0,0
210717,2,1,0,0,0,0,0,0,0,0,0,0
210718,1,1,0,0,0,0,0,0,0,0,0,0
210719,0,1,0,0,0,0,0,0,0,0,0,0
210719,1,1,0,0,0,0,0,0,0,0,0,0
210720,1,1,0,0,0,0,0,0,0,0,0,0
210721,1,1,20,23,0,14,9,29,20,18,18,24
210723,1,1,0,0,0,0,0,19,0,0,0,15
210724,1,1,22,13,25,21,13,17,29,13,16,6
220001,1,1,26,26,26,26,26,26,26,26,26,26
220001,2,1,0,0,0,0,0,0,0,0,0,0
220002,1,1,16,16,16,16,16,16,16,16,16,16
220003,1,1,9,21,14,0,17,0,11,31,3,22
220004,0,1,11,11,11,11,11,11,11,11,11,11
220004,1,1,0,0,0,0,0,0,0,0,0,0
220005,1,1,0,0,0,0,0,0,0,0,0,0
220006,0,1,0,0,0,0,0,0,0,0,0,0
220006,1,1,18,0,5,36,0,5,53,0,0,0
220007,1,1,21,21,21,21,21,21,21,21,21,21
220008,1,1,0,0,0,0,0,0,0,0,0,0
220009,1,1,3,3,3,3,3,3,3,3,3,3
220010,1,1,21,21,21,21,21,21,21,21,21,21
220011,1,1,0,0,0,0,0,0,0,0,0,0
220012,1,1,11,11,11,11,11,11,11,11,11,11
220013,0,1,23,23,23,23,23,23,23,23,23,23
220013,1,1,0,0,0,0,0,0,0,0,0,0
220014,0,1,0,16,8,13,0,25,56,9,0,0
220014,1,1,0,0,0,0,0,0,0,0,0,0
220015,0,1,0,0,24,0,0,24,0,0,31,0
220015,1,1,0,0,0,0,0,0,0,0,0,0
220016,1,1,0,0,0,0,0,0,0,0,0,0
220017,0,1,0,0,0,0,0,0,0,0,0,0
220017,1,1,0,0,0,0,0,0,0,0,0,0
220018,0,1,0,0,0,0,17,0,0,0,0,0
220018,1,1,0,19,15,0,0,0,0,0,0,0
220019,1,1,14,14,14,14,14,14,14,14,14,14
220020,1,1,23,23,23,23,23,23,23,23,23,23
220021,0,1,0,0,0,26,0,23,0,0,0,0
220021,1,1,6,6,6,6,6,6,6,6,6,6
220023,1,1,0,0,0,0,0,0,0,0,0,0
220024,0,1,0,0,0,0,0,0,0,0,0,0
220024,1,1,1,1,1,1,1,1,1,1,1,1
220025,1,1,0,0,0,11,0,0,0,18,0,13
220026,1,1,0,0,0,0,0,0,0,0,0,0
220027,0,1,17,17,17,17,17,17,17,17,17,17
220027,1,1,0,0,0,0,0,0,0,0,0,0
220028,0,1,15,15,15,15,15,15,15,15,15,15
220028,1,1,0,0,0,0,0,0,0,0,0,0
220029,0,1,31,31,31,31,31,31,31,31,31,31
220029,1,1,0,0,0,34,0,0,0,0,0,0
220030,1,1,0,0,0,0,0,0,0,0,0,0
220031,1,1,0,0,0,0,0,0,0,0,0,0
220032,1,1,1,1,1,1,1,1,1,1,1,1
220033,0,1,0,0,0,0,0,0,0,0,0,0
220033,1,1,10,0,0,0,0,3,8,0,0,0
220034,1,1,0,0,0,0,0,0,0,0,0,0
220035,0,1,0,0,0,0,0,0,0,0,0,0
220035,1,1,0,24,0,0,0,0,0,0,0,0
220036,1,1,12,25,16,16,11,23,15,20,37,10
220037,1,1,12,12,12,12,12,12,12,12,12,12
220038,1,1,0,0,0,0,0,0,0,0,0,0
220038,2,1,0,0,0,0,0,0,0,0,0,0
220039,1,1,0,0,0,0,0,0,0,0,0,0
220040,0,1,0,0,0,0,0,0,0,0,0,0
220040,1,1,0,0,0,0,0,0,0,0,0,0
220041,1,1,18,24,16,12,11,28,33,21,13,16
220042,1,1,0,0,0,0,0,0,0,0,0,0
220043,0,1,0,0,0,0,0,0,0,0,0,0
220043,1,1,0,0,0,0,0,13,0,0,0,0
220044,1,1,13,13,13,13,13,13,13,13,13,13
220045,0,1,5,5,5,5,5,5,5,5,5,5
220045,1,1,0,0,0,0,0,0,0,0,0,0
220046,1,1,0,0,0,0,0,0,0,0,0,0
220047,1,1,0,0,0,0,0,0,0,0,0,0
220048,1,1,19,19,19,19,19,19,19,19,19,19
220049,1,1,0,0,0,0,0,0,0,0,0,0
220050,1,1,0,0,0,0,0,0,0,0,0,0
220050,2,1,35,18,0,0,0,0,0,0,0,0
220050,3,1,0,0,0,0,0,0,0,0,0,0
220052,1,1,0,0,0,0,0,0,0,0,0,0
220052,2,1,0,0,0,0,0,0,0,0,0,0
220053,1,1,21,21,21,21,21,21,21,21,21,21
220053,2,1,0,0,15,0,0,0,0,0,0,0
220054,1,1,0,0,0,0,0,0,0,0,0,0
220054,2,1,0,0,0,0,0,0,0,0,0,0
220055,1,1,0,0,0,0,0,0,0,0,0,0
220055,2,1,0,0,0,0,0,0,0,0,0,0
220056,1,1,0,0,0,0,15,0,0,0,0,0
220057,1,1,19,0,12,24,27,26,12,14,14,11
220057,2,1,0,0,0,0,0,0,0,0,0,0
220057,3,1,0,0,0,0,0,0,0,0,0,0
220058,1,1,0,0,0,0,0,0,0,0,0,0
220058,2,1,0,0,0,0,0,0,17,0,23,0
220059,1,1,0,0,0,0,0,0,0,0,0,0
220060,1,1,16,16,16,16,16,16,16,16,16,16
220060,2,1,0,0,0,0,0,0,0,0,0,0
220060,3,1,0,0,0,0,0,0,0,0,0,0
220061,1,1,0,0,0,0,0,0,0,0,0,0
220061,2,1,0,0,0,0,0,0,0,0,0,0
220062,1,1,0,0,0,0,0,0,0,0,0,0
220062,2,1,0,0,0,0,0,0,0,0,0,0
220063,1,1,0,0,0,0,0,0,0,0,0,0
220063,2,1,0,0,0,0,0,0,0,0,0,0
220064,1,1,18,18,18,18,18,18,18,18,18,18
220065,0,1,9,9,9,9,9,9,9,9,9,9
220065,1,1,0,0,0,0,0,0,0,0,0,0
220066,1,1,0,0,0,0,0,0,0,0,0,0
220066,2,1,17,0,0,0,0,0,0,0,0,0
220067,1,1,0,0,0,0,0,0,0,0,0,0
220067,2,1,0,0,0,0,0,0,0,0,0,0
220068,0,1,0,0,0,0,0,0,0,0,0,0
220068,1,1,17,17,17,17,17,17,17,17,17,17
220068,2,1,4,4,4,4,4,4,4,4,4,4
220069,1,1,0,20,17,0,0,0,0,0,0,0
220069,2,1,0,0,0,0,0,0,0,0,0,0
220070,1,1,0,0,0,0,0,0,0,0,0,0
220070,2,1,0,0,0,0,0,0,0,0,0,0
220071,1,1,0,0,0,0,0,0,0,0,0,0
220071,2,1,0,0,0,0,0,0,0,0,0,0
220072,1,1,0,0,0,0,0,0,0,0,0,0
220072,2,1,0,0,0,0,0,0,0,0,0,0
220073,1,1,0,0,0,0,0,0,0,0,0,0
220073,2,1,0,0,0,0,0,0,0,0,0,0
220074,1,1,0,0,0,0,0,0,0,0,0,0
220074,2,1,0,0,0,0,0,0,0,0,0,0
220075,1,1,0,0,0,0,0,0,0,0,0,0
220075,2,1,0,0,0,0,0,0,0,0,0,0
220076,1,1,14,14,14,14,14,14,14,14,14,14
220076,2,1,13,0,11,30,0,8,7,5,7,0
220077,1,1,0,0,0,0,0,0,0,0,0,0
220077,2,1,0,0,0,29,7,0,0,0,0,0
220078,1,1,0,0,0,21,0,0,0,0,0,0
220078,2,1,0,0,0,0,0,0,0,0,0,0
220079,0,1,38,38,38,38,38,38,38,38,38,38
220079,1,1,0,0,0,0,0,0,0,0,0,0
220080,1,1,0,0,0,0,0,0,0,0,0,0
220081,1,1,0,0,0,0,0,0,0,0,0,0
220082,1,1,0,0,0,0,0,0,0,0,0,0
220083,1,1,0,0,0,0,0,0,0,0,0,0
220083,2,1,0,0,0,0,0,0,0,0,0,0
220084,1,1,6,20,9,25,19,6,29,28,16,0
220085,1,1,14,30,17,22,9,21,22,24,8,51
220086,0,1,37,37,37,37,37,37,37,37,37,37
220086,1,1,23,23,23,23,23,23,23,23,23,23
220086,2,1,18,15,15,10,0,0,5,10,0,12
220086,3,1,0,0,0,0,15,0,0,0,7,0
220087,1,1,0,0,0,0,0,0,0,0,0,0
220087,2,1,0,0,0,0,0,0,0,0,0,0
220088,1,1,0,0,0,0,0,0,0,0,0,0
220088,2,1,0,0,0,0,0,0,0,0,0,0
220089,1,1,0,0,0,0,0,0,0,0,0,0
220090,0,1,0,0,0,0,0,0,0,0,0,0
220090,1,1,0,0,0,0,0,0,0,0,0,0
220091,1,1,22,22,22,22,22,22,22,22,22,22
220091,2,1,18,18,18,18,18,18,18,18,18,18
220092,1,1,0,0,0,0,0,0,0,0,0,0
220093,1,1,0,0,0,0,0,0,0,0,0,0
220093,2,1,0,0,0,0,0,0,0,0,0,0
220094,1,1,19,19,19,19,19,19,19,19,19,19
220094,2,1,19,19,19,19,19,19,19,19,19,19
220095,1,1,0,0,0,0,0,0,0,0,0,0
220096,1,1,0,6,0,4,0,0,0,0,11,0
220096,2,1,0,0,0,0,0,0,0,0,0,0
220097,1,1,0,0,0,0,0,0,0,0,0,0
220097,2,1,1,1,1,1,1,1,1,1,1,1
220098,1,1,0,0,0,0,0,0,0,0,0,0
220099,1,1,0,0,0,0,0,0,0,0,0,0
220099,2,1,0,0,0,0,0,0,0,0,0,0
220100,0,1,0,0,10,0,0,0,0,16,0,0
220100,0,2,0,0,0,0,0,0,0,0,0,0
220100,1,1,0,0,0,0,0,0,0,0,0,0
220101,1,1,37,29,0,0,0,12,15,12,0,9
220102,1,1,17,27,20,38,0,20,20,9,0,0
220103,1,1,0,0,0,0,0,0,0,0,0,0
220103,2,1,53,0,0,0,0,0,0,0,0,0
220104,1,1,32,32,32,32,32,32,32,32,32,32
220105,1,1,0,0,0,0,0,0,0,0,0,0
220106,1,1,0,0,0,0,0,0,0,0,0,0
220107,0,1,0,0,0,0,0,0,0,0,0,0
220107,1,1,16,0,12,0,0,0,0,0,0,0
220108,0,1,0,0,0,0,0,0,0,0,0,0
220108,1,1,20,0,0,0,0,15,0,0,0,13
220109,0,1,0,0,0,5,0,0,0,0,19,0
220109,1,1,0,0,0,0,0,0,4,25,0,0
220110,1,1,6,23,0,15,31,0,24,29,19,26
220111,1,1,0,0,0,0,0,0,4,9,0,14
220112,1,1,0,0,0,0,0,0,0,0,0,0
220113,1,1,0,0,0,0,0,0,0,0,0,0
220114,1,1,17,17,17,17,17,17,17,17,17,17
220115,1,1,0,0,0,0,0,0,0,0,0,0
220116,1,1,0,0,0,18,0,0,15,0,0,0
220117,1,1,0,0,0,0,8,0,0,0,0,0
220118,0,1,0,0,0,0,0,0,0,0,0,0
220118,1,1,0,0,0,0,0,0,0,0,0,0
220119,1,1,0,0,0,0,0,0,0,0,0,0
220119,2,1,0,0,0,0,0,0,0,0,0,0
220120,0,1,0,0,0,0,0,0,0,0,0,0
220120,1,1,0,0,0,0,0,0,0,0,0,0
220121,1,1,0,0,0,0,20,0,0,0,0,13
220122,1,1,26,26,26,26,26,26,26,26,26,26
220123,1,1,0,0,0,0,0,0,0,0,0,0
220124,1,1,0,0,0,0,0,0,0,0,0,0
220125,1,1,0,0,0,0,0,0,0,0,0,0
220125,2,1,0,0,0,0,0,0,0,0,0,0
220125,3,1,0,0,0,0,0,0,0,4,0,0
220125,4,1,0,0,0,0,0,0,0,0,0,15
220126,1,1,0,0,0,0,0,0,0,0,0,0
220126,2,1,0,0,0,0,0,0,0,0,0,0
220127,1,1,0,0,0,0,0,0,0,0,0,0
220128,1,1,64,64,64,64,64,64,64,64,64,64
220129,0,1,0,0,0,0,0,0,0,0,0,0
220129,1,1,5,5,5,5,5,5,5,5,5,5
220130,1,1,0,0,0,0,0,0,0,0,0,0
220131,0,1,21,21,21,21,21,21,21,21,21,21
220131,1,1,0,0,0,0,0,0,0,0,0,0
220132,1,1,0,0,11,20,0,0,0,18,21,0
220133,1,1,0,0,0,0,0,0,0,0,0,0
220134,0,1,0,32,0,0,0,0,0,0,0,4
220134,1,1,0,0,0,0,0,0,0,0,25,0
220135,1,1,0,0,0,0,0,0,0,0,0,0
220136,0,1,17,17,17,17,17,17,17,17,17,17
220136,1,1,17,17,17,17,17,17,17,17,17,17
220137,0,1,18,18,18,18,18,18,18,18,18,18
220137,1,1,0,0,0,0,0,0,0,0,0,0
220138,0,1,0,0,0,0,0,0,0,0,0,0
220138,1,1,5,5,5,5,5,5,5,5,5,5
220139,1,1,3,3,3,3,3,3,3,3,3,3
220140,1,1,0,12,0,0,0,0,32,0,0,0
220141,1,1,15,21,8,13,0,0,20,0,5,0
220142,1,1,0,0,0,0,0,0,0,29,0,0
220143,1,1,0,0,0,0,0,0,0,0,0,0
220143,2,1,0,0,0,0,0,0,0,0,0,0
220144,1,1,0,0,0,0,0,0,0,0,0,0
220145,1,1,0,0,16,0,0,10,0,0,0,0
220145,2,1,0,0,0,0,0,0,0,0,0,0
220146,1,1,39,39,39,39,39,39,39,39,39,39
220146,2,1,0,0,0,0,0,0,11,0,0,0
220147,1,1,16,16,16,16,16,16,16,16,16,16
220148,1,1,15,15,15,15,15,15,15,15,15,15
220149,0,1,0,0,0,0,0,0,0,0,0,0
220149,1,1,0,0,0,0,0,0,0,0,0,0
220150,1,1,0,0,0,0,0,0,0,0,0,0
220150,3,1,0,0,0,0,0,0,0,0,0,0
220151,1,1,0,0,0,0,0,0,0,0,0,0
220151,2,1,0,0,0,0,0,0,0,0,0,0
220152,0,1,0,0,0,0,0,0,0,0,0,0
220152,1,1,0,0,0,0,0,0,0,0,0,0
220153,1,1,0,0,0,0,0,0,0,0,0,0
220154,0,1,0,0,0,0,0,0,0,0,0,0
220154,1,1,0,0,0,0,0,0,0,0,0,0
220155,1,1,0,0,0,0,0,0,0,0,0,0
220156,0,1,0,0,0,0,0,0,0,0,0,0
220156,1,1,0,0,0,0,0,0,0,0,0,0
220157,1,1,27,27,27,27,27,27,27,27,27,27
220157,2,1,0,0,0,0,0,0,0,0,0,0
220157,3,1,0,0,0,0,0,0,0,0,0,0