ST_CASE,VEH_NO,PER_NO,P1,P2,P3,P4,P5,P6,P7,P8,P9,P10
240425,1,1,8,8,8,8,8,8,8,8,8,8
240425,2,1,0,0,0,0,0,0,0,0,0,0
240425,3,1,0,0,0,0,0,0,0,0,0,18
240426,0,1,0,0,0,0,0,0,0,0,0,0
240426,1,1,0,0,0,0,0,0,0,0,0,0
240427,0,1,0,0,0,0,0,0,0,0,0,0
240427,1,1,0,0,0,15,0,0,0,0,0,0
240428,1,1,0,0,0,0,0,0,0,0,0,0
240428,2,1,0,0,0,0,0,0,0,0,0,0
240429,1,1,0,0,0,0,20,0,0,0,0,0
240430,1,1,0,0,0,0,0,0,0,0,0,0
240432,1,1,0,25,0,0,15,10,27,0,25,0
240432,2,1,0,0,0,0,0,0,0,0,0,0
240433,1,1,0,0,0,0,0,0,0,0,0,0
240433,2,1,0,0,0,0,0,0,0,0,0,0
240434,0,1,0,0,0,31,0,0,0,0,0,0
240434,0,2,0,0,0,0,10,0,0,0,0,3
240434,0,3,13,0,0,0,0,0,8,0,16,0
240434,0,4,0,0,0,0,0,0,0,21,0,0
240434,0,5,0,0,0,0,0,0,0,0,0,0
240434,0,6,0,0,11,0,0,0,0,0,0,0
240434,1,1,0,0,0,0,0,0,0,0,0,0
240434,3,1,0,0,0,0,0,0,0,0,0,0
240435,1,1,4,4,4,4,4,4,4,4,4,4
240436,1,1,0,0,0,0,0,0,0,0,0,0
240437,0,1,4,4,4,4,4,4,4,4,4,4
240437,1,1,0,0,0,0,0,0,0,0,0,0
240437,2,1,0,0,0,0,0,0,0,0,0,0
240438,0,1,7,7,7,7,7,7,7,7,7,7
240438,1,1,0,0,0,23,0,0,0,0,0,0
240440,1,1,0,0,0,12,0,0,0,0,0,6
240440,2,1,0,0,0,0,0,0,0,0,0,0
240441,1,1,28,28,28,28,28,28,28,28,28,28
240442,1,1,0,0,0,0,0,0,0,21,0,0
240442,2,1,0,0,0,0,0,0,0,0,0,0
240443,1,1,0,0,0,0,0,0,0,0,0,0
240443,2,1,0,0,0,0,0,9,0,0,0,0
240444,0,1,39,39,39,39,39,39,39,39,39,39
240444,1,1,0,25,0,0,9,0,0,0,18,0
240445,1,1,0,18,3,20,0,0,15,9,0,25
240446,1,1,0,0,0,0,0,0,0,0,0,0
240446,2,1,0,0,0,0,0,0,0,0,0,0
240447,1,1,0,0,0,0,0,0,24,13,3,16
240448,1,1,0,0,0,0,0,0,0,0,0,0
240449,0,1,30,30,30,30,30,30,30,30,30,30
240449,1,1,0,0,0,0,0,0,0,0,0,0
240450,0,1,0,0,0,0,0,0,0,0,0,0
240450,1,1,0,0,0,0,0,0,0,0,0,0
240451,0,1,0,0,0,0,0,0,0,0,0,0
240451,1,1,0,0,0,0,0,0,0,0,0,0
240451,2,1,0,3,0,0,0,0,0,0,0,0
240451,3,1,0,0,3,0,0,0,0,0,0,0
240452,1,1,0,0,0,0,0,0,0,0,7,0
240453,1,1,0,0,0,0,0,0,0,0,0,0
240454,1,1,20,20,20,20,20,20,20,20,20,20
240455,1,1,0,0,0,0,0,0,0,0,0,0
240456,1,1,23,23,23,23,23,23,23,23,23,23
240456,2,1,0,0,0,0,0,0,0,0,0,0
240457,1,1,18,18,18,18,18,18,18,18,18,18
240458,0,1,0,0,0,0,0,0,0,0,0,0
240458,1,1,0,0,0,0,0,0,15,0,0,0
240459,1,1,0,0,0,0,0,0,0,0,0,0
240460,0,1,27,27,27,27,27,27,27,27,27,27
240460,1,1,0,27,0,0,26,16,7,0,0,9
240460,2,1,3,0,0,14,0,0,16,0,6,0
240461,0,1,0,25,0,0,0,0,0,0,8,0
240461,1,1,0,0,0,0,0,0,6,0,0,0
240462,0,1,0,0,0,0,0,0,0,0,0,0
240462,1,1,0,0,0,0,0,0,0,0,0,0
240463,0,1,0,0,0,0,0,0,0,0,0,0
240463,1,1,0,0,0,0,0,0,0,0,0,0
240464,0,1,16,16,16,16,16,16,16,16,16,16
240464,1,1,0,0,0,0,15,0,0,0,10,0
240465,1,1,27,27,27,27,27,27,27,27,27,27
240465,2,1,0,12,0,0,0,0,0,0,0,0
240466,0,1,0,0,0,0,0,0,0,0,0,0
240466,1,1,0,0,0,0,0,0,0,0,0,0
240467,1,1,0,0,0,0,0,0,0,0,0,0
240467,2,1,0,0,0,0,0,0,0,0,0,0
240467,3,1,0,0,0,0,0,0,0,0,0,0
240467,4,1,0,0,0,0,0,0,0,0,0,0
240467,5,1,14,0,0,0,0,0,0,0,0,0
240468,1,1,0,0,0,0,0,0,0,0,0,0
240468,2,1,0,0,0,0,0,0,0,0,0,0
240469,1,1,0,0,0,0,0,0,0,0,0,0
240470,1,1,0,0,0,0,0,0,0,0,0,0
240470,2,1,16,0,0,0,0,0,0,0,0,0
240471,1,1,23,23,23,23,23,23,23,23,23,23
240471,2,1,0,0,0,0,0,0,0,0,0,0
240472,1,1,15,15,15,15,15,15,15,15,15,15
240473,1,1,25,25,25,25,25,25,25,25,25,25
240473,2,1,0,0,0,0,0,0,0,0,0,0
240474,1,1,12,10,15,8,0,14,25,0,20,18
240475,1,1,0,0,0,0,0,0,0,0,0,0
240475,2,1,0,0,0,0,0,0,0,0,0,0
240476,1,1,0,0,2,0,10,0,0,0,0,0
240476,2,1,0,0,0,0,0,0,0,0,0,0
240477,1,1,0,0,0,0,0,0,0,0,0,0
240477,2,1,0,0,0,0,0,0,0,0,0,0
240478,0,1,20,20,20,20,20,20,20,20,20,20
240478,1,1,0,0,0,0,0,0,0,0,0,0
240480,0,1,0,0,0,0,0,0,0,0,0,0
240480,1,1,0,0,0,0,0,0,0,0,0,0
240481,1,1,0,0,0,0,0,0,0,0,0,0
240482,1,1,17,17,17,17,17,17,17,17,17,17
240482,2,1,0,0,0,0,0,0,0,0,0,0
240482,3,1,0,15,0,0,0,0,0,0,0,0
240483,1,1,10,0,0,0,0,0,0,0,16,0
240484,1,1,0,0,0,0,0,0,0,0,6,0
240484,2,1,0,0,0,0,0,0,0,0,0,11
240485,0,1,0,0,13,0,0,0,0,0,0,0
240485,1,1,0,0,0,0,30,0,0,0,0,0
240486,1,1,20,20,20,20,20,20,20,20,20,20
240487,1,1,0,0,0,0,0,0,0,0,0,0
240487,2,1,0,0,0,0,0,0,0,0,0,0
240488,0,1,0,0,0,0,0,0,0,0,0,0
240488,1,1,0,0,0,0,0,0,5,0,0,0
240489,0,1,0,0,14,24,0,0,0,0,0,0
240489,1,1,0,0,0,0,0,0,0,0,0,12
240490,1,1,0,0,0,0,0,0,0,0,0,0
240490,2,1,0,0,0,0,0,0,0,0,0,0
240490,3,1,0,0,0,0,0,0,0,12,0,0
240491,1,1,0,0,0,0,0,0,0,0,0,0
240491,2,1,0,0,0,0,0,0,0,0,0,0
240491,3,1,0,0,0,0,0,11,0,0,0,0
240492,1,1,0,0,0,0,0,0,0,0,0,0
240492,2,1,0,0,0,0,0,0,0,0,0,0
240493,0,1,25,17,47,54,35,11,12,17,28,10
240493,1,1,0,0,0,0,0,0,23,0,11,0
240494,1,1,0,0,14,0,19,0,8,0,0,23
240495,0,1,23,23,23,23,23,23,23,23,23,23
240495,1,1,0,0,0,0,0,0,0,0,0,0
240496,1,1,0,0,0,0,0,0,0,0,0,0
240496,2,1,0,0,0,0,0,0,0,0,0,0
240496,3,1,0,0,0,0,36,0,0,0,0,0
240497,0,1,20,20,20,20,20,20,20,20,20,20
240497,1,1,0,0,0,0,0,0,0,0,0,0
240498,0,1,0,0,0,0,0,0,0,0,0,0
240498,1,1,0,0,0,0,0,0,0,0,0,0
240499,0,1,0,0,0,0,0,0,0,0,0,0
240499,1,1,0,0,0,0,0,0,0,11,0,0
240500,0,1,12,0,9,30,0,0,20,24,0,0
240500,1,1,16,0,0,0,0,0,0,0,0,0
240501,1,1,0,0,16,0,0,0,0,0,0,0
240502,1,1,0,0,0,0,0,0,0,0,0,0
240503,1,1,0,0,0,29,13,0,0,0,0,0
240503,2,1,27,27,27,27,27,27,27,27,27,27
240504,1,1,13,13,13,13,13,13,13,13,13,13
240505,1,1,29,11,6,17,14,8,6,15,11,8
240505,2,1,17,0,0,0,5,0,28,0,0,0
240506,1,1,26,24,25,13,0,0,0,0,12,18
240506,2,1,19,0,0,0,0,0,11,0,0,15
240507,1,1,10,0,0,0,0,0,0,24,28,7
240507,2,1,0,0,0,0,0,0,0,0,0,0
240507,3,1,0,0,0,28,0,0,0,0,0,0
240508,1,1,5,5,5,5,5,5,5,5,5,5
240508,2,1,0,0,0,0,0,0,0,0,0,0
240509,0,1,26,46,35,11,39,5,25,9,25,6
240509,1,1,0,0,0,0,0,0,0,0,0,0
240510,0,1,0,0,0,0,0,0,0,0,0,0
240510,1,1,0,0,0,0,0,0,0,0,0,0
240511,0,1,0,0,0,0,0,0,0,0,0,0
240511,1,1,0,0,0,25,0,0,9,0,0,0
240511,2,1,0,0,0,0,0,0,0,21,0,0
240511,3,1,41,0,0,0,0,0,0,14,0,0
240512,1,1,0,8,0,0,0,0,0,10,0,0
240513,1,1,12,12,12,12,12,12,12,12,12,12
240513,2,1,0,0,0,0,0,0,0,0,0,0
240514,1,1,0,0,0,0,0,16,0,0,0,0
240514,2,1,0,0,0,0,0,0,0,0,0,0
240515,1,1,8,0,22,0,25,19,15,0,29,0
240516,1,1,0,0,8,0,0,0,0,0,0,16
240516,2,1,0,0,0,0,15,0,0,0,0,0
240517,1,1,28,28,28,28,28,28,28,28,28,28
240517,2,1,0,0,0,5,9,0,0,0,0,0
240518,0,1,0,0,0,0,0,0,0,0,0,0
240518,1,1,0,0,0,0,0,0,0,0,0,0
240519,1,1,39,39,39,39,39,39,39,39,39,39
240520,1,1,0,0,0,0,0,0,0,0,0,0
240520,2,1,0,0,0,0,0,0,0,0,0,0
240520,3,1,0,0,0,0,0,0,0,0,24,0
240521,0,1,29,29,29,29,29,29,29,29,29,29
240521,1,1,0,0,0,0,15,0,0,0,28,0
240522,0,1,0,0,0,0,0,0,0,0,0,0
240522,1,1,9,9,9,9,9,9,9,9,9,9
240523,1,1,0,0,0,0,0,0,0,0,0,0
240524,1,1,0,0,0,0,0,0,0,0,0,0
240524,2,1,20,20,20,20,20,20,20,20,20,20
240525,1,1,0,0,0,0,0,0,0,0,0,0
240526,1,1,24,0,19,0,12,0,34,24,13,34
240526,2,1,13,0,0,20,0,0,0,7,0,0
240527,1,1,0,0,0,0,0,0,0,0,0,0
240527,2,1,0,0,0,0,0,0,0,0,0,0
240527,3,1,0,0,0,0,0,0,0,0,0,0
240527,4,1,0,0,0,0,0,0,0,0,0,0
240528,1,1,0,0,0,0,0,0,0,0,0,0
240529,0,1,0,0,0,0,0,0,0,0,0,0
240529,1,1,0,0,0,0,0,0,0,0,0,0
240530,1,1,19,19,19,19,19,19,19,19,19,19
240530,2,1,0,0,0,0,0,0,0,0,0,0
240531,1,1,0,0,0,26,0,0,0,0,0,0
240532,0,1,0,0,0,0,0,0,0,0,0,0
240532,1,1,23,0,0,0,0,0,0,0,9,0
240533,0,1,0,0,0,0,0,0,0,0,0,0
240533,1,1,0,0,22,18,3,18,0,0,0,0
240534,0,1,0,0,0,0,0,0,0,0,0,0
240534,1,1,0,27,14,23,0,8,18,0,8,23
240535,1,1,22,22,22,22,22,22,22,22,22,22
240536,1,1,11,11,11,11,11,11,11,11,11,11
240537,1,1,0,0,0,0,0,0,0,0,0,0
240538,1,1,0,0,0,0,0,26,0,0,0,0
240538,2,1,0,0,0,0,0,0,0,0,0,0
240539,1,1,1,1,1,1,1,1,1,1,1,1
240539,2,1,0,0,0,0,0,9,0,0,0,0
240540,1,1,27,27,27,27,27,27,27,27,27,27
240541,0,1,0,0,0,0,0,0,0,0,0,0
240541,1,1,0,0,0,0,0,0,0,0,0,0
240543,1,1,0,12,28,0,0,0,0,0,8,0
240544,0,1,0,0,0,0,0,0,0,0,0,0
240544,1,1,0,0,0,0,0,0,0,0,0,0
240545,1,1,0,0,0,0,0,0,0,0,0,0
240546,0,1,6,6,6,6,6,6,6,6,6,6
240546,1,1,0,14,0,0,0,0,0,0,0,0
240547,0,1,0,0,0,0,0,0,0,0,0,0
240547,1,1,0,0,11,19,16,0,0,8,15,40
240548,1,1,0,0,33,17,21,0,0,0,0,0
240548,2,1,0,0,0,0,0,0,0,0,0,0
240548,3,1,0,0,19,0,0,0,0,0,0,0
240549,0,1,5,5,5,5,5,5,5,5,5,5
240549,1,1,0,0,0,0,25,0,0,0,0,0
240550,0,1,0,0,0,0,0,0,0,0,0,0
240550,1,1,0,0,0,0,0,0,0,0,0,0
240551,1,1,0,0,0,0,0,0,0,0,0,0
240551,2,1,0,0,0,0,0,0,0,0,0,0
240552,1,1,0,0,0,0,0,0,0,0,0,0
240552,2,1,0,0,0,0,0,0,0,0,0,0
240553,0,1,2,0,0,20,0,0,0,58,0,4
240553,1,1,27,0,25,26,13,0,0,0,16,27
240554,0,1,0,0,0,0,0,0,0,0,0,0
240554,1,1,32,12,13,0,10,29,10,20,0,0
240555,1,1,49,49,49,49,49,49,49,49,49,49
240556,1,1,0,0,0,0,0,0,0,0,0,0
240556,2,1,0,0,0,0,0,0,0,0,0,0
240557,1,1,0,0,0,0,0,0,0,0,0,0
240557,2,1,0,0,0,0,0,0,0,0,0,0
240558,1,1,0,0,0,0,0,0,0,0,0,0
240558,2,1,0,0,0,0,0,0,0,0,0,0
250001,1,1,0,0,0,0,0,0,0,0,0,0
250001,2,1,0,14,0,14,19,0,8,8,19,19
250002,1,1,14,14,14,14,14,14,14,14,14,14
250003,1,1,0,0,0,0,0,0,0,0,0,0
250003,2,1,0,0,0,0,25,0,0,0,0,0
250004,1,1,0,0,0,0,0,0,0,0,0,0
250004,2,1,0,0,0,0,0,0,0,0,0,0
250005,1,1,10,10,10,10,10,10,10,10,10,10
250007,0,1,31,31,31,31,31,31,31,31,31,31
250007,1,1,0,10,0,0,0,0,0,7,0,0
250008,1,1,8,8,8,8,8,8,8,8,8,8
250009,1,1,18,15,4,22,8,13,17,6,11,4
250010,1,1,0,0,0,0,0,0,0,0,0,0
250011,1,1,0,0,0,0,0,0,0,0,0,0
250012,1,1,19,19,19,19,19,19,19,19,19,19
250012,2,1,0,0,0,0,0,0,0,0,0,0
250013,1,1,14,14,14,14,14,14,14,14,14,14
250014,1,1,0,0,0,0,0,0,0,0,0,0
250015,1,1,19,19,19,19,19,19,19,19,19,19
250016,1,1,0,0,0,0,0,0,0,0,0,0
250016,2,1,0,0,0,0,0,0,0,0,0,0
250017,1,1,0,0,0,0,0,0,0,0,0,0
250018,0,1,0,0,0,0,0,0,0,0,0,0
250018,1,1,0,0,0,0,0,0,0,0,0,0
250019,1,1,22,22,22,22,22,22,22,22,22,22
250020,1,1,17,17,17,17,17,17,17,17,17,17
250022,0,1,0,0,0,0,0,0,0,0,0,0
250022,1,1,0,0,0,0,0,0,0,0,0,0
250023,1,1,0,0,0,0,0,0,0,0,4,0
250024,1,1,22,0,22,36,17,0,11,8,0,6
250024,2,1,0,0,0,0,0,0,0,0,0,0
250025,1,1,0,0,0,0,0,0,0,0,0,0
250026,1,1,0,0,0,0,0,0,0,0,0,0
250026,2,1,0,0,0,0,0,0,0,0,0,0
250027,1,1,14,0,0,0,0,0,0,0,0,0
250027,2,1,0,0,0,0,0,0,0,0,0,0
250028,1,1,17,17,17,17,17,17,17,17,17,17
250029,1,1,0,0,0,28,0,0,0,0,0,0
250029,2,1,0,0,0,0,0,0,0,0,0,0
250030,1,1,0,0,24,0,14,0,24,0,11,0
250030,2,1,0,0,0,0,0,0,0,0,0,0
250031,1,1,0,0,0,0,0,0,0,0,0,0
250031,2,1,10,0,0,7,34,0,0,0,17,0
250032,1,1,0,0,0,0,0,0,0,0,0,0
250032,2,1,0,0,0,0,0,0,0,0,0,0
250033,1,1,0,0,0,0,0,0,0,0,0,0
250033,2,1,0,0,0,0,0,0,0,0,0,0
250034,1,1,0,14,0,0,9,0,0,0,0,0
250034,2,1,0,0,0,0,0,0,0,0,0,0
250035,0,1,0,0,0,0,0,0,0,30,0,0
250035,1,1,0,0,0,0,0,0,0,0,0,0
250036,1,1,0,0,0,0,0,0,0,0,0,0
250037,1,1,21,21,21,21,21,21,21,21,21,21
250039,1,1,0,0,0,0,0,0,0,0,0,0
250040,1,1,13,13,13,13,13,13,13,13,13,13
250041,1,1,0,0,0,0,0,0,0,0,0,0
250041,2,1,0,0,0,0,0,0,0,0,0,0
250042,1,1,0,0,0,0,0,0,0,0,0,0
250043,1,1,0,0,0,0,0,0,0,0,0,0
250043,2,1,0,0,0,0,0,0,0,0,0,0
250044,1,1,11,11,11,11,11,11,11,11,11,11
250045,1,1,0,0,0,0,0,0,0,0,0,0
250046,1,1,16,16,16,16,16,16,16,16,16,16
250047,1,1,0,0,0,0,0,0,0,0,17,24
250048,1,1,20,20,20,20,20,20,20,20,20,20
250049,0,1,0,0,0,0,0,0,0,0,0,0
250049,1,1,0,0,0,0,0,0,0,25,0,0
250050,0,1,10,10,10,10,10,10,10,10,10,10
250050,1,1,8,8,8,8,8,8,8,8,8,8
250051,1,1,0,0,0,0,0,0,0,0,0,0
250052,1,1,0,0,0,0,0,0,0,2,0,0
250052,2,1,0,0,0,0,0,0,0,0,0,0
250053,1,1,27,27,27,27,27,27,27,27,27,27
250054,1,1,15,15,15,15,15,15,15,15,15,15
250055,0,1,0,0,0,0,0,0,0,0,0,0
250055,0,2,0,0,0,0,0,0,15,0,0,30
250055,0,3,0,0,13,0,0,0,0,0,0,0
250055,1,1,0,0,0,0,0,0,0,0,0,0
250056,0,1,0,0,0,0,0,0,0,0,0,0
250056,1,1,0,0,0,0,0,0,0,0,0,0
250056,2,1,0,0,0,0,0,0,0,0,0,0
250057,1,1,0,0,0,0,0,0,0,0,0,0
250058,1,1,0,0,0,0,0,0,0,27,0,0
250058,2,1,0,0,0,0,0,0,0,0,0,0
250058,3,1,0,0,0,31,0,0,4,0,0,0
250059,1,1,0,0,0,0,0,0,0,0,0,0
250059,2,1,0,0,0,0,0,0,0,0,0,0
250059,3,1,0,9,0,0,0,0,0,0,0,0
250060,1,1,0,0,0,0,0,0,0,0,0,0
250060,2,1,0,10,0,0,0,0,0,13,0,0
250061,1,1,0,0,0,0,0,0,0,0,0,0
250061,2,1,0,0,0,0,0,0,0,0,0,0
250061,3,1,16,0,11,0,0,0,0,0,0,0
250061,4,1,0,0,0,0,0,2,0,23,0,0
250062,1,1,0,0,0,0,0,0,0,0,0,0
250062,2,1,0,0,0,0,0,0,0,0,10,0
250062,3,1,0,0,0,0,0,0,0,0,0,0
250063,1,1,0,0,0,0,0,0,0,0,0,0
250064,0,1,0,0,0,0,0,0,0,0,0,0
250064,1,1,0,0,0,0,0,0,0,0,0,0
250065,1,1,0,0,0,0,0,0,0,0,0,0
250065,2,1,0,0,0,0,0,0,0,0,0,0
250066,1,1,0,0,0,0,0,0,0,0,0,25
250066,2,1,0,23,0,0,0,14,0,0,23,0
250067,0,1,47,47,47,47,47,47,47,47,47,47
250067,1,1,0,0,0,0,0,0,0,0,0,0
250068,1,1,14,37,0,0,20,7,0,8,0,0
250069,1,1,27,27,27,27,27,27,27,27,27,27
250070,1,1,0,0,0,0,0,0,0,0,0,0
250071,1,1,17,17,17,17,17,17,17,17,17,17
250072,1,1,6,6,6,6,6,6,6,6,6,6
250073,1,1,0,0,0,0,0,0,0,0,0,0
250074,1,1,0,0,23,0,0,14,0,24,0,9
250075,1,1,0,0,0,0,0,0,0,0,0,0
250075,2,1,0,0,0,0,0,0,0,0,0,0
250076,1,1,0,0,0,0,0,0,0,0,0,0
250076,2,1,0,0,0,0,0,0,0,0,0,0
250077,1,1,20,0,0,0,0,0,0,12,0,0
250077,2,1,0,0,0,0,0,0,0,0,0,0
250078,0,1,0,0,0,0,0,0,0,0,0,0
250078,1,1,0,0,0,0,0,0,0,0,0,0
250079,1,1,0,25,33,0,23,19,0,13,14,0
250080,1,1,0,13,0,0,0,18,0,0,0,0
250081,1,1,0,0,0,0,0,0,0,0,0,0
250081,2,1,0,0,0,0,0,0,0,0,0,0
250082,1,1,0,0,0,43,15,20,0,23,0,16
250082,2,1,12,12,12,12,12,12,12,12,12,12
250083,1,1,0,0,0,0,0,0,0,0,0,0
250084,1,1,0,0,0,0,0,0,0,0,0,0
250084,2,1,29,29,29,29,29,29,29,29,29,29
250085,0,1,32,32,32,32,32,32,32,32,32,32
250085,2,1,0,0,0,0,0,0,18,0,0,8
250086,0,1,0,0,0,0,0,0,21,18,20,0
250086,1,1,0,0,22,14,0,0,0,7,19,0
250087,1,1,0,0,0,0,0,0,0,0,0,0
250088,1,1,0,13,28,25,10,13,6,5,27,0
250089,1,1,21,0,0,0,0,0,0,18,0,0
250090,1,1,0,0,0,0,0,0,0,0,0,0
250091,1,1,0,0,0,0,0,0,0,0,0,0
250092,1,1,0,0,0,0,0,0,0,0,0,0
250093,1,1,0,0,0,0,24,0,0,0,0,0
250093,2,1,0,0,0,0,0,0,0,0,0,0
250094,1,1,0,0,0,0,0,0,0,0,0,0
250094,2,1,0,0,0,0,0,0,0,0,0,0
250095,1,1,0,0,0,0,0,0,0,0,0,0
250096,0,1,0,0,0,0,0,0,0,0,0,0
250096,1,1,0,0,0,0,0,0,0,0,0,0
250097,1,1,0,0,0,0,0,0,0,0,0,0
250098,1,1,28,28,28,28,28,28,28,28,28,28
250099,1,1,0,0,0,0,0,0,0,0,0,0
250100,1,1,18,18,18,18,18,18,18,18,18,18
250101,0,1,4,4,4,4,4,4,4,4,4,4
250101,0,2,0,0,0,0,0,0,0,0,0,0
250101,1,1,12,0,27,0,28,7,20,15,0,0
250102,1,1,0,0,0,10,0,0,0,0,0,0
250102,2,1,0,0,0,0,0,0,0,0,0,0
250103,1,1,18,0,0,0,0,0,0,0,0,0
250103,2,1,0,0,0,0,0,0,0,0,0,0
250104,0,1,5,5,5,5,5,5,5,5,5,5
250104,1,1,0,0,0,0,0,0,0,0,0,0
250105,1,1,0,0,0,0,0,0,0,0,0,0
250105,2,1,2,2,2,2,2,2,2,2,2,2
250106,1,1,16,16,16,16,16,16,16,16,16,16
250107,1,1,0,0,0,0,0,0,0,0,9,0
250108,1,1,15,0,13,0,0,0,0,0,0,0
250108,2,1,29,29,29,29,29,29,29,29,29,29
250109,1,1,16,16,16,16,16,16,16,16,16,16
250109,2,1,0,0,0,0,0,0,0,0,0,0
250110,1,1,0,0,0,0,0,0,0,0,0,0
250111,1,1,0,0,0,0,0,0,0,0,0,0
250111,2,1,2,2,2,2,2,2,2,2,2,2
250112,1,1,0,0,0,0,0,0,0,0,0,0
250113,1,1,0,0,0,0,0,0,0,0,0,0
250113,2,1,0,0,0,0,0,0,0,0,0,0
250114,1,1,0,0,0,0,0,0,0,0,0,0
250115,1,1,29,29,29,29,29,29,29,29,29,29
250116,1,1,21,21,21,21,21,21,21,21,21,21
250117,0,1,0,0,0,0,0,0,0,0,0,0
250117,1,1,0,0,0,0,0,0,0,0,0,0
250118,1,1,27,27,27,27,27,27,27,27,27,27
250119,1,1,0,0,0,0,15,0,0,0,0,0
250119,2,1,0,0,0,0,0,0,0,0,0,0
250120,1,1,0,0,0,0,0,0,0,0,0,0
250120,2,1,8,16,19,25,13,20,16,16,17,29
250121,1,1,0,0,0,0,0,0,0,0,0,0
250121,2,1,0,0,0,0,0,0,0,0,0,0
250122,0,1,18,18,18,18,18,18,18,18,18,18
250122,1,1,0,0,0,0,0,0,0,0,7,0
250122,2,1,0,0,0,0,0,0,0,0,0,0
250123,1,1,0,0,0,0,0,0,0,0,0,0
250123,2,1,0,6,0,0,0,0,0,0,0,0
250123,3,1,0,0,0,0,0,0,0,0,0,0
250124,0,1,0,0,0,0,0,0,0,0,0,0
250124,1,1,0,0,0,20,0,0,0,0,4,0
250125,0,1,0,0,0,0,0,0,0,0,0,0
250125,1,1,0,0,0,0,0,0,0,0,0,0
250126,1,1,0,0,0,0,0,0,0,0,0,0
250126,2,1,4,11,7,0,0,0,4,11,0,6
250127,1,1,0,0,0,0,0,0,0,0,0,0
250129,1,1,0,0,0,0,0,0,3,0,0,9
250129,2,1,8,3,10,0,31,17,20,10,13,21
250130,1,1,0,0,0,0,0,0,0,0,0,0
250130,2,1,0,0,0,10,0,0,0,0,0,0
250131,1,1,0,0,0,0,0,0,0,0,0,0
250132,2,1,0,0,0,18,0,19,28,0,0,0
250133,1,1,0,0,0,0,0,0,0,0,0,0
250133,2,1,0,0,0,0,0,0,6,0,0,0
250134,1,1,0,0,0,0,0,0,0,0,0,0
250134,2,1,0,0,0,0,0,0,0,0,0,0
250135,1,1,0,0,0,0,0,0,0,0,0,0
250135,2,1,0,0,0,0,0,0,0,0,0,0
250136,1,1,7,7,7,7,7,7,7,7,7,7
250137,1,1,15,15,15,15,15,15,15,15,15,15
250138,1,1,9,32,24,4,23,8,33,28,11,11
250139,1,1,0,0,0,0,15,0,0,0,0,0
250139,2,1,12,12,12,12,12,12,12,12,12,12
250140,1,1,0,11,0,16,0,0,0,2,16,5
250140,2,1,0,21,6,0,0,0,0,0,0,0
250140,3,1,0,0,0,0,0,0,0,0,0,0
250141,1,1,11,11,11,11,11,11,11,11,11,11
250142,1,1,14,16,9,8,6,19,14,12,0,32
250143,1,1,0,0,0,0,0,0,0,0,0,0
250144,1,1,17,17,17,17,17,17,17,17,17,17
250144,2,1,0,0,0,0,0,0,0,3,0,0
250145,1,1,0,0,0,0,0,0,0,0,0,0
250146,1,1,27,27,27,27,27,27,27,27,27,27
250147,1,1,0,0,24,0,0,0,0,0,0,19
250147,2,1,0,0,0,0,0,0,0,0,0,0
250148,0,1,19,19,19,19,19,19,19,19,19,19
250148,1,1,0,0,0,0,0,7,0,0,0,0
250149,1,1,0,0,0,0,0,0,0,0,0,0
250150,1,1,0,0,0,0,0,0,0,0,0,0
250150,2,1,0,0,0,0,0,12,11,0,0,0
250150,3,1,0,0,0,0,0,0,0,0,0,0
250151,1,1,0,0,0,0,0,0,0,0,0,0
250151,2,1,0,0,0,0,0,0,0,0,0,0
250152,1,1,0,0,0,0,0,0,0,0,0,0
250153,1,1,19,19,19,19,19,19,19,19,19,19
250154,1,1,0,0,0,0,0,0,0,18,21,0
250154,2,1,0,0,0,0,0,0,0,0,0,0
250155,1,1,0,12,7,0,16,0,0,0,0,0
250155,2,1,0,0,0,0,0,0,0,0,0,0
250156,1,1,0,0,0,0,0,0,11,0,0,0
250156,2,1,0,0,0,0,0,0,0,0,0,0
250156,3,1,0,0,0,0,0,0,0,0,0,0
250156,4,1,0,0,0,0,0,0,0,0,0,0
250157,1,1,0,0,0,0,0,31,0,0,0,0
250157,2,1,0,0,0,0,0,0,0,0,0,0
250158,1,1,0,0,0,0,0,0,0,0,0,0
250158,2,1,0,0,0,0,0,0,0,0,0,0
250158,3,1,0,0,0,0,0,0,0,0,0,0
250158,4,1,0,0,0,0,10,0,0,0,0,0
250159,1,1,0,0,0,0,0,0,0,0,0,0
250159,2,1,0,0,0,0,0,0,0,0,0,0
250160,0,1,0,0,0,0,0,0,0,0,0,0
250160,1,1,0,0,0,0,0,0,11,0,0,0
250161,0,1,0,0,21,0,28,18,16,0,22,0
250161,1,1,0,0,0,0,0,13,0,0,13,0
250162,1,1,9,9,9,9,9,9,9,9,9,9
250163,1,1,0,0,0,0,0,0,0,0,0,0
250163,2,1,0,0,29,0,0,0,29,16,0,0