ST_CASE,VEH_NO,PER_NO,P1,P2,P3,P4,P5,P6,P7,P8,P9,P10
260123,1,1,30,0,0,20,0,0,0,0,0,0
260123,2,1,0,0,0,0,0,0,0,12,0,18
260124,1,1,0,0,0,0,0,0,0,0,0,0
260124,2,1,0,0,0,0,0,0,0,0,0,0
260125,0,1,0,0,0,0,0,30,0,0,10,0
260125,1,1,0,0,0,0,0,0,0,0,0,0
260126,1,1,0,0,0,0,0,0,0,0,0,0
260127,1,1,10,29,34,4,9,10,0,10,16,0
260127,2,1,0,20,0,0,0,0,0,0,0,0
260128,1,1,0,0,0,0,0,0,0,0,0,0
260128,2,1,0,0,0,0,0,0,0,0,0,0
260129,1,1,11,11,11,11,11,11,11,11,11,11
260129,2,1,0,0,0,0,0,0,0,0,0,0
260130,1,1,1,1,1,1,1,1,1,1,1,1
260130,2,1,0,0,0,0,0,0,0,0,0,0
260131,0,1,0,0,0,0,0,0,31,0,28,0
260131,1,1,0,0,0,0,0,0,0,0,0,15
260132,1,1,0,0,0,0,0,0,0,0,0,10
260132,2,1,0,0,0,0,0,0,0,0,0,0
260133,1,1,5,5,5,5,5,5,5,5,5,5
260134,1,1,22,22,0,0,0,14,0,0,0,3
260135,0,1,10,0,0,0,0,0,0,18,0,0
260135,1,1,16,14,0,0,16,0,0,12,0,0
260136,1,1,17,17,17,17,17,17,17,17,17,17
260137,0,1,0,0,0,0,8,0,0,0,0,0
260137,1,1,0,0,0,9,16,9,0,8,6,13
260138,1,1,0,0,0,0,0,0,0,0,0,0
260139,1,1,0,15,0,0,0,0,0,0,0,0
260140,1,1,0,0,0,0,0,23,19,0,0,0
260140,2,1,0,0,0,0,0,0,0,14,0,0
260141,1,1,21,21,21,21,21,21,21,21,21,21
260142,1,1,0,0,0,0,0,0,21,0,8,4
260143,1,1,0,0,0,0,0,0,0,0,0,0
260143,2,1,3,3,3,3,3,3,3,3,3,3
260144,1,1,0,0,0,0,0,0,0,0,0,0
260144,2,1,0,0,0,0,0,0,0,0,0,0
260145,1,1,0,0,0,11,0,0,12,0,0,0
260146,1,1,28,28,28,28,28,28,28,28,28,28
260147,0,1,0,0,0,0,0,0,0,0,0,0
260147,1,1,0,0,0,0,0,0,0,0,0,0
260148,1,1,0,19,0,0,0,0,0,0,0,0
260149,0,1,0,0,0,0,0,0,0,0,0,0
260149,1,1,0,0,0,0,10,0,0,0,0,0
260150,0,1,0,0,0,0,0,0,0,0,0,0
260150,1,1,0,0,0,0,24,0,0,0,0,0
260151,1,1,28,28,28,28,28,28,28,28,28,28
260152,0,1,0,0,0,0,0,0,0,0,0,0
260152,2,1,25,14,17,21,30,28,31,13,11,20
260153,1,1,8,8,8,8,8,8,8,8,8,8
260154,1,1,0,0,0,0,0,0,0,0,0,0
260154,2,1,0,0,0,0,0,0,0,19,0,0
260155,1,1,0,0,22,0,0,0,0,0,0,0
260155,2,1,0,0,0,0,0,0,0,0,0,16
260155,3,1,0,0,0,0,0,0,0,0,0,0
260156,1,1,0,0,0,0,30,0,25,0,7,0
260157,1,1,0,8,0,0,0,11,0,0,0,0
260157,2,1,0,0,13,0,0,0,0,0,0,0
260158,1,1,0,18,13,0,0,0,0,0,33,0
260159,1,1,0,0,0,0,0,0,0,0,0,0
260159,2,1,0,0,0,0,0,0,0,0,0,0
260160,1,1,14,14,14,14,14,14,14,14,14,14
260160,2,1,0,0,0,0,0,0,6,0,0,0
260161,1,1,0,0,0,0,0,0,0,0,0,0
260161,2,1,0,0,0,30,0,12,5,0,0,0
260162,0,1,0,0,0,0,36,0,0,0,0,0
260162,1,1,0,0,8,0,0,12,0,0,0,0
260163,0,1,0,0,0,25,0,0,0,0,0,0
260163,1,1,0,0,0,0,0,0,0,0,0,0
260164,0,1,0,0,0,0,0,18,0,11,33,0
260164,1,1,0,0,0,16,0,0,0,0,0,0
260164,2,1,0,0,0,0,0,0,0,0,0,0
260165,1,1,0,0,0,0,0,0,0,17,0,38
260166,1,1,0,0,0,0,0,0,0,0,0,0
260166,2,1,0,0,0,0,0,0,0,0,0,0
260167,1,1,0,0,0,0,0,0,0,24,0,0
260168,0,1,0,0,20,0,0,0,0,0,0,12
260168,1,1,0,0,0,0,0,0,0,0,0,0
260169,1,1,19,19,19,19,19,19,19,19,19,19
260170,0,1,0,0,0,0,0,0,22,7,0,18
260170,1,1,0,0,0,0,0,0,0,0,0,0
260171,1,1,0,0,0,0,0,0,15,0,0,0
260172,1,1,0,0,0,0,0,0,0,0,0,0
260173,1,1,0,0,0,0,0,0,0,29,0,0
260173,2,1,0,0,0,0,0,0,0,0,0,0
260173,3,1,8,0,0,0,0,31,0,0,0,0
260174,1,1,0,0,0,0,0,0,0,0,0,0
260174,2,1,0,0,0,0,0,0,0,0,0,0
260174,3,1,0,0,0,0,0,0,0,0,0,0
260175,1,1,22,22,22,22,22,22,22,22,22,22
260176,0,1,29,17,17,33,12,6,18,43,11,25
260176,1,1,23,0,0,0,0,0,16,0,0,22
260177,1,1,0,0,0,0,0,0,0,0,0,0
260177,2,1,0,0,0,0,0,0,0,0,0,0
260178,1,1,0,0,0,0,0,0,0,0,0,0
260178,2,1,0,0,0,0,0,0,0,0,0,0
260179,1,1,0,0,0,0,0,0,0,0,0,0
260179,2,1,0,0,0,0,0,0,0,0,0,0
260180,1,1,16,16,16,16,16,16,16,16,16,16
260181,1,1,0,0,0,0,0,0,0,0,18,29
260181,2,1,0,0,0,0,0,0,0,0,0,0
260181,3,1,0,14,18,0,0,0,0,0,0,0
260182,1,1,10,18,27,25,6,21,22,34,12,28
260183,0,1,0,22,0,0,0,0,0,0,0,0
260183,0,2,0,0,0,24,0,0,0,0,0,0
260183,1,1,0,0,0,0,0,0,0,0,0,0
260184,1,1,0,0,0,0,0,0,0,0,0,0
260184,2,1,0,0,0,0,0,0,0,0,0,0
260185,1,1,0,0,0,0,0,0,0,0,0,0
260186,1,1,0,0,0,0,0,0,0,0,0,0
260186,2,1,0,0,0,0,0,0,0,0,0,0
260187,1,1,22,22,22,22,22,22,22,22,22,22
260188,1,1,0,0,0,0,0,0,0,0,0,0
260188,2,1,0,0,0,0,0,0,0,0,0,0
260189,1,1,0,0,0,0,0,0,0,0,0,0
260189,2,1,0,0,0,0,0,0,0,0,0,0
260190,1,1,0,0,0,0,0,0,0,0,22,0
260191,1,1,0,0,0,0,0,0,0,0,0,0
260191,2,1,0,0,0,0,0,0,0,0,0,0
260192,1,1,0,0,0,0,0,0,0,0,0,0
260193,1,1,0,0,0,0,0,0,0,0,0,0
260194,1,1,0,0,0,0,0,0,0,0,0,0
260194,2,1,0,0,0,0,0,0,0,0,0,0
260195,1,1,0,0,0,0,0,0,0,0,0,0
260195,2,1,0,0,0,0,0,0,0,0,0,0
260196,1,1,0,0,0,0,0,0,0,0,0,0
260197,1,1,0,0,0,0,0,0,0,0,0,0
260198,0,1,0,0,0,13,0,0,0,0,0,0
260198,1,1,0,0,0,0,0,0,0,0,0,0
260199,1,1,16,10,15,43,10,13,11,17,11,3
260200,1,1,0,0,0,0,0,0,0,0,0,0
260200,2,1,0,0,0,0,0,0,0,0,0,0
260201,1,1,24,24,24,24,24,24,24,24,24,24
260202,1,1,1,1,1,1,1,1,1,1,1,1
260203,1,1,0,0,0,0,0,0,0,0,0,0
260203,2,1,0,0,6,0,0,0,0,0,0,0
260203,3,1,0,0,0,0,0,0,0,0,0,0
260204,1,1,0,0,0,0,0,0,14,0,0,0
260204,2,1,0,0,0,0,18,0,0,28,0,0
260205,0,1,0,21,9,0,0,0,0,0,0,0
260205,1,1,0,0,0,0,0,0,0,0,0,0
260206,1,1,0,0,0,0,0,0,0,0,0,0
260206,2,1,0,0,0,0,0,0,0,0,0,0
260206,3,1,0,0,0,0,0,0,0,0,0,0
260207,1,1,0,0,0,0,0,0,0,0,0,0
260207,2,1,0,0,0,0,0,0,0,0,0,0
260207,3,1,0,0,0,0,0,0,0,0,0,0
260208,1,1,0,5,0,0,0,0,0,0,0,0
260208,2,1,0,0,0,0,0,0,0,0,0,0
260209,1,1,0,0,0,0,0,0,0,0,0,0
260209,2,1,0,0,0,0,0,0,0,0,0,0
260210,1,1,0,0,0,0,0,0,0,0,0,0
260210,2,1,0,0,0,17,0,0,0,0,0,0
260210,3,1,0,0,0,0,0,0,8,0,0,0
260211,1,1,0,0,0,0,0,0,0,0,0,0
260211,2,1,0,0,0,0,6,0,0,0,0,0
260212,1,1,0,0,0,0,0,0,0,0,0,0
260213,1,1,0,20,32,0,0,0,8,0,0,0
260214,1,1,9,9,9,9,9,9,9,9,9,9
260215,0,1,0,0,0,0,10,0,0,0,0,15
260215,0,2,0,0,0,0,0,0,0,0,0,0
260215,2,1,0,0,27,0,0,0,0,0,0,0
260215,4,1,0,0,0,0,0,0,0,0,0,0
260216,1,1,5,5,5,5,5,5,5,5,5,5
260216,2,1,0,0,0,0,0,0,0,12,0,0
260217,1,1,31,31,31,31,31,31,31,31,31,31
260218,1,1,0,0,0,15,0,0,14,10,15,23
260219,0,1,20,23,44,15,14,27,43,15,30,13
260219,1,1,11,0,0,0,10,0,0,0,0,0
260220,1,1,20,10,27,34,0,16,14,0,6,0
260221,1,1,0,0,0,0,0,0,0,0,0,0
260221,2,1,0,0,0,0,0,0,0,0,0,0
260221,3,1,0,0,0,0,0,0,0,0,0,0
260222,1,1,0,0,0,0,0,0,0,0,0,0
260223,1,1,0,0,0,0,0,0,0,0,0,0
260224,1,1,0,0,0,0,0,0,0,0,0,0
260224,2,1,0,0,0,0,0,0,0,0,0,0
260225,1,1,12,15,0,12,21,19,5,0,13,23
260225,2,1,0,18,0,24,0,0,0,0,0,30
260226,1,1,0,0,0,0,0,0,0,0,0,0
260226,2,1,0,0,0,0,0,0,0,0,0,0
260227,1,1,0,0,0,0,0,0,0,0,0,0
260227,2,1,0,0,0,0,0,12,0,0,0,0
260228,1,1,0,0,0,0,0,0,0,0,0,0
260229,0,1,0,0,0,0,0,0,0,0,0,0
260229,1,1,0,0,0,0,0,0,0,0,0,0
260230,1,1,24,24,24,24,24,24,24,24,24,24
260231,1,1,0,0,0,0,0,0,0,0,0,0
260231,2,1,0,0,0,0,0,0,0,0,0,0
260232,1,1,9,9,9,9,9,9,9,9,9,9
260232,2,1,0,0,0,0,0,0,0,0,0,0
260233,1,1,18,18,18,18,18,18,18,18,18,18
260234,1,1,14,14,14,14,14,14,14,14,14,14
260234,2,1,0,0,0,0,0,0,0,0,0,0
260235,1,1,0,0,0,0,0,0,0,0,0,0
260235,2,1,0,0,0,0,0,0,17,0,20,0
260236,1,1,0,0,0,0,0,0,0,0,0,0
260236,2,1,2,2,2,2,2,2,2,2,2,2
260237,1,1,0,0,0,0,0,0,0,0,0,0
260237,2,1,0,0,0,0,0,0,0,0,0,0
260238,0,1,0,0,0,11,0,0,0,0,0,0
260238,1,1,0,0,0,0,0,0,0,0,0,0
260238,2,1,0,0,0,0,0,0,0,0,0,0
260238,3,1,0,17,0,0,0,0,0,0,0,0
260238,4,1,0,0,0,0,0,0,0,0,0,0
260239,1,1,0,0,0,0,0,0,0,0,0,0
260239,2,1,0,0,0,0,0,0,0,0,0,0
260240,1,1,16,18,16,14,14,10,23,12,10,16
260240,2,1,15,6,19,0,39,9,6,18,15,2
260241,1,1,0,0,0,0,0,0,22,11,0,0
260242,1,1,3,12,8,14,0,0,0,0,0,5
260242,2,1,11,0,7,0,0,0,0,0,0,0
260243,1,1,2,2,2,2,2,2,2,2,2,2
260244,0,1,0,0,0,0,0,0,0,0,0,0
260244,1,1,14,0,0,0,0,0,0,4,0,0
260244,2,1,0,0,0,0,0,0,11,0,0,0
260245,0,1,40,40,40,40,40,40,40,40,40,40
260245,1,1,0,0,0,0,0,0,0,0,0,0
260246,1,1,0,0,0,0,0,0,0,0,0,0
260246,2,1,13,13,13,13,13,13,13,13,13,13
260247,1,1,0,0,0,0,0,0,0,0,0,0
260247,2,1,0,0,0,0,0,0,0,0,0,0
260248,1,1,1,1,1,1,1,1,1,1,1,1
260249,0,1,6,4,0,0,0,0,0,0,18,22
260249,1,1,0,0,0,27,14,0,0,0,0,0
260250,1,1,0,25,0,0,0,0,0,0,10,29
260251,1,1,0,0,16,24,0,0,0,0,29,0
260252,0,1,5,0,16,0,10,15,0,0,9,22
260252,0,2,0,0,0,0,0,0,0,0,0,0
260252,1,1,0,0,0,0,0,0,0,0,10,0
260252,2,1,0,0,0,0,0,0,0,0,0,14
260253,1,1,0,0,0,0,0,0,11,10,0,0
260254,1,1,8,8,8,8,8,8,8,8,8,8
260255,1,1,0,0,0,0,0,0,0,0,0,0
260255,2,1,0,0,0,0,0,0,0,0,0,0
260256,0,1,0,0,12,0,5,0,0,0,0,0
260256,1,1,0,0,0,0,0,0,0,0,0,0
260257,1,1,0,0,0,0,0,0,0,0,0,0
260257,2,1,0,0,0,0,0,0,0,0,0,0
260258,1,1,0,0,0,0,0,0,0,0,0,0
260259,1,1,0,0,0,0,0,0,0,0,0,0
260259,2,1,0,0,0,0,0,0,0,0,0,0
260260,1,1,0,0,0,0,0,0,0,0,0,0
260261,1,1,0,0,0,0,0,0,0,0,0,0
260262,1,1,0,0,0,0,0,0,0,0,0,0
260263,1,1,0,0,0,0,0,0,0,0,0,0
260263,2,1,0,0,0,0,0,0,0,0,0,0
260264,1,1,36,36,36,36,36,36,36,36,36,36
260265,0,1,0,0,0,24,20,0,0,0,0,0
260265,0,2,0,0,0,0,0,0,0,0,0,0
260265,1,1,0,0,0,0,0,0,0,0,0,0
260266,1,1,0,0,0,0,0,26,0,0,9,0
260266,2,1,0,14,0,0,0,0,0,0,0,0
260267,1,1,0,0,0,0,16,0,0,0,0,0
260267,2,1,0,0,0,0,0,0,0,0,0,0
260268,1,1,28,28,28,28,28,28,28,28,28,28
260269,1,1,0,0,0,0,0,0,0,0,0,0
260269,2,1,0,0,0,0,0,0,0,0,0,0
260270,1,1,0,0,0,0,0,0,0,15,0,0
260271,1,1,4,4,4,4,4,4,4,4,4,4
260271,2,1,0,0,0,0,0,0,0,0,0,0
260271,3,1,0,0,0,0,0,21,0,0,0,0
260271,4,1,0,0,0,0,0,0,16,0,0,0
260272,1,1,0,0,0,0,0,0,0,0,0,0
260272,2,1,0,0,0,0,0,0,0,0,0,0
260273,1,1,0,0,16,35,0,0,0,0,0,0
260274,1,1,17,17,17,17,17,17,17,17,17,17
260274,2,1,0,0,5,0,0,0,0,0,0,0
260275,1,1,26,4,8,4,11,0,4,16,7,9
260275,2,1,0,0,0,0,0,0,0,0,0,0
260276,1,1,0,0,0,0,0,0,0,0,0,0
260277,0,1,36,36,36,36,36,36,36,36,36,36
260277,1,1,0,0,9,11,12,38,0,0,14,13
260278,1,1,21,0,0,12,34,18,0,15,0,0
260279,1,1,26,0,0,0,0,0,0,0,0,24
260280,1,1,0,0,0,0,0,0,0,0,0,0
260280,2,1,0,26,0,0,0,0,0,0,22,0
260281,1,1,2,2,2,2,2,2,2,2,2,2
260282,1,1,0,0,0,0,0,0,0,0,0,0
260283,1,1,24,24,24,24,24,24,24,24,24,24
260284,0,1,0,0,0,0,0,0,0,0,0,0
260284,1,1,0,0,0,0,0,0,0,0,0,0
260285,1,1,29,13,31,15,23,22,21,23,24,11
260285,2,1,0,5,0,0,0,0,0,0,0,0
260285,3,1,0,0,0,15,0,0,0,0,0,0
260286,0,1,0,0,0,0,0,0,0,0,23,0
260286,1,1,0,0,0,0,0,0,0,0,0,0
260287,1,1,0,0,0,0,0,0,0,0,0,0
260287,2,1,0,0,0,0,0,0,0,0,13,0
260287,3,1,0,0,0,0,0,23,24,0,0,0
260288,1,1,0,0,0,0,0,0,0,0,0,0
260288,2,1,7,7,7,7,7,7,7,7,7,7
260289,1,1,13,13,13,13,13,13,13,13,13,13
260289,2,1,0,0,0,0,0,0,0,0,18,0
260289,3,1,0,0,0,0,0,0,0,0,0,0
260290,1,1,0,0,0,0,0,0,0,0,0,0
260290,2,1,0,0,0,0,0,0,0,0,0,0
260290,3,1,0,0,0,0,0,0,0,0,0,0
260291,1,1,0,0,0,0,0,0,0,0,0,0
260292,1,1,0,0,0,0,0,0,0,0,0,0
260292,2,1,0,0,0,0,0,0,0,0,0,0
260293,1,1,0,0,0,0,0,0,0,12,0,0
260294,1,1,12,15,21,8,13,15,9,31,8,12
260295,1,1,0,0,0,21,0,0,0,0,0,25
260296,1,1,0,31,0,0,0,6,0,0,0,0
260297,1,1,0,0,0,0,0,0,0,0,0,0
260297,2,1,0,21,15,0,0,0,0,0,0,0
260298,1,1,0,0,0,0,0,0,0,0,0,0
260299,1,1,0,0,0,0,0,0,0,0,0,0
260299,2,1,0,0,17,8,6,16,11,9,10,0
260300,1,1,0,0,0,0,0,0,0,0,0,0
260300,2,1,0,0,0,0,24,0,16,0,6,12
260301,1,1,4,8,9,0,13,20,18,8,33,8
260301,2,1,0,0,0,0,0,0,0,0,0,0
260302,1,1,0,0,0,0,0,0,0,0,0,0
260302,2,1,6,6,6,6,6,6,6,6,6,6
260303,0,1,0,0,0,0,0,0,0,0,0,0
260303,1,1,0,0,0,0,0,0,0,0,0,0
260304,0,1,0,0,18,0,0,0,0,0,0,0
260304,1,1,0,0,0,0,0,0,0,0,0,0
260305,1,1,0,0,0,0,0,0,0,0,0,0
260306,1,1,0,0,0,0,0,0,0,0,0,0
260306,2,1,0,0,0,0,0,0,0,0,0,0
260307,1,1,11,11,11,11,11,11,11,11,11,11
260307,2,1,0,0,0,0,0,0,0,0,12,16
260308,1,1,0,0,0,0,0,0,0,0,0,0
260308,2,1,0,0,0,0,0,0,0,0,0,0
260309,1,1,0,0,0,0,0,0,0,0,0,0
260309,2,1,0,0,0,0,0,0,0,0,0,0
260310,1,1,0,0,0,0,0,0,0,0,0,0
260310,2,1,0,0,0,0,0,0,0,0,0,0
260311,1,1,26,50,20,13,29,25,19,10,4,33
260312,0,1,18,18,18,18,18,18,18,18,18,18
260312,1,1,0,0,0,0,0,0,0,0,7,0
260313,1,1,0,0,0,0,0,0,0,0,0,0
260314,1,1,0,0,0,0,0,0,0,0,0,0
260314,2,1,0,0,0,0,0,0,0,0,0,0
260315,1,1,0,0,0,0,0,0,0,0,0,0
260315,2,1,0,0,0,0,0,0,0,0,0,0
260316,1,1,9,9,9,9,9,9,9,9,9,9
260317,1,1,23,23,23,23,23,23,23,23,23,23
260318,1,1,0,0,0,0,0,0,0,0,0,0
260318,2,1,0,0,0,0,0,0,0,0,0,0
260319,1,1,3,3,3,3,3,3,3,3,3,3
260320,1,1,25,25,25,25,25,25,25,25,25,25
260320,2,1,0,0,0,0,0,0,0,0,0,0
260321,1,1,13,13,13,13,13,13,13,13,13,13
260322,1,1,0,0,0,0,0,0,0,0,0,0
260323,1,1,19,0,0,19,0,0,14,0,9,0
260323,2,1,0,0,0,0,0,0,0,0,0,0
260324,1,1,0,14,0,0,0,14,0,3,0,0
260324,2,1,0,0,0,0,0,0,0,0,0,0
260325,1,1,19,19,19,19,19,19,19,19,19,19
260325,2,1,35,0,0,0,19,0,0,0,0,19
260326,1,1,0,0,0,0,0,0,0,0,0,0
260326,2,1,0,0,0,0,0,0,0,0,0,0
260327,0,1,0,0,0,0,24,0,0,0,0,10
260327,1,1,0,0,0,0,0,0,0,0,14,0
260328,1,1,2,2,2,2,2,2,2,2,2,2
260329,1,1,10,28,13,26,18,16,10,12,20,19
260330,1,1,16,16,16,16,16,16,16,16,16,16
260331,1,1,25,25,25,25,25,25,25,25,25,25
260331,2,1,0,0,0,0,0,0,0,0,22,0
260332,1,1,0,0,0,0,0,0,0,0,0,12
260333,1,1,0,0,0,0,0,0,0,0,0,0
260333,2,1,0,0,0,0,0,0,0,0,0,0
260334,1,1,0,0,0,0,0,0,0,0,0,0
260334,2,1,0,0,0,0,0,0,0,0,0,0
260335,0,1,0,0,0,18,0,0,0,0,0,0
260335,1,1,0,0,0,0,0,0,19,0,0,14
260335,2,1,0,0,0,29,0,0,0,19,0,21
260336,1,1,12,12,12,12,12,12,12,12,12,12
260336,2,1,0,0,0,0,0,0,0,0,0,0
260337,1,1,11,29,25,15,23,26,18,24,22,25
260338,1,1,18,18,18,18,18,18,18,18,18,18
260339,1,1,0,0,0,0,0,0,0,0,0,0
260339,2,1,0,0,0,0,0,0,0,0,33,0
260340,1,1,0,0,21,0,27,0,0,0,0,0
260341,1,1,0,0,0,0,0,0,0,0,0,0
260342,1,1,0,0,0,0,0,0,0,3,14,0
260342,2,1,0,0,0,0,0,0,0,0,0,0
260342,3,1,0,0,0,0,0,0,0,0,0,0
260343,1,1,21,21,21,21,21,21,21,21,21,21
260344,1,1,23,0,29,11,0,33,0,27,16,26
260344,2,1,0,0,0,0,0,0,0,0,0,0
260345,1,1,0,0,22,0,0,0,0,0,0,0
260346,1,1,31,31,31,31,31,31,31,31,31,31
260346,2,1,0,0,0,5,0,0,13,0,0,13
260347,1,1,0,0,0,0,0,0,0,0,0,20
260347,2,1,0,0,0,0,0,0,0,0,0,0
260348,1,1,7,0,0,0,0,0,0,0,0,0
260348,2,1,19,19,25,11,11,0,18,15,0,0
260349,1,1,10,0,29,0,0,0,0,0,0,0
260349,2,1,11,17,0,0,0,0,4,13,0,0
260349,3,1,0,0,0,0,0,0,0,0,0,0
260350,1,1,0,0,0,0,0,0,0,0,0,0
260350,2,1,0,0,0,0,15,0,0,0,0,0
260350,3,1,0,0,0,0,0,0,0,0,0,0
260350,4,1,6,0,0,0,0,0,0,0,8,0
260351,1,1,0,0,0,0,0,0,0,0,0,0
260351,2,1,0,0,0,0,0,0,0,0,0,0
260352,0,1,0,0,0,0,0,0,0,0,0,0
260352,1,1,0,0,0,0,0,0,0,0,0,0
260353,1,1,0,0,39,0,0,0,0,0,0,0
260353,2,1,0,0,0,0,0,0,0,0,0,0
260354,1,1,21,21,21,21,21,21,21,21,21,21
260355,0,1,56,16,40,19,49,22,7,15,20,15
260355,1,1,0,0,0,0,0,0,0,0,0,0
260356,1,1,0,0,7,10,0,25,0,0,0,13
260356,2,1,0,0,0,0,0,0,0,0,0,14
260357,1,1,9,17,14,30,7,20,22,22,11,32
260357,2,1,0,6,0,0,25,0,0,0,0,0
260358,1,1,0,0,0,0,0,0,0,0,0,0
260358,2,1,0,0,0,0,0,0,0,0,0,0
260359,1,1,0,0,0,0,0,0,0,0,0,0
260359,2,1,0,0,0,0,0,0,0,0,0,0
260360,1,1,0,0,0,0,0,0,0,0,0,0
260360,2,1,0,0,0,0,0,0,0,0,0,0
260361,1,1,0,0,0,0,0,0,0,0,0,10
260361,2,1,6,24,0,0,0,5,0,0,19,0
260362,1,1,0,0,0,22,0,0,0,21,0,21
260363,1,1,0,0,0,0,0,0,0,0,14,0
260364,1,1,19,19,19,19,19,19,19,19,19,19
260365,1,1,0,0,0,0,0,0,0,0,0,0
260365,2,1,0,0,0,0,0,0,0,0,0,0
260366,1,1,19,19,19,19,19,19,19,19,19,19
260367,0,1,0,0,0,0,0,0,0,0,0,0
260367,1,1,0,0,0,0,0,0,0,10,0,0
260368,1,1,0,0,0,0,0,0,0,0,0,0
260368,2,1,0,0,0,0,0,0,0,0,0,0
260369,1,1,0,0,0,14,14,7,0,4,0,0
260369,2,1,10,10,10,10,10,10,10,10,10,10
260370,1,1,0,0,0,0,0,0,0,0,0,0
260370,2,1,14,19,14,0,0,0,8,0,0,0
260371,1,1,0,0,0,0,0,0,0,0,0,0
260371,2,1,0,0,0,0,3,0,0,0,0,0
260372,1,1,0,0,0,0,0,0,0,0,0,0
260373,1,1,17,0,0,0,0,0,0,21,0,14
260374,1,1,16,11,14,25,17,19,9,18,19,17
260375,1,1,0,0,0,0,0,0,0,0,0,0
260375,2,1,0,0,0,0,0,0,0,0,0,0
260376,1,1,12,16,20,5,16,11,8,12,16,17
260377,1,1,0,0,0,0,0,0,0,0,0,0
260377,2,1,0,0,0,0,0,0,0,0,0,0
260377,3,1,0,0,0,25,0,0,0,0,0,0
260378,0,1,0,25,0,0,0,0,0,0,0,0
260378,1,1,0,0,0,0,0,0,0,0,0,0
260379,1,1,0,0,0,0,0,0,0,0,0,0
260380,1,1,0,0,17,0,0,0,0,15,0,8
260380,2,1,0,0,0,0,0,0,0,0,0,0
260381,1,1,0,0,0,0,0,0,0,0,0,0
260381,2,1,0,0,0,0,0,0,0,0,0,0
260382,1,1,9,9,9,9,9,9,9,9,9,9
260383,1,1,0,14,0,0,0,17,12,0,0,0
260384,1,1,0,0,0,0,0,0,0,0,0,0
260385,1,1,0,0,0,0,0,0,0,0,0,0
260385,2,1,0,5,0,0,0,0,0,0,0,20
260386,1,1,0,0,0,0,0,0,0,0,0,0
260386,2,1,0,0,0,0,0,0,0,0,0,0
260387,1,1,0,0,19,0,0,0,0,0,0,0
260387,2,1,0,0,0,0,0,0,0,0,0,37
260388,1,1,0,0,0,0,0,0,0,0,0,0
260389,0,1,0,0,0,0,0,0,0,0,0,0
260389,1,1,0,0,0,0,0,0,31,0,0,0
260390,0,1,19,35,21,24,26,13,8,18,13,26
260390,1,1,0,0,0,0,0,0,0,0,0,0
260390,2,1,0,0,0,0,0,0,0,0,3,0
260391,1,1,0,0,0,0,0,0,0,0,0,0
260391,2,1,0,0,0,0,0,0,0,0,0,0
260391,3,1,0,0,0,18,0,0,0,0,0,0
260391,4,1,0,0,0,0,0,0,0,0,0,0
260391,5,1,0,0,0,0,0,0,0,16,0,0
260391,6,1,0,0,0,0,0,0,0,33,28,0
260392,1,1,11,11,11,11,11,11,11,11,11,11
260393,1,1,23,23,23,23,23,23,23,23,23,23
260394,0,1,0,0,0,0,0,0,0,0,0,0
260394,1,1,0,0,0,0,0,0,0,0,0,0
260395,1,1,0,0,0,0,0,0,0,0,0,4
260396,1,1,0,0,0,0,0,0,0,0,0,0
260396,2,1,0,0,8,0,0,0,0,0,0,0
260397,1,1,0,0,0,0,0,0,0,0,0,0
260397,2,1,0,7,0,0,0,0,0,0,0,0
260398,1,1,8,6,26,16,17,12,42,15,19,28
260398,2,1,0,0,0,0,0,0,0,0,0,0
260400,1,1,0,0,15,0,0,15,0,14,24,0
260401,1,1,0,0,0,0,0,0,0,0,0,0
260401,2,1,0,0,0,0,0,0,12,0,0,0
260402,1,1,0,9,0,0,0,0,0,0,0,37
260403,1,1,0,0,0,0,0,0,0,0,0,0
260403,2,1,0,0,0,9,0,0,0,0,0,0
260403,3,1,0,0,0,0,0,0,0,0,0,0
260404,1,1,0,0,0,0,0,0,0,0,0,0
260404,2,1,0,0,0,0,0,0,0,0,0,0
260405,1,1,22,0,0,9,8,0,0,20,0,9
260406,1,1,6,20,14,11,11,9,5,20,19,0
260407,1,1,0,0,0,0,0,0,0,0,0,0
260408,0,1,0,35,0,0,0,0,0,0,0,0
260408,1,1,0,0,0,0,0,0,0,0,0,0
260409,1,1,0,0,0,0,0,0,0,0,0,5
260409,2,1,0,0,0,0,0,0,0,0,0,0
260409,3,1,0,0,0,0,0,0,0,0,0,0
260410,1,1,0,0,0,0,0,0,0,31,0,0
260411,1,1,15,15,15,15,15,15,15,15,15,15
260411,2,1,0,0,0,0,0,0,0,0,0,0
260412,0,1,0,15,0,0,0,0,0,0,0,0
260412,1,1,12,12,12,12,12,12,12,12,12,12
260413,1,1,0,0,0,0,0,0,0,0,0,0
260414,1,1,0,0,0,0,0,0,0,0,0,0
260415,1,1,0,0,0,0,0,0,0,0,0,0
260415,2,1,0,0,0,0,0,0,0,0,0,0
260416,1,1,8,8,8,8,8,8,8,8,8,8
260416,2,1,0,0,0,0,0,0,0,0,0,0
260417,1,1,0,0,0,0,0,0,33,0,0,0