ST_CASE,VEH_NO,PER_NO,P1,P2,P3,P4,P5,P6,P7,P8,P9,P10
260418,1,1,0,0,0,0,0,0,0,0,0,0
260419,0,1,0,0,0,0,0,0,0,0,0,0
260419,0,2,0,0,0,0,0,0,0,0,0,0
260419,1,1,0,0,0,0,0,0,0,0,0,0
260420,1,1,0,34,22,0,0,0,0,0,0,0
260421,1,1,0,0,0,0,15,0,0,0,15,0
260422,1,1,9,13,12,14,12,17,23,21,7,24
260422,2,1,31,2,11,14,16,6,19,8,23,5
260423,1,1,0,0,0,0,0,0,0,0,0,0
260423,2,1,0,0,0,0,0,0,0,0,0,0
260423,3,1,0,0,0,0,0,0,0,0,0,0
260424,0,1,0,0,0,0,0,0,0,0,0,0
260424,1,1,0,0,0,0,0,0,0,0,0,0
260425,1,1,0,0,0,0,0,0,0,0,0,0
260425,2,1,0,0,0,0,0,0,0,0,0,0
260426,1,1,0,0,0,0,0,0,0,0,0,0
260427,1,1,0,0,0,0,0,0,0,0,0,0
260427,2,1,0,0,0,0,0,0,0,0,0,0
260428,1,1,11,11,11,11,11,11,11,11,11,11
260428,2,1,0,0,0,15,21,10,0,0,19,13
260430,1,1,0,0,0,0,0,0,0,0,0,0
260430,2,1,0,0,0,0,0,0,0,0,0,0
260431,1,1,0,0,0,0,0,0,0,0,0,0
260431,2,1,0,0,0,0,0,0,0,0,0,0
260432,0,1,0,0,0,0,0,0,0,0,0,0
260432,1,1,0,0,0,0,21,0,0,0,0,0
260433,1,1,22,0,0,0,0,0,0,0,0,0
260434,1,1,0,0,0,0,0,0,34,0,31,0
260435,1,1,0,0,0,0,0,0,0,0,0,0
260435,2,1,0,0,0,0,0,0,0,0,0,0
260436,1,1,8,7,34,15,19,18,0,12,20,14
260437,1,1,3,3,3,3,3,3,3,3,3,3
260438,1,1,0,0,0,0,0,0,0,0,0,0
260438,2,1,0,0,0,0,0,0,0,0,0,0
260438,3,1,0,0,0,0,0,0,0,0,0,0
260439,1,1,2,2,2,2,2,2,2,2,2,2
260439,2,1,27,0,0,0,21,0,0,0,0,0
260440,1,1,0,0,0,0,0,0,0,0,0,0
260440,2,1,0,0,0,0,0,0,0,0,0,0
260440,3,1,0,0,0,0,0,0,0,0,0,0
260441,0,1,0,0,0,0,0,0,0,0,0,0
260441,1,1,0,0,0,0,0,0,0,0,0,13
260442,1,1,0,0,0,0,2,28,0,0,0,0
260442,2,1,0,0,0,0,0,0,0,0,0,0
260443,0,1,16,11,16,9,8,16,11,48,16,32
260443,1,1,0,0,0,0,0,0,0,0,0,0
260444,1,1,4,4,4,4,4,4,4,4,4,4
260444,2,1,25,0,0,0,0,12,22,0,0,0
260445,1,1,17,17,17,17,17,17,17,17,17,17
260445,2,1,0,0,0,0,0,0,16,0,0,0
260446,1,1,15,30,11,15,7,9,31,19,13,17
260447,1,1,0,0,0,0,3,0,0,0,0,0
260447,2,1,0,0,0,0,0,0,0,0,0,0
260448,1,1,0,0,0,0,0,0,0,0,0,0
260448,2,1,0,0,0,0,0,0,0,0,0,0
260448,3,1,0,0,0,0,0,0,0,0,0,0
260448,4,1,0,0,0,0,0,0,0,0,0,0
260449,1,1,0,0,0,0,0,0,0,0,0,0
260449,2,1,0,0,0,0,0,0,0,0,0,0
260450,1,1,0,0,0,0,0,0,0,0,0,0
260450,2,1,0,0,0,0,0,0,0,0,0,0
260451,1,1,3,3,3,3,3,3,3,3,3,3
260452,1,1,10,10,10,10,10,10,10,10,10,10
260453,1,1,7,7,7,7,7,7,7,7,7,7
260454,1,1,0,0,5,0,0,0,0,6,0,0
260455,1,1,0,0,0,13,0,0,27,0,0,0
260456,0,1,28,0,0,0,0,0,18,0,10,0
260456,1,1,0,0,0,0,0,0,0,0,0,0
260457,1,1,39,39,39,39,39,39,39,39,39,39
260458,1,1,0,0,0,0,0,0,0,0,0,0
260458,2,1,0,0,0,0,0,0,0,0,0,0
260459,1,1,0,0,0,0,0,0,0,0,28,26
260460,1,1,0,0,0,0,0,0,0,0,0,0
260460,2,1,0,0,0,0,0,0,0,0,0,0
260461,1,1,0,0,0,0,0,0,0,0,0,0
260462,1,1,0,0,0,0,0,0,0,0,0,0
260462,2,1,0,0,0,0,0,0,0,0,0,0
260463,1,1,0,0,0,0,0,0,0,0,0,0
260463,2,1,0,0,0,0,0,0,0,0,0,0
260464,1,1,23,23,23,23,23,23,23,23,23,23
260464,2,1,0,0,0,0,0,0,0,0,0,0
260465,1,1,0,0,0,0,0,0,0,0,0,0
260466,0,1,0,0,0,0,0,0,0,0,0,0
260466,3,1,0,0,0,0,0,0,0,0,0,0
260467,0,1,0,0,0,0,0,0,0,0,0,0
260467,1,1,0,0,0,0,0,0,0,0,0,0
260468,1,1,0,0,0,0,0,0,0,0,0,0
260468,2,1,0,0,22,0,0,0,0,0,0,0
260469,1,1,3,3,3,3,3,3,3,3,3,3
260470,1,1,0,0,0,0,0,0,0,0,0,0
260470,2,1,0,0,0,0,0,0,0,0,0,0
260472,1,1,0,0,0,0,0,0,0,0,0,0
260472,2,1,27,0,0,0,26,0,0,0,0,0
260472,3,1,0,0,0,0,0,0,0,0,0,0
260473,0,1,0,0,0,0,0,24,0,0,0,0
260473,1,1,0,0,0,0,0,0,0,0,0,0
260474,1,1,0,0,0,0,0,0,0,0,15,0
260474,2,1,0,0,0,0,0,0,0,0,0,0
260475,0,1,0,0,0,0,0,0,0,0,0,0
260475,1,1,24,0,0,0,0,0,0,0,0,0
260476,1,1,0,0,0,0,0,0,0,0,0,0
260476,2,1,0,0,0,0,0,0,0,0,0,0
260476,3,1,0,0,0,33,0,0,0,0,0,0
260476,4,1,0,0,0,0,0,0,0,0,0,18
260477,1,1,0,0,0,0,0,0,0,0,0,0
260477,2,1,0,0,0,0,0,0,0,0,0,0
260478,1,1,8,8,27,17,44,57,26,35,21,37
260479,1,1,15,15,15,15,15,15,15,15,15,15
260479,2,1,0,0,0,0,0,0,0,0,0,0
260480,1,1,26,26,26,26,26,26,26,26,26,26
260481,0,1,0,0,26,20,0,0,0,0,0,0
260481,1,1,0,0,0,0,0,0,0,0,0,0
260482,1,1,13,13,13,13,13,13,13,13,13,13
260482,2,1,0,0,0,0,0,0,0,0,0,0
260483,1,1,0,0,0,0,0,0,0,0,0,0
260483,2,1,0,0,0,0,0,0,0,0,0,0
260484,0,1,19,17,0,0,0,0,0,0,0,0
260484,1,1,5,0,21,0,0,0,0,0,0,0
260485,1,1,17,17,17,17,17,17,17,17,17,17
260485,2,1,15,15,15,15,15,15,15,15,15,15
260486,1,1,1,1,1,1,1,1,1,1,1,1
260487,1,1,0,0,0,0,0,0,0,0,0,0
260487,2,1,0,0,0,0,0,0,0,0,0,0
260488,1,1,0,0,0,0,0,0,0,0,0,0
260489,1,1,0,19,0,0,0,15,0,0,0,0
260490,1,1,0,0,0,0,0,0,0,0,0,0
260490,2,1,6,0,0,0,0,0,0,0,0,0
260490,3,1,0,0,0,0,0,0,0,0,0,0
260490,4,1,0,0,0,0,0,0,0,0,0,0
260490,5,1,0,0,0,0,0,0,0,0,0,0
260491,1,1,11,11,11,20,13,16,9,16,10,18
260492,1,1,0,0,0,0,0,0,0,15,0,0
260492,2,1,6,6,6,6,6,6,6,6,6,6
260493,1,1,0,0,15,0,0,22,13,22,0,0
260493,2,1,0,0,0,0,0,0,0,0,0,0
260493,3,1,0,0,0,0,0,0,0,0,0,0
260494,1,1,17,0,0,0,0,0,0,0,0,0
260495,1,1,19,4,15,12,28,17,24,6,4,23
260496,0,1,54,0,0,0,30,0,0,0,0,0
260496,1,1,0,6,25,7,21,13,0,0,14,23
260497,0,1,0,0,0,0,0,0,0,0,0,0
260497,1,1,0,0,0,0,0,0,0,18,0,0
260498,1,1,0,0,0,0,0,0,0,0,0,0
260498,2,1,0,0,0,0,0,0,0,0,0,0
260499,1,1,0,0,0,0,0,0,0,0,0,0
260499,2,1,0,0,0,0,26,0,0,0,0,0
260500,1,1,0,0,0,0,16,0,0,35,0,0
260501,0,1,0,0,0,0,0,0,0,10,0,0
260501,1,1,4,4,4,4,4,4,4,4,4,4
260502,1,1,0,0,0,0,0,0,0,0,0,0
260503,0,1,0,0,0,0,0,0,8,0,0,0
260503,1,1,14,14,14,14,14,14,14,14,14,14
260504,1,1,0,7,0,0,0,0,0,0,0,0
260504,2,1,0,0,0,0,0,0,0,0,0,0
260505,1,1,0,0,0,0,0,0,0,0,0,22
260505,2,1,0,0,0,0,0,0,0,0,0,0
260506,1,1,0,10,4,14,13,8,5,32,29,10
260507,1,1,0,0,7,6,7,0,0,0,2,16
260507,2,1,13,0,6,0,0,0,0,0,0,0
260508,1,1,0,0,0,0,12,0,0,0,41,12
260508,2,1,0,0,0,8,0,0,0,0,0,0
260509,0,1,0,0,0,0,0,0,17,0,0,0
260510,1,1,0,0,0,0,0,0,0,0,0,0
260510,2,1,0,0,0,0,0,0,0,0,0,0
260511,0,1,8,0,0,0,0,0,0,0,0,0
260511,1,1,5,5,5,5,5,5,5,5,5,5
260512,0,1,0,0,0,0,0,0,0,0,0,0
260512,1,1,22,7,0,7,13,21,0,0,6,14
260513,1,1,0,0,0,0,0,0,0,0,0,0
260513,2,1,0,0,0,0,0,0,0,0,0,0
260514,1,1,0,0,0,0,0,0,0,0,0,0
260514,2,1,0,0,0,0,0,0,0,0,0,0
260514,3,1,0,0,0,0,0,0,0,0,0,0
260515,1,1,0,0,0,0,0,0,0,0,0,0
260515,2,1,0,0,0,0,0,0,0,0,0,0
260516,0,1,0,0,0,0,0,0,0,0,0,0
260516,1,1,0,0,0,0,0,0,0,0,0,0
260517,0,1,0,0,0,0,0,0,0,0,0,0
260517,1,1,0,0,0,0,0,0,0,0,0,0
260518,0,1,0,0,0,0,0,0,0,0,0,0
260518,1,1,0,0,0,0,0,0,0,0,0,0
260519,1,1,0,0,0,0,0,0,0,0,0,0
260519,2,1,0,0,0,0,0,0,0,0,0,0
260519,3,1,0,0,0,0,0,0,0,0,0,0
260520,1,1,0,0,0,0,0,0,0,0,0,0
260520,2,1,0,0,0,11,0,0,0,0,0,0
260520,3,1,0,0,0,0,0,0,0,0,0,0
260521,1,1,0,0,0,0,0,0,0,0,0,0
260521,2,1,0,5,0,0,0,0,0,0,0,0
260522,1,1,0,0,0,0,0,0,0,0,0,0
260522,2,1,0,0,0,0,0,0,0,0,0,0
260523,1,1,2,0,0,6,18,0,7,0,0,0
260523,2,1,0,0,0,0,0,0,0,0,0,0
260524,1,1,9,0,0,8,0,0,0,0,0,15
260525,1,1,0,10,0,0,0,0,0,28,0,23
260526,1,1,11,0,0,0,9,0,18,0,10,6
260527,0,1,0,10,0,0,0,0,0,0,46,0
260527,0,2,0,0,0,0,0,0,0,0,0,0
260527,1,1,0,0,0,0,0,0,0,0,0,0
260528,1,1,0,0,0,0,0,0,0,0,0,0
260528,2,1,0,0,0,0,0,0,0,0,0,0
260529,1,1,14,14,14,14,14,14,14,14,14,14
260530,1,1,0,0,0,0,0,0,0,3,0,0
260530,2,1,0,0,0,0,0,0,0,0,0,0
260531,1,1,0,0,0,0,0,0,0,0,0,0
260531,2,1,0,0,0,0,0,0,0,0,0,0
260532,0,1,0,0,0,0,0,0,0,0,0,0
260532,1,1,0,0,0,0,0,0,0,0,0,0
260533,1,1,3,20,13,6,16,25,22,21,30,16
260533,2,1,0,33,0,0,0,0,0,0,0,0
260534,1,1,0,0,0,0,0,0,0,0,0,0
260535,1,1,0,0,0,0,0,0,0,0,0,0
260536,0,1,0,0,0,0,28,0,0,19,0,0
260536,1,1,11,8,6,19,0,17,12,3,0,11
260537,1,1,26,17,20,22,2,0,22,10,0,16
260537,2,1,0,0,0,0,0,0,23,0,0,0
260538,1,1,0,0,0,0,0,0,0,0,0,0
260538,2,1,0,0,0,0,0,0,0,0,0,0
260539,1,1,0,21,0,0,0,0,0,0,0,0
260540,0,1,29,17,14,32,26,11,0,42,7,8
260540,1,1,0,0,0,0,0,0,0,0,0,0
260541,1,1,0,0,0,0,0,0,0,0,0,0
260541,2,1,0,0,0,0,0,0,0,0,0,0
260542,1,1,0,0,0,0,0,0,0,0,0,0
260542,2,1,0,0,0,0,0,0,0,0,0,0
260543,1,1,15,15,15,15,15,15,15,15,15,15
260543,2,1,0,0,0,0,0,0,0,0,0,0
260544,0,1,0,0,0,0,0,0,0,0,0,0
260544,1,1,0,0,0,0,0,0,0,0,0,0
260545,1,1,0,0,0,0,0,0,0,0,0,0
260545,2,1,27,27,27,27,27,27,27,27,27,27
260546,0,1,0,0,0,0,19,0,5,0,0,0
260546,1,1,0,0,0,0,0,0,0,0,0,0
260546,2,1,0,0,0,0,0,0,0,0,0,0
260546,3,1,0,0,0,0,0,0,0,0,0,0
260547,1,1,21,21,21,21,21,21,21,21,21,21
260548,1,1,17,15,17,25,3,12,28,25,15,20
260549,1,1,0,0,0,0,0,0,0,0,0,0
260549,2,1,0,0,0,0,0,0,0,0,0,0
260550,0,1,0,8,0,0,0,0,0,0,0,0
260550,1,1,0,0,0,0,0,0,0,0,0,0
260551,1,1,28,28,28,28,28,28,28,28,28,28
260551,2,1,0,0,0,18,0,0,11,0,51,15
260551,3,1,0,0,0,0,0,0,0,0,0,0
260551,4,1,0,0,0,28,0,0,0,0,0,22
260552,1,1,7,7,7,7,7,7,7,7,7,7
260553,0,1,0,0,0,0,0,0,0,0,0,0
260553,1,1,0,0,0,0,0,0,0,0,0,0
260554,1,1,0,9,0,0,0,16,0,0,0,0
260554,2,1,0,14,0,0,0,0,0,0,0,0
260555,1,1,0,0,0,0,0,0,0,0,0,0
260555,2,1,0,0,0,0,0,0,3,0,0,0
260556,1,1,0,0,0,0,0,0,0,0,0,0
260556,2,1,0,0,0,0,0,0,0,0,0,0
260557,1,1,0,0,0,0,0,0,0,0,0,0
260557,2,1,0,0,0,0,0,0,0,0,0,0
260558,1,1,9,0,0,0,0,0,0,0,0,0
260558,2,1,0,0,0,18,0,0,0,0,0,0
260558,3,1,0,0,0,0,0,0,0,0,0,14
260559,1,1,14,14,14,14,14,14,14,14,14,14
260559,2,1,0,0,0,0,0,0,0,0,0,0
260560,1,1,14,14,14,14,14,14,14,14,14,14
260561,1,1,0,16,0,18,0,0,0,0,0,0
260562,1,1,0,0,0,0,0,0,0,0,0,0
260562,2,1,0,0,0,0,0,0,0,0,0,0
260563,1,1,0,0,0,0,0,0,0,0,0,0
260563,2,1,0,0,0,0,0,0,0,0,0,0
260564,0,1,0,0,0,0,0,0,0,0,0,0
260564,1,1,0,0,0,0,0,0,0,0,0,0
260565,1,1,0,0,16,9,0,0,0,0,0,0
260565,2,1,0,0,0,0,0,0,0,0,27,0
260566,1,1,0,0,0,10,0,0,0,0,0,0
260566,2,1,0,0,0,0,0,0,0,0,0,0
260567,1,1,0,0,0,0,0,0,0,0,0,0
260567,2,1,0,0,0,0,0,0,0,0,0,0
260568,1,1,20,20,20,20,20,20,20,20,20,20
260568,2,1,0,0,0,0,12,0,0,0,0,0
260569,1,1,16,16,16,16,16,16,16,16,16,16
260570,1,1,4,20,16,17,7,13,19,16,14,6
260570,2,1,4,4,4,4,4,4,4,4,4,4
260570,3,1,7,7,7,7,7,7,7,7,7,7
260571,1,1,0,0,0,0,0,0,0,0,11,0
260572,0,1,0,0,0,0,0,0,0,0,0,15
260572,1,1,0,0,0,0,0,0,0,0,0,0
260573,1,1,7,7,7,7,7,7,7,7,7,7
260573,2,1,0,0,0,0,0,0,0,0,0,0
260574,1,1,0,0,0,0,0,0,0,0,0,0
260574,2,1,0,0,0,0,0,0,0,0,0,0
260575,1,1,31,31,31,31,31,31,31,31,31,31
260576,1,1,0,0,0,0,0,0,0,0,0,0
260577,1,1,0,0,0,0,0,0,0,0,7,21
260578,1,1,0,0,0,0,0,0,22,0,0,0
260578,2,1,0,0,0,0,0,0,0,0,0,0
260579,1,1,16,16,16,16,16,16,16,16,16,16
260579,2,1,0,0,0,0,0,0,0,0,0,0
260580,1,1,0,0,0,0,0,0,0,0,0,0
260580,2,1,0,0,0,0,0,0,0,0,0,0
260581,1,1,0,0,9,0,0,0,0,0,0,0
260581,2,1,0,0,0,0,0,0,0,0,0,0
260582,1,1,0,0,0,0,0,0,0,0,0,0
260583,1,1,0,0,0,0,0,0,0,0,0,0
260583,2,1,8,0,0,0,0,0,0,0,0,0
260583,3,1,0,0,0,0,0,0,0,0,0,0
260583,4,1,0,0,0,0,0,0,0,0,0,0
260583,5,1,0,0,0,0,0,0,0,0,0,0
260583,6,1,0,0,0,0,0,0,0,0,0,0
260583,7,1,0,0,0,0,11,0,0,0,0,0
260584,0,1,0,0,0,0,0,0,0,0,0,0
260584,1,1,0,0,0,0,0,0,0,0,0,0
260584,2,1,0,0,7,0,0,0,0,0,0,0
260585,1,1,2,2,2,2,2,2,2,2,2,2
260585,2,1,4,4,4,4,4,4,4,4,4,4
260586,1,1,0,0,0,0,0,0,0,0,0,0
260586,2,1,0,0,0,0,0,0,16,0,0,0
260587,1,1,0,0,0,0,0,0,0,0,0,0
260587,2,1,2,0,0,0,0,0,0,0,0,0
260588,1,1,20,12,0,0,11,13,26,12,18,27
260589,1,1,0,0,0,0,0,0,0,0,0,14
260590,1,1,0,0,0,0,0,0,0,0,0,0
260591,1,1,20,0,15,0,0,0,0,26,10,0
260592,1,1,25,25,25,25,25,25,25,25,25,25
260592,2,1,0,0,0,0,0,0,0,0,0,0
260592,3,1,0,31,0,0,0,0,0,0,0,0
260592,4,1,0,0,0,0,0,0,0,19,0,0
260593,1,1,0,0,13,8,10,0,6,32,19,13
260594,1,1,0,0,0,0,0,0,0,0,0,0
260594,2,1,0,0,0,12,0,0,0,0,11,0
260595,0,1,0,0,27,0,0,0,0,0,23,0
260595,0,2,28,0,0,0,17,4,0,0,11,0
260595,0,3,0,0,0,0,0,0,5,0,0,0
260595,1,1,0,0,21,0,0,0,0,0,0,26
260596,1,1,0,0,0,18,0,0,0,4,0,0
260596,2,1,0,0,0,0,0,0,0,0,0,0
260597,0,1,0,0,0,0,0,0,0,9,24,0
260597,1,1,14,14,14,14,14,14,14,14,14,14
260598,0,1,0,0,0,0,0,0,0,0,0,0
260598,1,1,0,0,0,0,0,0,0,0,0,0
260599,0,1,0,0,0,0,0,0,0,0,0,20
260599,0,2,0,0,0,0,0,0,0,0,0,0
260599,1,1,0,0,16,0,0,0,0,0,0,0
260600,1,1,0,0,0,0,0,0,0,0,0,0
260600,2,1,0,0,0,0,0,0,0,0,0,0
260601,1,1,0,0,14,0,14,9,0,0,0,0
260602,0,1,0,0,0,0,0,0,7,0,0,0
260602,1,1,0,21,10,14,21,7,0,0,0,0
260603,1,1,0,0,0,0,0,0,0,0,0,0
260603,2,1,0,0,0,0,0,0,0,0,0,0
260604,0,1,0,28,0,0,32,0,46,7,0,0
260604,1,1,0,11,0,37,7,0,0,13,0,0
260605,0,1,0,7,0,0,19,0,0,0,0,0
260605,1,1,10,10,10,10,10,10,10,10,10,10
260606,1,1,32,32,32,32,32,32,32,32,32,32
260607,1,1,34,34,34,34,34,34,34,34,34,34
260608,1,1,14,14,14,14,14,14,14,14,14,14
260609,1,1,0,0,0,0,0,0,0,0,0,0
260609,2,1,0,0,0,0,0,0,0,0,0,0
260610,1,1,18,18,18,18,18,18,18,18,18,18
260610,2,1,0,0,0,0,0,0,0,0,0,0
260611,0,1,0,0,0,0,0,0,0,0,0,0
260611,1,1,0,0,0,0,0,0,0,0,0,0
260612,0,1,0,0,0,0,0,0,0,0,0,0
260612,1,1,0,0,0,0,0,0,0,0,0,0
260613,1,1,0,0,0,0,0,0,0,0,0,0
260613,2,1,0,0,0,0,0,0,0,0,0,0
260614,0,1,24,24,24,24,24,24,24,24,24,24
260614,1,1,0,0,0,0,0,0,0,0,0,0
260615,1,1,0,0,0,0,0,0,0,0,0,0
260616,1,1,9,9,9,9,9,9,9,9,9,9
260616,2,1,18,0,0,0,13,0,0,0,0,0
260617,1,1,0,0,0,0,0,0,0,0,0,0
260618,1,1,0,0,0,0,0,0,0,0,0,0
260619,1,1,15,15,15,15,15,15,15,15,15,15
260619,2,1,0,0,0,0,0,0,0,0,0,0
260620,0,1,0,0,0,0,0,0,0,0,0,0
260620,1,1,0,0,0,0,0,0,0,0,0,0
260621,1,1,0,0,0,0,0,0,0,0,0,0
260622,1,1,11,22,22,18,9,34,14,27,31,18
260623,0,1,16,24,36,25,11,18,22,18,33,0
260623,1,1,2,2,2,2,2,2,2,2,2,2
260624,1,1,17,17,17,17,17,17,17,17,17,17
260625,1,1,10,10,10,10,10,10,10,10,10,10
260626,0,1,7,28,32,7,44,15,9,17,20,34
260626,1,1,0,0,0,0,0,0,0,0,0,0
260627,1,1,21,26,12,8,34,18,0,6,21,4
260628,1,1,13,0,0,0,8,0,0,10,0,0
260629,1,1,16,16,16,16,16,16,16,16,16,16
260629,2,1,3,0,14,0,0,0,0,0,0,0
260630,1,1,0,0,0,3,0,0,0,0,0,0
260630,2,1,7,0,0,0,0,0,12,0,0,0
260631,1,1,0,0,0,0,0,0,0,0,0,0
260631,2,1,0,0,0,0,15,0,0,0,0,0
260632,1,1,18,18,18,18,18,18,18,18,18,18
260633,1,1,0,0,0,0,0,0,0,0,0,0
260633,2,1,0,0,0,0,0,0,0,0,0,0
260634,1,1,0,0,0,0,0,0,0,0,0,0
260636,0,1,0,19,0,36,0,0,0,0,0,0
260636,1,1,0,0,0,0,0,0,0,0,0,0
260637,1,1,11,0,0,0,14,0,0,0,0,0
260638,1,1,0,0,0,0,0,0,0,0,0,0
260639,1,1,0,0,0,0,0,0,0,0,0,0
260639,2,1,0,0,0,0,0,0,0,0,0,0
260640,1,1,0,0,0,0,0,0,13,0,13,0
260641,1,1,0,3,0,0,0,0,19,0,16,0
260642,0,1,0,0,0,0,0,0,0,0,0,17
260642,1,1,0,0,0,0,0,0,0,0,0,0
260643,1,1,0,0,0,0,0,0,0,0,0,0
260643,2,1,0,0,0,0,0,0,0,0,0,0
260644,1,1,12,13,12,17,18,37,18,26,20,9
260645,1,1,0,0,0,0,0,0,0,0,0,0
260645,2,1,0,0,17,0,0,0,0,0,0,0
260645,3,1,0,0,0,0,0,0,0,0,0,0
260645,4,1,0,0,0,0,0,0,0,0,0,0
260646,1,1,0,0,0,0,0,0,0,0,0,0
260647,0,1,0,0,0,0,0,0,0,0,0,0
260647,1,1,0,0,0,0,0,0,0,0,0,0
260648,1,1,9,9,9,9,9,9,9,9,9,9
260649,1,1,15,15,15,15,15,15,15,15,15,15
260650,0,1,0,5,0,0,49,0,0,0,0,0
260650,0,2,0,0,0,0,0,0,0,0,0,15
260650,1,1,0,0,0,0,0,0,0,0,0,0
260651,0,1,0,0,0,0,0,0,0,0,0,0
260651,1,1,0,0,0,0,0,0,0,0,0,0
260652,1,1,0,0,0,0,0,0,0,0,10,0
260652,2,1,0,0,11,0,0,0,0,0,0,22
260653,1,1,0,0,0,0,0,20,0,0,0,0
260654,0,1,0,0,13,0,38,0,0,0,0,22
260654,1,1,0,0,0,0,0,0,0,0,0,0
260655,0,1,0,0,10,0,0,0,0,0,0,0
260655,1,1,10,10,10,10,10,10,10,10,10,10
260656,0,1,0,0,0,0,0,0,0,0,0,0
260656,1,1,0,0,0,0,0,0,0,0,0,0
260657,1,1,16,0,0,0,0,0,0,0,0,0
260658,1,1,0,0,0,0,0,0,0,0,0,0
260658,2,1,0,31,0,0,0,0,20,0,0,0
260659,1,1,0,0,0,0,0,0,0,0,0,0
260660,1,1,11,11,11,11,11,11,11,11,11,11
260660,2,1,0,44,0,0,0,0,0,0,0,0
260661,1,1,0,0,0,0,0,0,0,0,0,0
260662,1,1,0,0,0,0,0,0,0,0,0,0
260663,1,1,0,0,0,16,0,0,13,0,0,0
260664,1,1,0,0,0,0,0,0,0,0,0,0
260664,2,1,0,0,0,0,0,0,0,0,0,0
260665,1,1,0,0,0,10,0,0,0,0,0,0
260666,1,1,0,0,0,0,0,0,0,0,0,0
260666,2,1,0,0,0,0,0,0,0,0,0,0
260667,1,1,0,0,0,0,0,0,0,0,0,0
260668,1,1,0,0,0,0,0,0,0,0,0,0
260669,0,1,0,0,0,0,0,0,0,0,0,0
260669,1,1,0,0,0,0,0,0,0,0,0,0
260670,1,1,21,21,21,21,21,21,21,21,21,21
260670,2,1,19,14,7,17,20,24,11,16,20,13
260671,1,1,0,0,0,0,0,0,0,0,0,0
260671,2,1,0,0,0,0,0,0,0,0,0,0
260672,1,1,24,24,24,24,24,24,24,24,24,24
260673,1,1,0,0,39,17,26,0,31,0,0,0
260674,1,1,0,0,0,0,0,0,0,0,0,0
260674,2,1,0,0,0,0,0,0,0,0,0,0
260675,1,1,10,11,14,24,34,31,11,22,8,9
260676,1,1,0,0,0,0,0,0,0,0,0,0
260677,1,1,0,0,0,0,0,0,0,0,0,0
260678,0,1,0,0,0,0,0,0,0,0,35,0
260678,1,1,0,14,0,0,0,0,0,0,0,0
260679,1,1,0,0,0,0,0,0,0,0,0,0
260679,2,1,0,0,0,0,0,0,0,0,0,3
260680,0,1,11,20,9,33,37,30,9,28,4,12
260680,1,1,0,0,0,0,0,0,0,0,0,0
260681,1,1,0,0,0,0,0,0,0,0,0,0
260681,2,1,15,15,15,15,15,15,15,15,15,15
260682,1,1,0,22,0,0,0,0,0,0,0,0
260682,2,1,0,0,0,0,0,0,0,0,0,0
260683,1,1,22,22,22,22,22,22,22,22,22,22
260684,1,1,17,17,17,17,17,17,17,17,17,17
260685,1,1,0,0,0,0,0,0,0,0,0,0
260685,2,1,0,0,0,0,0,0,0,0,0,0
260686,1,1,18,33,28,23,20,16,37,0,28,26
260687,1,1,0,0,0,0,0,0,0,0,0,0
260687,2,1,0,0,0,0,0,0,0,15,0,0
260687,3,1,0,0,0,0,15,0,0,0,0,0
260687,4,1,0,0,0,0,0,0,0,0,0,0
260687,5,1,0,0,0,0,0,0,0,0,18,0
260687,6,1,0,0,0,0,0,0,0,0,0,0
260688,0,1,0,0,15,0,0,0,0,0,26,22
260688,1,1,0,0,0,0,0,0,0,0,0,0
260689,1,1,12,0,0,0,2,0,0,0,0,0
260690,1,1,15,0,0,0,0,0,0,0,0,0
260690,2,1,0,0,0,0,0,0,0,0,0,0
260691,1,1,24,11,38,42,9,14,21,24,12,10
260692,1,1,0,0,0,0,18,0,0,0,0,0
260692,2,1,0,0,0,24,0,0,0,0,0,0
260693,1,1,0,0,0,0,0,20,0,0,0,0
260694,0,1,0,0,0,0,0,0,0,0,0,0
260694,1,1,0,0,0,0,0,0,0,0,0,0
260695,0,1,0,0,0,0,0,0,0,0,0,0
260695,1,1,0,0,17,8,0,0,0,0,23,0
260696,1,1,0,0,0,0,0,0,0,0,0,0
260696,2,1,0,0,0,0,0,0,0,0,0,0
260696,3,1,0,0,0,0,0,0,0,0,0,0
260697,0,1,0,0,0,0,0,0,13,0,0,0
260697,1,1,0,0,0,0,0,0,0,0,0,0
260698,0,1,24,0,7,27,0,0,0,0,0,0
260698,1,1,0,0,0,0,0,9,0,0,31,0
260699,1,1,0,0,0,0,0,0,0,0,0,0
260699,2,1,0,0,0,0,15,10,0,0,0,0
260700,1,1,20,20,20,20,20,20,20,20,20,20
260700,2,1,0,0,0,0,0,0,0,0,0,0
260701,1,1,0,10,0,0,0,0,0,0,0,0
260701,2,1,0,0,0,0,0,0,0,0,0,0
260702,1,1,16,0,0,34,0,0,0,0,0,7
260703,1,1,15,17,17,0,19,18,0,0,4,15
260703,2,1,0,0,0,0,0,0,0,0,0,0
260704,1,1,38,0,0,0,0,13,0,0,0,13
260705,1,1,16,16,16,16,16,16,16,16,16,16
260706,0,1,0,5,0,0,0,0,0,0,0,0