ST_CASE,VEH_NO,PER_NO,P1,P2,P3,P4,P5,P6,P7,P8,P9,P10
280267,2,1,19,19,19,19,19,19,19,19,19,19
280267,3,1,22,0,0,0,0,0,0,0,0,0
280268,0,1,22,0,0,26,0,15,34,7,0,2
280268,1,1,0,0,0,0,0,0,0,0,0,0
280268,2,1,0,0,0,0,0,0,0,10,0,0
280268,3,1,0,0,0,0,0,0,12,0,0,0
280268,4,1,10,25,0,4,0,18,8,14,0,15
280268,5,1,0,0,9,15,0,4,0,0,26,0
280269,1,1,0,0,0,0,0,0,0,0,0,0
280269,2,1,0,0,0,0,0,0,0,0,0,0
280270,1,1,0,0,0,0,0,0,0,0,0,0
280270,2,1,0,0,0,30,11,0,8,0,0,0
280271,1,1,0,0,0,0,26,0,0,0,0,0
280273,1,1,0,0,0,0,0,0,27,0,0,0
280273,2,1,0,0,0,0,0,0,0,0,0,0
280274,1,1,35,21,0,0,0,0,0,0,0,0
280275,1,1,0,0,0,0,0,0,0,0,0,0
280276,1,1,0,0,0,0,0,0,0,0,0,0
280276,2,1,0,0,0,0,0,0,0,0,0,0
280277,1,1,0,0,0,0,28,0,0,0,0,0
280278,1,1,3,0,0,0,0,0,20,0,0,0
280279,1,1,0,29,0,0,0,0,13,16,0,0
280280,1,1,0,0,0,0,23,0,0,20,0,0
280281,1,1,0,0,0,0,0,0,0,0,0,0
280282,0,1,7,5,21,27,36,22,0,18,12,30
280282,1,1,0,0,0,0,0,0,0,0,0,0
280283,1,1,0,0,0,0,0,0,0,0,0,0
280283,2,1,0,0,0,0,0,0,0,0,0,0
280285,1,1,0,0,0,0,0,0,0,0,0,0
280286,1,1,0,0,0,0,18,0,22,18,0,0
280287,1,1,0,0,0,0,0,0,0,0,0,0
280288,1,1,0,0,0,0,0,0,0,0,0,0
280289,1,1,0,0,0,0,0,0,0,0,0,0
280290,1,1,10,0,0,0,0,0,0,0,0,16
280291,1,1,30,21,21,19,18,14,0,20,9,36
280292,1,1,0,0,0,0,0,0,0,0,0,0
280292,2,1,0,0,0,0,0,0,0,0,0,0
280292,3,1,0,0,0,0,0,0,0,0,0,0
280293,1,1,22,22,22,22,22,22,22,22,22,22
280294,1,1,0,0,0,0,0,0,0,0,0,0
280295,0,1,17,17,17,17,17,17,17,17,17,17
280295,1,1,0,0,0,0,0,0,0,31,0,0
280296,1,1,0,0,13,0,0,0,0,0,0,0
280297,1,1,0,0,0,0,0,0,0,0,0,0
280298,1,1,0,0,0,0,0,0,0,0,0,0
280299,1,1,0,0,0,0,0,0,9,0,0,0
280299,2,1,0,24,0,0,0,0,0,11,0,0
280300,0,1,0,0,0,0,0,0,29,0,11,0
280300,1,1,3,9,11,17,13,10,9,23,11,8
280301,1,1,0,0,0,0,0,0,0,0,0,0
280301,2,1,0,0,0,0,0,0,0,0,0,0
280302,1,1,0,29,0,0,23,0,0,0,0,0
280303,1,1,0,0,0,0,0,0,0,0,0,0
280303,2,1,0,0,0,24,0,0,0,0,0,0
280304,1,1,0,0,0,0,0,0,0,0,0,0
280304,2,1,0,0,0,0,0,0,0,0,0,0
280304,3,1,0,0,0,0,0,0,0,0,0,0
280305,1,1,0,23,0,0,0,0,0,0,0,0
280305,2,1,0,0,0,0,0,0,0,0,0,0
280306,1,1,0,0,0,0,0,0,26,0,0,0
280306,2,1,0,0,0,0,0,0,0,0,0,0
280307,0,1,0,0,0,0,0,23,0,13,0,28
280307,1,1,0,0,0,0,0,0,0,0,26,0
280308,1,1,0,0,0,22,0,0,0,0,0,0
280309,1,1,0,18,0,4,12,16,27,28,27,16
280309,2,1,0,0,0,0,0,0,0,0,0,0
280310,0,1,11,13,0,0,0,0,0,0,0,0
280310,1,1,0,0,0,0,0,0,0,0,0,0
280311,1,1,0,0,0,0,0,0,0,0,0,0
280311,2,1,0,0,0,0,0,0,0,0,2,0
280312,1,1,13,0,16,4,18,17,0,8,13,11
280312,2,1,0,0,0,0,0,0,0,0,0,0
280313,1,1,0,0,14,0,0,0,0,0,0,0
280314,1,1,0,0,0,0,0,0,0,0,0,0
280314,2,1,0,14,0,0,0,0,0,0,0,0
280314,3,1,6,0,0,0,0,0,0,0,0,0
280315,1,1,0,0,0,0,0,0,0,0,0,0
280316,1,1,17,40,12,13,25,23,9,0,25,15
280317,1,1,0,0,0,0,27,0,0,0,0,0
280317,2,1,0,0,0,0,0,0,0,23,0,9
280318,0,1,16,16,16,16,16,16,16,16,16,16
280318,1,1,18,5,17,0,44,0,18,8,0,0
280319,1,1,18,18,18,18,18,18,18,18,18,18
280320,1,1,0,4,0,0,0,0,0,0,0,32
280321,1,1,0,0,8,12,0,0,0,0,0,0
280322,1,1,0,0,0,0,0,0,0,0,0,0
280322,2,1,0,0,0,0,0,0,0,0,0,0
280323,0,1,0,0,0,0,0,0,0,0,0,0
280323,1,1,0,0,0,0,0,0,0,0,0,0
280324,1,1,0,0,0,0,0,0,0,0,0,0
280325,1,1,19,20,13,11,3,3,36,12,0,0
280326,1,1,0,0,0,0,0,0,0,0,0,0
280327,1,1,50,0,0,0,0,0,0,0,0,0
280328,1,1,0,0,0,0,0,0,0,0,0,0
280329,1,1,0,0,0,0,0,0,0,0,0,0
280330,1,1,4,0,19,20,7,0,0,7,0,0
280330,2,1,0,0,0,0,0,0,0,0,0,0
280331,1,1,0,0,0,0,0,0,0,0,0,0
280331,2,1,0,0,0,0,0,0,0,0,0,0
280332,1,1,0,0,0,0,0,0,0,0,0,0
280332,2,1,0,0,0,9,0,0,0,0,8,0
280333,0,1,0,20,0,0,0,0,0,0,19,0
280333,0,2,0,0,0,0,0,0,0,7,0,0
280333,1,1,0,0,14,0,0,0,12,0,0,0
280334,1,1,0,0,0,0,9,11,0,0,0,9
280334,2,1,0,18,10,7,0,32,0,0,0,0
280335,0,1,15,15,15,15,15,15,15,15,15,15
280335,2,1,0,0,0,0,0,0,0,0,0,0
280336,0,1,24,0,0,9,0,0,0,21,0,23
280336,1,1,0,0,0,0,0,0,0,16,0,0
280337,1,1,12,3,18,16,0,23,14,40,14,6
280338,1,1,0,0,0,7,0,0,0,0,0,0
280339,1,1,0,0,0,0,0,0,0,0,0,0
280339,2,1,0,0,0,0,0,0,0,0,0,0
280340,1,1,14,7,23,17,20,16,22,31,26,6
280341,1,1,0,0,0,0,0,0,0,0,0,0
280342,1,1,0,35,0,21,0,0,0,0,0,0
280343,0,1,15,17,24,0,0,0,0,14,8,22
280343,1,1,0,0,0,0,0,0,0,0,0,0
280344,1,1,0,0,0,0,17,0,0,0,0,0
280345,1,1,0,11,0,0,0,0,0,0,0,0
280346,1,1,0,0,0,0,0,0,0,0,0,0
280347,0,1,0,0,0,0,0,28,0,0,0,2
280347,1,1,0,0,0,0,0,0,0,0,0,0
280348,1,1,0,0,0,0,0,0,0,0,0,0
280348,2,1,0,0,0,0,0,0,0,0,0,0
280349,1,1,0,0,0,0,0,0,0,0,0,0
280349,2,1,0,0,0,0,0,0,0,0,13,0
280350,1,1,0,0,0,0,0,0,0,0,0,0
280350,2,1,0,0,0,0,0,0,0,0,0,0
280351,1,1,22,0,0,0,0,0,0,0,0,0
280351,2,1,0,0,0,0,0,0,0,0,0,0
280352,1,1,12,22,18,5,37,9,11,25,11,21
280353,1,1,0,0,0,0,0,0,0,0,0,0
280354,1,1,0,0,0,0,0,0,0,0,0,0
280355,1,1,0,0,0,0,0,0,0,0,0,0
280356,1,1,0,0,0,0,0,0,0,0,0,0
280356,2,1,0,0,0,0,0,0,0,0,0,0
280357,1,1,25,21,17,22,26,0,15,29,15,20
280357,2,1,0,0,0,0,0,0,0,0,0,0
280358,1,1,0,0,0,0,0,0,15,0,0,0
280359,1,1,0,0,0,0,0,0,0,0,0,0
280359,2,1,0,0,0,0,0,0,0,0,0,0
280360,1,1,7,11,20,22,18,10,26,15,44,11
280361,1,1,7,7,7,7,7,7,7,7,7,7
280361,2,1,0,0,0,0,0,0,0,0,0,0
280362,0,1,0,12,25,29,34,6,20,22,0,14
280362,1,1,0,21,0,0,0,26,0,0,0,21
280363,1,1,0,0,0,0,0,0,0,0,0,0
280363,2,1,12,12,12,12,12,12,12,12,12,12
280364,1,1,0,0,0,0,0,0,0,0,0,0
280364,2,1,0,0,0,0,0,0,0,0,7,0
280365,1,1,0,0,0,0,0,0,0,0,0,0
280365,2,1,0,0,0,0,0,0,0,0,0,0
280366,1,1,0,0,0,0,0,0,0,0,0,0
280367,1,1,0,0,0,0,0,0,0,0,0,0
280367,2,1,25,8,10,0,15,22,0,9,0,0
280368,1,1,8,27,11,27,14,29,16,8,11,20
280369,1,1,26,0,0,0,0,0,0,0,0,21
280370,1,1,0,0,0,0,0,12,19,0,0,0
280370,2,1,0,0,0,0,0,0,0,0,0,0
280371,1,1,24,3,12,25,25,0,33,0,27,17
280371,2,1,0,0,0,0,0,0,0,0,0,12
280372,1,1,0,0,0,0,0,0,18,0,0,0
280373,0,1,18,7,11,32,9,7,19,0,0,0
280373,1,1,0,0,0,0,0,0,0,0,0,0
280374,1,1,0,0,0,0,7,0,16,5,0,0
280375,1,1,16,25,21,31,24,18,20,27,12,24
280376,1,1,19,3,10,33,30,8,18,0,2,21
280377,1,1,0,0,0,0,0,0,0,0,0,0
280377,2,1,0,0,0,0,0,0,0,0,0,0
280378,1,1,0,0,0,0,0,0,0,0,0,0
280379,1,1,18,0,22,9,6,18,19,23,0,29
280380,1,1,0,0,0,0,0,0,0,0,0,0
280381,1,1,0,0,20,0,0,27,0,0,0,0
280382,1,1,0,0,0,0,0,0,0,0,0,0
280382,2,1,0,0,0,0,0,22,0,0,0,0
280383,1,1,0,0,0,0,0,0,0,0,0,0
280383,2,1,17,0,0,0,0,0,0,0,0,0
280384,1,1,0,0,0,0,0,0,0,0,0,0
280384,2,1,0,14,0,0,0,0,13,17,0,0
280385,1,1,0,0,0,0,0,0,0,27,0,0
280385,2,1,0,12,0,0,8,0,0,0,0,0
280386,1,1,0,0,0,0,0,0,0,0,0,7
280387,1,1,0,0,0,0,0,0,0,0,0,0
280387,2,1,8,0,0,0,5,0,0,0,0,0
280388,1,1,0,0,0,17,0,0,20,0,0,0
280389,1,1,0,0,0,0,0,0,0,0,0,0
280389,2,1,0,0,0,0,0,0,0,0,0,0
280390,0,1,0,0,0,0,0,0,27,0,27,28
280390,1,1,0,0,0,0,25,0,0,0,0,0
280391,1,1,0,0,0,0,0,0,0,0,0,0
280391,2,1,18,5,17,25,0,21,29,20,24,14
280392,1,1,44,0,0,0,16,0,16,0,0,0
280393,1,1,14,8,0,0,0,0,0,0,0,0
280394,0,1,0,0,0,0,0,0,0,0,0,0
280394,1,1,0,0,0,0,0,0,0,0,10,0
280395,1,1,0,0,0,0,0,0,0,0,0,15
280396,1,1,0,0,0,0,0,4,0,0,0,0
280396,2,1,29,29,29,29,29,29,29,29,29,29
280397,1,1,0,0,0,0,0,0,0,7,0,0
280397,2,1,0,0,0,0,0,0,0,0,0,4
280398,1,1,0,0,0,0,0,0,0,0,0,0
280398,2,1,0,0,0,0,0,0,0,0,0,0
280399,1,1,0,0,0,0,0,0,0,0,0,0
280399,2,1,0,0,0,13,0,0,0,0,0,0
280400,1,1,0,0,0,0,0,0,0,0,0,0
280400,2,1,8,0,0,0,0,0,0,0,0,0
280401,1,1,0,0,6,0,0,0,0,0,0,0
280402,1,1,0,0,0,0,0,18,19,0,0,23
280403,1,1,0,0,0,0,0,0,0,5,0,0
280404,0,1,0,0,0,0,0,0,0,0,0,0
280404,1,1,0,0,0,0,0,0,0,0,0,0
280405,1,1,0,0,0,0,0,0,0,0,0,0
280405,2,1,0,0,0,0,0,0,0,0,0,0
280405,3,1,0,0,0,0,0,0,0,0,0,0
280406,1,1,0,0,18,0,0,0,0,0,0,16
280407,1,1,0,0,0,12,0,28,0,0,0,0
280408,0,1,12,12,12,12,12,12,12,12,12,12
280408,1,1,0,0,0,5,0,0,0,5,0,0
280409,1,1,0,0,0,0,12,0,0,0,0,0
280410,1,1,14,0,0,0,14,0,0,0,7,31
280411,1,1,0,0,3,0,0,0,0,0,0,0
280412,1,1,0,0,0,0,0,0,0,29,0,8
280413,1,1,0,4,0,0,0,0,0,0,0,0
280413,2,1,0,0,0,0,0,9,0,0,0,0
280414,1,1,11,0,0,0,0,0,0,0,0,0
280415,1,1,0,0,0,0,0,0,0,0,0,0
280415,2,1,0,0,0,0,0,0,0,0,0,0
280416,1,1,0,0,0,0,0,7,0,0,13,0
280417,1,1,0,0,0,0,0,0,12,0,0,0
280417,2,1,23,18,6,16,13,0,14,18,10,9
280418,1,1,20,35,10,10,9,23,33,26,14,3
280419,1,1,16,0,0,0,0,0,25,0,0,0
280420,1,1,0,0,0,0,0,0,0,0,0,0
280421,1,1,0,0,0,0,0,0,0,0,0,0
280421,2,1,21,22,15,4,0,8,12,0,5,7
280422,0,1,0,0,18,18,10,0,18,19,0,26
280422,0,2,0,0,0,0,0,0,0,0,0,0
280422,0,3,0,6,0,0,0,0,0,0,0,0
280422,1,1,24,13,12,10,14,12,9,19,23,0
280423,1,1,0,0,0,10,0,0,8,0,0,0
280423,2,1,0,0,0,0,0,0,0,18,0,0
280424,1,1,0,0,0,0,0,0,0,0,0,0
280424,2,1,0,0,0,0,0,0,0,0,0,0
280425,1,1,0,0,0,0,0,0,12,0,0,0
280425,2,1,0,0,0,0,0,0,0,0,0,0
280426,1,1,0,0,0,18,0,0,0,0,0,0
280426,2,1,0,0,12,0,0,26,0,0,0,0
280427,0,1,21,24,17,38,0,0,6,13,23,26
280427,1,1,0,10,0,0,0,0,0,0,0,0
280428,1,1,0,0,0,23,0,0,0,0,0,0
280429,1,1,0,0,0,0,0,0,0,0,0,0
280429,2,1,0,0,0,0,0,0,0,0,0,0
280430,1,1,0,0,0,13,0,0,0,0,0,18
280431,1,1,0,0,0,0,0,0,0,0,0,0
280431,2,1,0,0,12,0,0,0,0,0,0,9
280432,1,1,0,0,0,0,0,0,0,0,0,0
280432,2,1,0,0,0,0,0,0,0,0,0,0
280433,0,1,17,19,20,0,0,0,0,0,30,0
280433,1,1,13,0,26,0,0,0,0,0,7,0
280434,1,1,0,0,0,0,0,13,0,19,0,0
280435,1,1,15,15,15,15,15,15,15,15,15,15
280436,1,1,0,0,0,0,0,0,0,0,0,0
280436,2,1,0,0,0,0,0,16,0,0,0,0
280437,1,1,0,20,12,0,7,0,0,0,21,23
280438,1,1,0,7,0,0,15,0,0,0,0,25
280438,2,1,0,0,0,0,0,0,0,0,0,0
280439,1,1,6,0,0,0,29,0,16,2,0,0
280440,1,1,0,0,0,0,0,0,7,16,25,0
280441,1,1,0,0,0,0,0,0,0,0,0,0
280441,2,1,0,0,0,0,0,0,0,0,0,0
280442,1,1,0,0,0,0,0,0,0,0,0,0
280442,2,1,0,0,0,0,0,0,0,0,0,0
280442,3,1,0,0,2,0,0,0,0,0,0,0
280443,1,1,22,10,49,7,21,18,7,5,32,4
280444,1,1,0,0,0,0,0,0,0,0,0,0
280444,2,1,0,0,0,0,0,0,0,0,0,0
280445,1,1,11,3,27,25,27,9,10,11,17,33
280446,1,1,0,0,0,0,0,0,0,0,0,0
280446,2,1,0,0,0,0,0,0,0,0,0,0
280447,1,1,0,0,0,0,0,0,0,0,10,0
280447,2,1,0,0,0,0,0,0,0,0,0,0
280448,1,1,0,0,20,21,14,9,18,19,26,24
280448,2,1,0,0,0,0,0,0,13,0,0,0
280449,1,1,10,7,9,21,13,30,28,17,13,14
280450,1,1,0,0,0,0,0,0,0,0,0,0
280451,1,1,20,15,16,0,25,20,29,27,26,7
280452,1,1,0,7,0,0,0,0,0,24,0,8
280453,1,1,0,0,0,0,0,0,0,0,0,0
280453,2,1,0,0,0,0,0,0,0,0,0,0
280454,1,1,0,4,0,0,8,0,0,0,0,0
280454,2,1,0,0,0,0,0,0,0,0,0,0
280455,1,1,0,0,0,0,0,0,0,0,0,0
280455,2,1,0,0,0,0,0,0,0,0,0,0
280456,1,1,0,0,0,0,0,0,0,0,0,0
280456,2,1,0,0,0,0,0,0,0,0,0,0
280457,1,1,30,24,17,7,12,11,21,22,15,21
280458,1,1,0,0,0,0,0,0,0,0,0,0
280458,2,1,0,0,10,0,0,0,0,0,0,0
280459,1,1,23,20,26,8,0,0,0,19,12,17
280459,2,1,0,0,0,0,0,0,0,0,0,0
280460,0,1,0,0,19,28,17,0,0,7,37,0
280460,1,1,0,0,0,0,0,0,0,0,0,0
280461,1,1,33,0,0,0,0,0,0,0,0,0
280462,0,1,0,25,0,0,20,0,15,0,16,0
280462,1,1,0,0,0,0,0,0,15,0,0,0
280463,1,1,0,0,0,0,0,0,0,0,0,0
280464,0,1,19,0,0,28,29,0,22,0,0,16
280464,0,2,11,0,0,0,0,0,0,24,0,0
280464,1,1,14,14,14,14,14,14,14,14,14,14
280465,1,1,0,0,0,0,0,0,0,15,0,0
280466,1,1,0,0,0,0,0,0,0,0,0,0
280467,1,1,0,0,0,0,12,0,0,0,26,0
280468,1,1,0,0,0,0,0,17,0,0,0,0
280468,2,1,6,0,0,0,0,0,0,0,0,0
280469,0,1,0,11,0,13,38,24,14,0,18,22
280469,1,1,0,0,0,0,0,0,0,0,0,0
280470,1,1,0,0,0,0,0,0,0,0,0,0
280470,2,1,0,0,0,0,0,0,0,0,0,0
280471,1,1,0,12,0,0,12,0,0,0,0,0
280471,2,1,15,0,0,0,24,0,0,0,0,0
280472,0,1,0,0,0,0,0,0,0,0,0,0
280472,1,1,0,0,0,0,0,0,0,0,0,0
280473,1,1,0,0,0,0,0,0,0,0,0,0
280473,2,1,0,0,0,12,0,0,0,0,0,0
280474,1,1,0,8,0,0,0,0,0,0,18,16
280475,1,1,0,0,0,0,0,0,0,0,0,0
280475,2,1,0,0,0,0,0,0,0,0,0,0
280476,1,1,0,0,0,0,0,0,0,0,0,0
280476,2,1,0,0,0,0,0,0,0,0,0,0
280477,1,1,0,0,0,16,0,0,0,0,0,0
280478,0,1,0,0,0,0,0,0,0,0,0,0
280478,1,1,0,0,0,0,0,0,18,0,0,0
280479,1,1,0,0,0,0,0,0,0,0,0,0
280479,2,1,0,0,0,0,0,0,0,0,0,0
280480,1,1,0,0,0,0,0,0,0,37,0,9
280481,0,1,3,0,14,0,0,45,0,13,23,22
280481,1,1,0,0,0,15,11,0,18,0,0,17
280482,1,1,0,0,0,0,0,0,24,0,0,0
280483,1,1,0,18,24,0,0,0,0,0,0,12
280484,1,1,0,0,0,0,0,0,0,0,0,0
280484,2,1,0,0,0,0,0,0,0,0,0,0
280485,1,1,11,8,20,4,8,15,13,7,9,17
280486,1,1,0,0,0,0,0,0,0,0,0,0
280486,2,1,0,0,0,21,0,0,0,0,0,0
280487,0,1,0,0,0,0,0,0,0,0,0,17
280487,1,1,0,0,0,0,0,0,0,0,0,22
280488,1,1,16,23,21,26,14,35,12,21,26,11
280489,1,1,21,21,21,16,15,0,31,0,24,12
280490,1,1,0,0,0,0,0,0,0,0,0,0
280490,2,1,0,0,0,0,0,0,0,0,0,0
280491,0,1,0,0,0,0,18,0,0,0,0,0
280491,1,1,0,0,0,0,0,0,0,0,0,0
280492,1,1,31,8,0,0,0,30,0,0,0,0
280493,1,1,0,0,0,0,0,0,0,10,0,0
280494,1,1,3,17,16,29,15,0,27,0,10,11
280495,1,1,0,0,0,0,0,0,0,0,0,0
280495,2,1,0,0,18,0,0,0,0,0,0,0
280496,1,1,21,21,21,21,21,21,21,21,21,21
280496,2,1,1,1,1,1,1,1,1,1,1,1
280497,1,1,0,0,0,0,0,0,0,0,0,0
280497,2,1,0,0,0,0,0,0,0,0,0,0
280498,1,1,0,0,0,0,0,0,0,0,0,0
280499,1,1,0,0,0,0,0,0,0,37,0,0
280500,1,1,0,0,0,0,0,0,0,0,0,0
280500,2,1,0,0,0,0,0,0,0,0,0,0
280501,1,1,0,0,0,0,0,0,0,0,0,0
280501,2,1,24,0,0,0,0,0,0,0,0,15
280502,0,1,22,0,9,14,0,0,0,10,0,4
280502,1,1,0,0,0,0,0,0,15,0,0,0
280503,1,1,0,0,24,0,0,0,0,13,0,0
280504,1,1,0,0,0,0,20,0,0,0,0,0
280505,1,1,17,23,37,21,14,4,0,12,23,21
280505,2,1,0,0,0,0,0,0,0,0,0,0
280506,1,1,0,0,0,0,0,0,0,0,0,0
280507,0,1,31,15,5,0,0,0,0,0,0,12
280507,1,1,0,0,0,0,0,0,0,0,0,0
280508,1,1,0,0,0,0,0,0,0,0,0,0
280508,2,1,0,0,0,0,0,0,0,0,0,0
280508,3,1,0,0,0,0,0,0,0,0,0,0
280509,1,1,12,0,0,0,0,0,0,0,0,0
280510,1,1,0,0,0,0,0,0,0,0,0,0
280510,2,1,0,0,0,0,0,0,0,0,0,0
280511,1,1,15,27,0,0,0,0,0,0,0,0
280512,1,1,0,0,0,0,0,0,0,0,0,0
280512,2,1,0,0,0,0,0,0,0,0,0,0
280513,1,1,0,0,0,0,0,0,0,0,0,0
280513,2,1,0,0,0,0,0,0,0,0,0,0
280514,1,1,0,0,14,0,17,0,0,12,0,20
280515,1,1,0,0,0,0,0,12,0,0,0,0
280515,2,1,0,0,0,0,0,0,0,0,0,0
280516,1,1,0,0,0,0,0,0,0,0,20,0
280517,1,1,0,0,0,0,0,0,0,0,28,0
280517,2,1,0,0,0,0,0,0,0,0,0,0
280518,1,1,0,0,0,18,0,0,0,0,0,0
280520,1,1,0,16,0,0,0,16,7,0,7,8
280521,1,1,0,0,0,0,0,0,0,0,0,0
280521,2,1,0,0,0,0,0,0,0,0,0,0
280522,1,1,9,22,0,0,0,0,0,0,0,20
280522,2,1,0,0,8,0,0,10,0,0,0,0
280523,0,1,0,0,28,0,0,12,0,0,0,0
280523,1,1,0,0,0,0,0,0,0,0,0,0
280524,1,1,0,22,0,0,12,20,0,0,0,0
280525,1,1,0,4,0,0,0,0,0,0,0,0
280526,1,1,0,0,0,0,0,0,0,0,0,0
280527,1,1,0,0,7,0,22,0,0,0,0,20
280528,0,1,23,0,0,0,0,0,37,0,0,0
280528,1,1,0,0,0,0,0,0,0,0,0,0
280529,0,1,0,5,0,38,0,13,37,22,23,15
280529,1,1,0,0,0,0,0,0,0,0,20,0
280530,1,1,0,0,0,12,0,0,0,0,0,0
280530,2,1,0,0,0,0,0,0,0,0,0,0
280531,1,1,22,38,21,19,17,22,4,34,13,10
280532,1,1,30,0,0,0,0,0,32,0,3,0
280532,2,1,26,0,0,0,0,0,0,0,0,0
280533,1,1,0,0,0,10,9,0,0,0,0,0
280534,1,1,0,0,20,9,0,0,0,29,0,0
280535,1,1,0,0,0,12,0,0,0,0,0,0
280535,2,1,0,28,0,0,12,0,0,0,0,26
280536,1,1,0,0,0,0,0,0,0,0,0,17
280537,1,1,0,0,18,0,0,0,22,0,9,40
280537,2,1,0,0,0,0,0,0,0,0,0,0
280538,0,1,0,0,0,0,0,0,0,0,0,0
280538,1,1,0,0,0,0,0,0,0,0,0,0
280539,1,1,0,0,0,0,0,0,0,0,0,0
280539,2,1,0,0,0,0,0,0,0,0,0,0
280540,1,1,0,0,0,0,0,0,0,0,0,0
280540,2,1,0,0,0,0,0,0,0,0,0,0
280541,1,1,0,7,0,0,0,14,0,0,0,0
280542,1,1,0,0,0,0,0,0,0,0,0,0
280542,2,1,0,0,0,0,0,0,0,0,0,0
280544,1,1,0,0,0,0,0,0,0,0,0,0
280544,2,1,0,0,0,0,0,0,21,0,0,0
280545,1,1,0,0,0,0,0,0,28,0,0,0
280545,2,1,0,12,24,0,0,0,0,0,0,19
280546,1,1,0,0,0,0,0,0,0,0,0,0
280547,1,1,0,0,0,0,0,0,6,0,0,0
280548,0,1,16,20,16,10,26,20,13,16,31,26
280548,1,1,0,0,0,0,0,0,0,0,0,0
280548,2,1,0,0,0,0,0,0,0,0,0,0
280548,3,1,0,0,0,0,0,0,0,0,0,0
280549,1,1,0,10,0,0,0,0,0,21,15,12
280549,2,1,0,0,11,0,0,0,0,0,2,10
280550,1,1,0,0,0,0,0,0,0,0,0,0
280550,2,1,0,0,0,0,0,0,0,0,0,0
280551,1,1,0,0,0,0,16,13,0,0,0,22
280552,1,1,0,0,0,0,0,0,0,0,0,0
280552,2,1,0,0,0,0,0,0,0,0,0,0
280553,0,1,43,0,0,0,15,0,0,0,0,0
280553,1,1,9,0,0,0,0,0,0,0,0,0
280554,1,1,0,0,0,0,0,0,0,0,0,0
280554,2,1,0,0,0,0,0,0,0,0,0,0
280555,1,1,0,0,0,0,0,0,0,0,0,0
280555,2,1,0,0,0,0,0,0,0,0,0,0
280555,3,1,0,0,0,0,0,0,0,0,0,0
280556,1,1,0,0,0,16,0,0,19,0,0,11
280557,1,1,0,0,0,0,0,0,15,0,0,0
280558,0,1,0,0,0,0,0,0,0,0,0,0
280558,1,1,0,0,0,0,0,0,17,0,0,0
280559,1,1,0,0,0,0,10,0,0,0,0,0
280559,2,1,0,0,0,0,0,0,0,0,0,0
280560,0,1,9,7,11,17,13,10,10,12,19,7
280560,0,2,15,43,23,37,21,29,21,15,16,24
280560,1,1,0,0,0,0,0,0,0,0,0,0
280561,1,1,0,0,0,0,0,0,0,0,0,0
280562,1,1,0,0,0,0,0,0,0,0,10,0
280562,2,1,0,0,0,13,17,0,26,0,0,0
280562,3,1,0,0,0,0,0,0,0,0,0,0
280563,0,1,0,0,0,0,0,4,0,0,13,0
280563,1,1,0,14,0,9,0,0,0,0,0,0
280564,1,1,8,15,0,16,13,0,18,14,16,15
280565,1,1,11,0,0,0,0,0,0,0,0,0
280566,1,1,2,0,0,0,23,0,0,0,0,18
280566,2,1,26,7,27,11,16,19,2,17,0,16
280567,1,1,0,0,2,0,0,0,0,0,0,0
280567,2,1,0,0,0,15,0,0,0,19,0,0
280568,0,1,0,0,0,0,0,0,0,0,0,0
280568,1,1,6,0,0,0,0,0,0,0,0,0
280569,1,1,0,0,0,0,0,0,0,0,0,0
280569,2,1,0,0,0,5,0,0,0,0,0,0
280570,1,1,0,0,0,0,0,0,0,14,0,0
280571,1,1,0,0,0,0,0,0,0,0,0,0
280571,2,1,0,0,0,0,0,0,0,0,0,0
280572,1,1,0,0,0,0,0,0,0,0,0,0
280572,2,1,10,0,12,20,16,10,9,10,24,18
280573,1,1,0,9,0,0,9,0,0,0,0,0
280573,2,1,0,0,0,0,0,0,0,0,0,0
280574,1,1,0,0,0,0,0,0,0,0,0,0
280574,2,1,0,0,0,0,0,0,0,0,0,0
280575,0,1,0,0,0,0,0,0,0,0,0,0
280575,0,2,0,0,0,0,0,0,0,0,0,0
280575,0,3,0,0,0,0,0,0,0,0,0,0
280575,1,1,0,0,0,0,11,0,0,0,0,0
280576,1,1,0,0,0,0,0,0,0,0,0,0
280576,2,1,0,0,0,0,0,0,0,0,0,0
280577,1,1,0,0,0,0,0,0,11,0,0,0
280578,1,1,0,0,0,0,0,0,0,0,0,0
280578,2,1,0,0,0,0,0,0,0,0,0,0
280579,1,1,0,0,0,0,0,0,0,0,0,0
280579,2,1,0,0,0,0,0,0,0,0,0,0
280580,1,1,16,0,0,0,0,0,0,0,0,0
280580,2,1,0,0,0,0,0,0,0,0,0,0
280581,1,1,0,0,0,0,0,0,0,0,0,0
280581,2,1,0,0,0,0,0,0,0,0,0,0
280582,1,1,0,0,0,0,12,8,0,0,0,0
280582,2,1,0,0,0,0,13,0,0,0,0,0
280583,1,1,0,0,0,0,0,0,0,0,0,0
280584,1,1,17,27,16,11,19,14,29,15,0,14
280585,1,1,0,0,0,0,0,0,0,0,0,0
280585,2,1,0,0,0,0,0,0,0,0,0,0
280586,1,1,0,0,0,0,0,0,0,0,0,0
280586,2,1,17,0,0,0,0,0,0,0,0,0
280587,0,1,0,16,0,28,0,2,25,0,0,0
280587,1,1,0,18,0,0,0,0,0,0,0,0