ST_CASE,VEH_NO,PER_NO,P1,P2,P3,P4,P5,P6,P7,P8,P9,P10
310034,1,1,17,17,17,17,17,17,17,17,17,17
310035,1,1,0,0,0,0,0,0,0,0,0,0
310035,2,1,0,0,0,0,0,0,0,0,0,0
310036,1,1,0,0,0,23,4,6,0,0,4,0
310036,2,1,0,0,0,0,0,0,0,0,0,0
310037,1,1,30,30,30,30,30,30,30,30,30,30
310038,0,1,16,0,0,0,5,29,34,0,0,0
310038,1,1,0,0,0,0,0,0,0,0,0,0
310039,1,1,10,10,10,10,10,10,10,10,10,10
310040,1,1,0,0,0,0,0,0,0,0,0,0
310041,1,1,30,6,0,0,0,0,0,31,0,0
310042,1,1,0,0,0,0,0,0,0,0,0,0
310043,1,1,17,17,17,17,17,17,17,17,17,17
310045,1,1,0,0,0,0,0,0,0,0,0,0
310045,2,1,0,0,0,0,0,0,0,0,0,0
310046,1,1,0,0,0,0,0,0,0,0,0,0
310046,2,1,0,0,0,0,0,0,0,0,0,0
310047,1,1,0,0,0,0,0,0,0,0,0,0
310047,2,1,0,0,0,0,0,0,0,0,0,0
310048,1,1,0,0,0,0,0,0,0,0,0,0
310049,1,1,15,15,15,15,15,15,15,15,15,15
310050,1,1,5,5,5,5,5,5,5,5,5,5
310051,1,1,0,0,0,0,0,0,0,0,0,0
310052,1,1,0,0,0,0,0,0,0,0,0,0
310053,1,1,0,0,0,0,0,0,0,0,0,0
310053,2,1,0,0,0,0,0,0,0,0,0,0
310054,1,1,0,0,0,0,0,0,0,0,0,0
310055,1,1,0,0,0,0,0,0,0,0,0,0
310055,2,1,0,0,0,0,0,0,0,0,0,0
310056,1,1,0,0,0,0,0,0,0,0,0,0
310056,2,1,0,0,0,0,0,0,0,0,0,0
310057,1,1,0,0,0,0,0,0,0,0,0,0
310058,1,1,0,0,0,3,0,0,9,0,26,0
310059,1,1,24,24,24,24,24,24,24,24,24,24
310060,0,1,0,32,30,24,10,0,18,17,10,4
310060,1,1,11,6,0,0,0,0,0,0,0,0
310061,0,1,0,0,0,0,0,0,0,0,0,0
310061,0,2,0,0,0,0,0,0,0,0,0,0
310061,1,1,0,0,0,0,0,0,0,0,0,0
310062,1,1,0,0,0,0,0,0,0,0,0,0
310063,1,1,0,0,0,0,0,0,0,0,0,0
310064,1,1,0,0,0,0,0,0,0,0,0,0
310065,1,1,0,0,0,0,0,0,0,0,0,0
310065,2,1,0,0,0,0,0,0,0,0,0,0
310066,1,1,0,0,0,0,0,0,0,0,0,0
310066,2,1,0,0,0,0,0,0,0,0,0,0
310067,1,1,0,0,0,0,0,0,0,0,0,0
310068,1,1,25,25,25,25,25,25,25,25,25,25
310069,1,1,0,0,0,0,0,0,0,0,0,0
310069,2,1,7,7,7,7,7,7,7,7,7,7
310070,1,1,0,0,0,0,0,0,0,0,0,0
310070,2,1,35,35,35,35,35,35,35,35,35,35
310071,1,1,0,0,0,0,0,0,0,0,0,0
310072,1,1,0,0,0,0,0,0,0,0,0,0
310072,2,1,0,0,0,0,0,0,0,0,0,0
310073,1,1,0,0,0,0,0,0,0,0,0,0
310074,1,1,13,13,13,13,13,13,13,13,13,13
310074,2,1,0,0,0,0,0,0,0,0,0,0
310074,3,1,0,0,0,0,0,0,0,0,0,0
310075,1,1,0,0,0,0,0,0,0,0,0,0
310076,1,1,15,15,15,15,15,15,15,15,15,15
310077,1,1,0,0,0,0,0,0,0,0,0,0
310077,2,1,0,0,0,0,0,0,0,0,0,0
310078,1,1,0,0,0,0,0,0,0,0,0,0
310078,2,1,0,0,0,0,0,0,0,0,0,0
310079,1,1,26,26,26,26,26,26,26,26,26,26
310080,1,1,21,21,21,21,21,21,21,21,21,21
310081,0,1,32,30,0,10,23,0,0,17,0,0
310081,1,1,0,0,0,0,0,0,0,0,0,0
310081,2,1,0,0,0,0,0,0,0,0,0,0
310082,0,1,35,0,0,0,0,0,0,0,0,23
310082,0,2,0,0,0,25,0,0,0,11,0,0
310082,1,1,0,0,7,10,0,0,0,25,0,0
310082,2,1,30,0,0,0,0,20,0,12,21,0
310083,1,1,9,0,0,0,0,0,0,0,0,0
310083,2,1,0,0,0,0,0,0,0,0,0,0
310083,3,1,13,12,0,0,0,0,0,0,0,0
310084,1,1,0,0,0,0,0,0,0,0,0,0
310084,2,1,0,0,0,0,0,0,0,0,0,0
310085,1,1,18,18,18,18,18,18,18,18,18,18
310086,1,1,0,0,0,0,0,0,0,0,0,0
310086,2,1,0,0,0,0,0,0,0,0,0,0
310087,1,1,20,20,20,20,20,20,20,20,20,20
310087,2,1,16,16,16,16,16,16,16,16,16,16
310088,1,1,23,18,5,10,14,15,7,14,21,29
310089,0,1,0,26,0,0,0,41,7,0,0,0
310089,1,1,0,0,22,20,0,23,0,14,20,16
310090,1,1,0,0,0,0,13,0,37,18,0,0
310091,1,1,0,0,0,0,0,0,0,0,0,0
310092,1,1,0,0,0,0,0,0,0,0,0,0
310092,2,1,0,0,0,0,19,0,0,0,0,0
310093,1,1,0,0,0,0,0,0,0,0,0,0
310094,1,1,0,0,0,0,0,0,0,0,0,0
310095,1,1,0,0,0,0,0,0,0,0,0,0
310095,2,1,0,0,0,0,0,0,0,0,0,0
310096,1,1,9,9,9,9,9,9,9,9,9,9
310096,2,1,0,0,0,0,0,0,0,0,0,0
310096,3,1,0,0,0,0,0,0,0,0,0,0
310097,1,1,23,23,23,23,23,23,23,23,23,23
310098,1,1,0,26,14,14,23,19,14,23,5,3
310099,0,1,0,0,23,0,28,0,0,5,0,0
310099,1,1,12,5,0,12,7,0,25,0,7,6
310100,1,1,24,24,24,24,24,24,24,24,24,24
310101,1,1,0,0,0,0,0,0,0,0,0,0
310101,2,1,0,0,0,0,0,0,0,0,0,0
310102,1,1,0,0,0,0,0,0,0,0,0,0
310102,2,1,6,5,0,28,0,0,5,0,0,0
310103,1,1,13,13,13,13,13,13,13,13,13,13
310104,1,1,22,22,22,22,22,22,22,22,22,22
310105,1,1,13,13,13,13,13,13,13,13,13,13
310106,1,1,0,11,22,10,0,3,8,29,0,0
310106,2,1,7,0,0,0,0,4,26,6,0,18
310107,1,1,0,0,0,0,0,0,0,0,0,0
310107,2,1,0,0,0,0,0,0,0,0,0,0
310108,1,1,0,0,0,0,0,0,0,0,0,0
310109,1,1,0,0,0,0,0,0,0,0,0,0
310109,2,1,0,0,0,0,0,0,0,0,0,0
310110,0,1,0,0,0,0,0,0,0,0,0,0
310110,1,1,0,0,0,0,0,0,0,0,0,0
310110,2,1,0,0,0,0,0,0,0,0,0,0
310111,0,1,0,0,0,0,0,0,0,0,0,0
310111,1,1,0,0,0,0,0,0,0,0,0,0
310112,0,1,0,0,0,0,0,0,0,0,0,0
310112,1,1,0,0,0,0,0,0,0,0,0,0
310113,1,1,0,0,0,0,0,0,0,0,0,0
310113,2,1,0,0,0,0,14,0,0,23,0,0
310114,1,1,0,0,0,0,0,0,0,0,0,0
310114,2,1,0,0,0,0,0,0,0,0,0,0
310115,1,1,0,13,17,12,12,2,2,6,26,7
310116,1,1,0,0,0,0,0,0,0,0,0,0
310117,1,1,3,3,0,0,9,0,6,8,2,12
310118,1,1,19,19,19,19,19,19,19,19,19,19
310119,1,1,26,26,26,26,26,26,26,26,26,26
310120,1,1,11,8,9,0,0,38,13,7,20,4
310121,1,1,0,0,0,0,0,0,0,0,0,0
310121,2,1,0,0,0,0,0,0,0,0,0,0
310122,1,1,13,13,13,13,13,13,13,13,13,13
310123,1,1,28,28,28,28,28,28,28,28,28,28
310124,1,1,11,11,11,11,11,11,11,11,11,11
310125,1,1,32,32,32,32,32,32,32,32,32,32
310126,1,1,13,28,0,20,0,12,15,0,0,0
310127,0,1,0,0,16,0,14,13,0,33,3,0
310127,1,1,0,0,0,0,0,0,0,0,0,0
310128,1,1,0,0,0,0,0,0,0,0,0,0
310128,2,1,0,0,0,0,0,0,0,0,0,0
310128,3,1,25,0,0,0,0,0,0,0,26,0
310129,1,1,0,0,0,0,0,0,0,5,0,0
310129,2,1,0,0,0,0,0,0,0,0,0,0
310130,1,1,21,21,21,21,21,21,21,21,21,21
310131,1,1,0,0,0,0,0,0,0,0,0,0
310131,2,1,0,0,0,0,0,0,0,0,0,0
310131,3,1,0,0,0,0,0,0,0,0,0,0
310132,1,1,0,0,0,0,0,0,0,0,0,0
310132,2,1,0,0,0,0,0,0,0,0,0,0
310133,1,1,0,0,0,0,0,0,0,0,0,0
310133,2,1,0,11,0,0,0,0,0,0,0,0
310134,1,1,0,0,0,0,0,0,0,0,0,0
310134,2,1,0,0,0,0,0,0,0,0,0,0
310135,1,1,45,45,45,45,45,45,45,45,45,45
310135,2,1,0,0,0,0,0,0,0,0,20,40
310136,1,1,0,0,0,0,0,0,0,0,0,0
310137,1,1,0,0,0,0,0,0,0,0,0,0
310137,2,1,0,0,0,0,0,0,0,0,0,0
310138,1,1,0,11,0,17,12,44,0,32,17,16
310139,0,1,0,0,0,0,28,0,0,0,0,0
310139,1,1,0,0,0,0,0,0,0,0,0,0
310140,1,1,0,0,0,0,0,0,0,0,11,0
310141,1,1,0,0,0,0,0,0,0,0,0,0
310141,2,1,0,0,0,0,0,0,0,0,0,0
310142,1,1,0,0,0,0,0,0,0,0,0,0
310142,2,1,0,0,0,0,0,0,0,0,0,0
310143,1,1,28,17,0,0,0,0,0,18,0,0
310143,2,1,0,0,0,0,0,0,0,0,0,0
310143,3,1,28,0,0,0,0,0,13,0,0,0
310144,1,1,0,0,0,0,0,0,0,0,0,0
310144,2,1,0,0,0,0,0,0,0,0,0,0
310144,3,1,0,0,0,0,0,0,0,0,0,0
310145,1,1,0,0,0,0,0,0,0,0,0,0
310145,2,1,0,0,0,7,0,0,0,0,0,0
310145,3,1,0,0,0,0,0,0,0,20,0,0
310146,0,1,0,0,0,0,0,0,0,0,0,25
310146,1,1,0,0,0,0,0,0,0,0,0,0
310147,1,1,0,0,0,0,0,0,0,0,0,0
310148,0,1,0,0,0,44,0,18,0,40,19,0
310148,1,1,32,0,21,4,30,23,0,0,8,0
310149,1,1,30,30,30,30,30,30,30,30,30,30
310150,1,1,8,8,8,8,8,8,8,8,8,8
310151,1,1,17,17,17,17,17,17,17,17,17,17
310152,0,1,0,0,0,21,0,0,32,0,0,13
310152,1,1,0,0,9,0,12,0,9,0,0,0
310153,1,1,21,21,21,21,21,21,21,21,21,21
310154,1,1,0,0,0,0,0,0,0,0,0,0
310154,2,1,0,0,0,0,0,0,0,0,0,0
310154,3,1,0,0,0,0,0,0,0,0,0,0
310155,1,1,17,17,17,17,17,17,17,17,17,17
310156,1,1,0,0,0,0,0,0,0,0,0,0
310156,2,1,0,0,0,0,0,0,0,0,0,0
310157,1,1,14,14,14,14,14,14,14,14,14,14
310157,2,1,0,0,0,0,0,0,0,0,0,0
310158,1,1,0,0,0,0,0,0,0,0,0,0
310158,2,1,0,0,0,0,0,0,0,0,0,0
310159,0,1,0,0,0,0,0,0,0,0,0,0
310159,1,1,0,0,0,0,0,0,0,0,0,0
310160,1,1,0,0,0,0,0,0,0,0,0,0
310160,2,1,0,0,0,0,0,0,0,0,0,0
310161,1,1,0,0,0,0,0,0,0,0,0,0
310161,2,1,0,0,0,0,0,0,0,0,0,0
310162,1,1,3,3,3,3,3,3,3,3,3,3
310162,2,1,9,9,9,9,9,9,9,9,9,9
310162,3,1,17,17,17,17,17,17,17,17,17,17
310163,1,1,0,0,0,0,0,0,0,0,0,0
310163,2,1,0,0,0,0,0,0,0,0,0,0
310164,1,1,0,0,0,0,0,0,0,0,0,0
310164,2,1,0,0,0,0,0,0,0,0,0,0
310164,3,1,0,0,0,0,0,0,0,0,0,0
310165,1,1,10,10,10,10,10,10,10,10,10,10
310165,2,1,0,0,0,0,0,0,0,0,0,0
310166,1,1,0,0,22,0,13,0,0,0,0,7
310166,2,1,0,0,0,0,0,0,0,0,0,0
310167,1,1,5,5,5,5,5,5,5,5,5,5
310167,2,1,0,0,0,0,0,0,0,0,0,0
310168,1,1,16,16,16,16,16,16,16,16,16,16
310168,2,1,0,0,0,0,0,0,0,0,0,0
310169,1,1,5,5,5,5,5,5,5,5,5,5
310169,2,1,0,0,0,0,0,0,0,0,0,0
310170,1,1,0,0,0,0,0,0,0,0,0,0
310171,1,1,0,13,0,0,0,0,0,0,0,0
310171,2,1,0,0,0,0,0,0,0,0,0,0
310172,1,1,0,0,0,0,0,0,0,0,0,0
310172,2,1,0,0,0,0,0,0,17,0,0,0
310173,1,1,0,0,0,0,0,0,0,0,0,0
310173,2,1,0,0,0,0,0,0,0,0,0,0
310174,1,1,0,0,0,0,0,0,0,0,0,0
310175,1,1,23,23,23,23,23,23,23,23,23,23
310176,1,1,9,0,0,0,15,0,0,0,12,0
310177,1,1,0,0,0,0,0,0,0,0,0,0
310178,1,1,0,0,0,0,0,0,0,0,0,0
310178,2,1,0,0,0,0,0,0,0,0,26,0
310179,1,1,0,0,0,0,0,0,0,0,0,0
310180,1,1,0,0,0,0,0,0,0,0,0,0
310180,2,1,0,0,0,0,0,0,0,0,0,0
310181,1,1,0,0,0,0,0,0,0,0,0,0
310181,2,1,0,0,0,0,0,0,0,0,0,0
310182,1,1,0,0,0,0,0,0,0,0,0,0
310183,1,1,0,0,0,0,0,0,0,0,0,0
310183,2,1,0,0,0,0,0,0,0,0,0,0
310184,1,1,10,10,10,10,10,10,10,10,10,10
310185,1,1,2,2,2,2,2,2,2,2,2,2
310185,2,1,0,0,0,0,0,0,0,0,0,0
310186,1,1,0,0,0,0,0,0,27,15,0,0
310186,2,1,0,0,0,0,0,0,0,0,0,0
310187,1,1,4,4,4,4,4,4,4,4,4,4
310188,1,1,0,0,0,0,0,0,0,0,0,0
310188,2,1,0,0,0,0,0,0,0,0,0,0
310189,1,1,22,22,22,22,22,22,22,22,22,22
310190,1,1,21,21,21,21,21,21,21,21,21,21
310191,1,1,14,14,14,14,14,14,14,14,14,14
310192,1,1,0,0,0,0,0,0,0,12,0,0
310193,1,1,0,0,0,0,0,0,0,0,0,0
310194,1,1,0,0,0,0,0,0,0,0,0,0
310194,2,1,0,0,0,14,0,0,0,0,0,0
310195,1,1,9,9,9,9,9,9,9,9,9,9
310195,2,1,0,0,0,0,0,0,0,0,0,0
310196,1,1,0,0,0,0,0,0,0,0,0,0
310196,2,1,0,0,0,0,0,0,0,0,0,0
310197,1,1,0,0,0,0,0,0,0,0,0,0
310198,1,1,3,3,3,3,3,3,3,3,3,3
310199,1,1,0,0,17,0,0,29,0,0,0,19
310200,1,1,10,10,10,10,10,10,10,10,10,10
310201,1,1,0,0,0,0,0,0,0,0,0,0
310202,1,1,0,0,0,0,0,0,0,0,0,0
310202,2,1,0,0,0,0,0,0,0,0,0,0
310203,1,1,0,0,0,0,0,0,0,0,0,0
310203,2,1,0,0,0,0,0,0,0,0,0,0
310204,1,1,0,0,0,8,0,0,0,0,0,0
310205,0,1,29,29,10,0,13,32,0,0,29,11
310205,1,1,0,0,0,0,0,0,0,20,0,0
310206,1,1,11,0,0,0,0,17,11,0,0,23
310207,1,1,0,0,0,0,0,0,0,0,22,23
310208,1,1,0,0,0,0,0,0,0,0,0,0
310208,2,1,0,0,0,0,0,0,0,0,0,0
310209,1,1,0,0,0,0,0,0,0,0,0,0
310209,2,1,0,0,0,0,0,0,0,0,0,0
310210,1,1,0,0,0,31,27,40,20,23,15,0
310211,1,1,0,11,10,14,0,31,10,19,15,0
310212,1,1,0,0,0,0,0,0,0,0,0,0
310212,2,1,0,0,0,0,0,0,0,0,0,0
310212,3,1,0,0,0,0,0,0,0,0,0,0
310213,1,1,0,0,0,0,0,0,0,0,0,0
310213,2,1,0,0,0,0,0,0,0,0,0,3
310214,1,1,31,31,31,31,31,31,31,31,31,31
310214,2,1,0,0,0,0,0,0,0,0,0,0
310215,1,1,0,0,0,0,0,0,0,0,0,0
310215,2,1,0,0,0,0,0,0,0,0,0,0
310216,1,1,0,0,0,0,0,0,0,0,0,0
310217,1,1,0,0,0,0,0,0,0,0,0,0
310218,1,1,0,0,0,0,0,0,0,0,0,0
320001,0,1,26,26,26,26,26,26,26,26,26,26
320001,1,1,0,0,0,15,0,0,13,6,28,7
320002,1,1,0,0,0,0,0,0,0,0,0,0
320002,2,1,0,0,0,0,0,0,0,0,0,0
320002,3,1,0,0,0,0,0,0,0,0,0,0
320003,0,1,31,31,31,31,31,31,31,31,31,31
320003,1,1,0,0,0,0,0,0,0,0,0,0
320004,1,1,0,0,0,0,0,0,0,0,0,0
320004,2,1,13,0,0,0,0,0,0,0,0,0
320005,1,1,19,19,19,19,19,19,19,19,19,19
320007,0,1,0,0,0,0,0,0,0,0,0,0
320007,1,1,0,0,0,0,0,0,0,0,0,0
320007,2,1,0,14,0,0,0,0,0,16,0,0
320008,1,1,0,21,0,0,3,0,0,0,0,23
320009,1,1,17,17,17,17,17,17,17,17,17,17
320010,0,1,0,0,0,0,0,0,0,0,0,0
320010,0,2,0,0,0,0,0,0,0,0,0,0
320010,1,1,0,0,0,0,0,0,0,0,0,0
320011,0,1,0,26,0,0,0,0,24,0,0,0
320011,1,1,32,32,32,32,32,32,32,32,32,32
320012,0,1,0,0,0,0,0,0,0,0,0,0
320012,1,1,0,0,0,12,0,0,0,0,17,0
320013,0,1,0,0,0,0,0,0,0,0,0,0
320013,1,1,23,15,6,0,0,16,0,0,0,14
320014,0,1,0,0,0,0,0,0,0,0,0,0
320014,1,1,0,0,0,0,0,0,0,0,0,0
320015,0,1,0,0,0,0,0,0,0,0,0,0
320015,1,1,0,0,0,0,0,0,0,0,0,0
320016,1,1,0,0,0,0,0,0,0,0,0,0
320016,2,1,0,0,0,0,0,0,0,0,0,0
320017,0,1,10,10,10,10,10,10,10,10,10,10
320017,1,1,10,12,0,11,0,12,27,0,0,0
320018,0,1,18,0,0,0,0,0,0,0,0,30
320018,1,1,0,0,0,0,0,0,0,0,0,0
320019,0,1,0,0,0,11,0,15,22,0,0,26
320019,1,1,0,0,0,0,0,0,0,0,0,0
320020,1,1,18,18,18,18,18,18,18,18,18,18
320020,2,1,0,0,0,0,0,0,0,0,0,0
320021,1,1,18,18,18,18,18,18,18,18,18,18
320021,2,1,0,0,0,0,0,0,0,0,0,0
320021,3,1,0,0,0,23,0,0,0,0,0,0
320022,0,1,2,2,2,2,2,2,2,2,2,2
320022,1,1,0,0,0,0,0,0,0,0,11,0
320023,0,1,0,0,0,0,0,0,0,0,0,0
320023,1,1,0,11,0,0,0,0,0,0,0,0
320024,1,1,0,0,0,0,0,0,0,0,0,0
320024,2,1,0,0,24,0,0,0,0,0,0,0
320025,1,1,0,0,0,0,0,2,0,0,0,0
320025,2,1,0,19,0,4,0,0,0,0,0,0
320026,1,1,7,7,7,7,7,7,7,7,7,7
320027,0,1,0,0,0,0,0,0,0,0,0,0
320027,1,1,0,0,0,0,0,0,0,0,0,0
320028,1,1,0,0,0,0,0,0,0,0,0,0
320029,1,1,0,7,19,28,24,16,4,11,18,16
320029,2,1,0,0,0,0,0,0,0,0,0,0
320030,1,1,6,6,6,6,6,6,6,6,6,6
320031,1,1,0,0,0,0,0,0,0,0,16,0
320031,2,1,0,0,0,0,0,0,0,0,0,0
320031,3,1,0,0,0,0,0,0,0,0,0,0
320031,4,1,0,0,0,0,0,0,0,0,0,0
320032,1,1,8,8,8,8,8,8,8,8,8,8
320032,2,1,20,20,20,20,20,20,20,20,20,20
320033,0,1,0,0,0,0,0,0,0,0,0,0
320033,1,1,0,0,0,0,0,0,0,0,0,0
320034,0,1,20,20,20,20,20,20,20,20,20,20
320034,0,2,0,0,0,27,0,0,9,23,0,36
320034,1,1,0,0,0,0,0,8,0,0,0,0
320035,1,1,0,0,0,15,0,0,0,0,0,0
320035,2,1,0,0,0,0,0,0,0,0,0,0
320036,0,1,0,0,0,0,0,0,0,0,0,0
320036,1,1,0,0,0,0,0,0,0,0,0,0
320037,0,1,0,0,0,0,0,0,0,0,0,0
320037,0,2,0,15,0,22,0,0,14,0,0,0
320037,1,1,0,0,0,0,0,0,0,0,0,0
320038,1,1,0,0,0,0,0,0,0,0,0,0
320039,0,1,0,0,0,18,0,12,0,25,0,0
320039,1,1,0,0,0,0,0,0,0,0,0,0
320040,1,1,19,19,19,19,19,19,19,19,19,19
320040,2,1,0,0,0,0,0,0,0,0,0,0
320041,1,1,0,0,0,0,0,0,0,0,0,0
320042,1,1,0,0,0,0,0,0,0,0,0,0
320042,2,1,0,0,0,0,0,0,0,0,0,0
320043,0,1,0,0,0,0,0,0,0,0,0,0
320043,1,1,0,0,0,0,0,0,0,0,0,0
320044,1,1,0,0,0,0,0,0,0,0,0,0
320044,2,1,0,0,0,0,0,0,0,0,0,0
320045,1,1,16,0,0,0,0,0,0,0,0,0
320045,2,1,0,0,0,0,0,0,0,0,0,0
320046,1,1,26,26,26,26,26,26,26,26,26,26
320047,1,1,0,0,0,0,0,0,0,0,0,0
320047,2,1,0,0,0,0,7,0,0,0,0,0
320048,1,1,16,16,16,16,16,16,16,16,16,16
320048,2,1,0,0,0,0,0,0,0,0,0,0
320049,1,1,0,0,0,0,0,0,0,0,0,0
320050,1,1,0,0,0,0,0,0,0,0,0,0
320050,2,1,0,0,0,0,0,0,9,0,0,0
320051,1,1,1,1,1,1,1,1,1,1,1,1
320051,2,1,0,0,0,0,0,0,0,0,0,0
320051,3,1,0,0,0,0,0,0,0,0,0,0
320051,4,1,0,0,0,0,0,0,0,0,0,0
320051,5,1,0,0,0,0,0,0,0,0,0,17
320051,6,1,0,0,13,0,0,0,0,0,0,0
320051,7,1,0,0,0,0,0,0,0,0,0,0
320051,8,1,0,0,0,0,0,0,18,0,0,0
320051,9,1,0,0,0,0,0,0,0,0,0,0
320051,10,1,10,0,0,0,0,0,0,0,0,0
320052,0,1,45,45,45,45,45,45,45,45,45,45
320052,1,1,0,0,0,0,0,0,0,0,0,0
320053,1,1,19,19,19,19,19,19,19,19,19,19
320053,2,1,0,0,0,0,0,0,0,0,0,0
320054,1,1,0,0,0,0,0,0,0,0,0,0
320054,2,1,0,0,0,0,0,8,0,0,0,0
320055,0,1,0,0,0,0,0,0,0,0,0,0
320055,1,1,0,0,13,0,6,0,0,0,0,0
320056,0,1,6,0,0,0,0,0,0,25,0,0
320056,1,1,0,0,0,10,0,0,0,0,0,0
320057,1,1,0,0,0,0,0,0,0,0,0,0
320057,2,1,0,0,15,0,0,0,0,0,4,0
320058,1,1,0,0,0,16,0,0,0,0,0,0
320058,2,1,0,0,35,0,0,0,0,0,0,0
320059,1,1,0,0,0,0,0,0,0,0,0,0
320059,2,1,4,9,6,9,16,14,0,9,13,6
320060,1,1,33,33,33,33,33,33,33,33,33,33
320061,1,1,0,0,0,0,0,0,0,0,0,0
320062,1,1,0,0,0,18,0,0,0,0,0,22
320063,1,1,0,0,0,0,0,0,0,0,0,0
320063,2,1,33,33,0,0,0,0,0,14,0,0
320064,1,1,0,0,0,0,0,0,0,0,0,10
320064,2,1,0,0,0,0,0,0,0,0,0,0
320065,0,1,14,0,0,0,0,0,13,33,0,0
320065,1,1,0,0,0,0,0,0,0,0,0,0
320066,0,1,0,0,0,0,0,0,0,0,0,0
320066,1,1,34,3,11,5,15,18,31,1,7,24
320067,1,1,0,0,0,0,0,0,0,0,0,0
320068,1,1,13,0,0,0,0,0,0,12,0,0
320069,1,1,0,0,0,0,0,0,0,0,0,0
320069,2,1,0,0,0,0,0,0,0,0,0,0
320070,1,1,17,17,17,17,17,17,17,17,17,17
320071,1,1,0,0,14,0,0,0,0,0,0,0
320072,0,1,16,16,16,16,16,16,16,16,16,16
320072,1,1,2,2,2,2,2,2,2,2,2,2
320073,1,1,0,0,0,0,0,0,0,0,0,0
320073,2,1,27,0,0,0,0,0,0,0,0,0
320074,1,1,0,0,0,0,0,0,0,0,0,0
320074,2,1,0,0,0,0,0,0,0,0,0,0
320075,1,1,0,6,0,0,0,0,0,0,0,0
320075,2,1,0,0,0,0,0,0,0,0,0,0
320076,1,1,0,0,0,0,0,0,0,0,0,0
320077,1,1,24,24,24,24,24,24,24,24,24,24
320078,1,1,0,0,20,0,0,0,0,0,0,0
320079,1,1,9,24,10,5,12,11,0,0,23,4
320079,2,1,0,0,0,0,0,0,0,0,0,0
320080,1,1,40,40,40,40,40,40,40,40,40,40
320081,1,1,0,0,0,0,0,0,0,0,0,0
320082,1,1,15,0,0,0,0,16,0,0,0,0
320083,1,1,0,32,0,0,0,0,0,0,0,33
320083,2,1,0,0,0,0,0,0,0,0,0,0
320084,1,1,24,27,11,28,20,11,15,9,8,17
320085,0,1,0,29,0,0,0,5,0,0,0,0
320085,1,1,0,0,0,0,0,0,0,0,0,0
320086,1,1,8,8,8,8,8,8,8,8,8,8
320087,1,1,28,28,28,28,28,28,28,28,28,28
320088,1,1,17,17,17,17,17,17,17,17,17,17
320089,1,1,0,0,0,0,0,0,0,0,0,0
320089,2,1,0,0,18,0,0,17,0,0,0,0
320090,1,1,0,12,0,11,0,0,12,0,0,0
320090,2,1,0,0,0,0,0,0,0,0,0,0
320091,1,1,0,0,0,0,0,0,0,0,0,0
320091,2,1,0,0,0,0,0,0,0,0,0,0
320092,0,1,14,14,14,14,14,14,14,14,14,14
320092,1,1,0,0,20,6,0,22,36,0,0,0
320093,1,1,0,0,0,0,0,0,0,0,0,0
320093,2,1,0,0,0,0,0,0,0,0,0,0
320095,1,1,0,0,0,0,0,0,0,0,0,0
320095,2,1,0,0,0,0,0,0,0,0,0,0
320096,1,1,15,18,0,0,0,0,24,0,0,0
320096,2,1,0,0,0,0,0,0,0,0,0,0
320096,3,1,0,0,0,0,0,0,0,0,0,0
320097,1,1,21,21,21,21,21,21,21,21,21,21
320097,2,1,17,0,0,0,0,0,0,0,8,0
320098,1,1,0,0,0,0,0,0,0,0,0,0
320099,1,1,0,0,5,19,0,0,0,0,0,0
320099,2,1,0,0,0,0,0,0,0,0,0,0
320100,1,1,0,0,0,0,0,0,0,0,0,0
320101,1,1,0,24,21,14,11,9,0,12,12,15
320102,1,1,0,0,0,0,0,14,0,0,0,0
320102,2,1,0,0,0,0,0,0,0,0,0,15
320103,1,1,12,0,0,0,0,0,16,0,21,0
320103,2,1,0,0,0,0,0,0,0,0,0,0
320104,1,1,10,10,10,10,10,10,10,10,10,10
320104,2,1,0,0,0,0,4,0,0,11,0,0
320105,1,1,13,13,13,13,13,13,13,13,13,13
320106,0,1,0,0,0,0,0,0,0,0,0,0
320106,1,1,0,0,0,0,0,0,0,0,0,0
320107,0,1,30,30,30,30,30,30,30,30,30,30
320107,1,1,0,0,0,0,0,0,0,0,0,0
320108,1,1,15,15,15,15,15,15,15,15,15,15
320108,2,1,27,17,0,0,11,0,0,0,0,13
320108,3,1,0,0,0,0,0,0,0,0,0,0
320109,0,1,0,0,7,0,4,12,0,6,0,0
320109,1,1,0,0,0,0,0,0,0,0,0,0
320110,0,1,0,0,0,32,14,0,0,21,17,0
320110,1,1,13,13,13,13,13,13,13,13,13,13
320111,1,1,17,17,17,17,17,17,17,17,17,17
320111,2,1,0,0,0,0,0,0,0,0,0,0
320111,4,1,0,0,0,0,9,0,0,0,0,0
320112,1,1,17,17,17,17,17,17,17,17,17,17
320113,0,1,22,22,22,22,22,22,22,22,22,22
320113,1,1,0,0,0,0,0,14,0,0,0,0
320114,1,1,3,3,3,3,3,3,3,3,3,3