ST_CASE,VEH_NO,PER_NO,P1,P2,P3,P4,P5,P6,P7,P8,P9,P10
360243,1,1,2,2,2,2,2,2,2,2,2,2
360243,2,1,0,9,0,0,0,0,0,0,0,0
360244,1,1,0,0,0,0,0,0,16,0,0,28
360244,2,1,0,0,0,0,0,0,0,0,0,0
360246,1,1,20,21,0,0,39,0,0,0,0,10
360246,2,1,0,40,14,0,0,0,0,0,0,0
360248,1,1,0,0,0,0,0,0,0,0,0,0
360249,0,1,0,0,0,0,0,0,0,0,0,0
360249,1,1,0,0,0,0,0,0,0,0,0,0
360250,1,1,0,0,0,0,1,0,0,0,0,0
360251,0,1,0,0,0,18,0,0,0,14,16,0
360251,1,1,6,0,0,0,11,7,10,0,0,0
360253,1,1,0,0,0,0,0,0,0,0,0,0
360253,2,1,0,0,0,0,0,0,0,4,21,0
360254,1,1,0,0,0,0,0,0,0,0,9,0
360254,2,1,0,8,0,0,0,15,2,0,16,0
360255,1,1,19,19,19,19,19,19,19,19,19,19
360256,1,1,0,0,0,0,0,0,0,0,0,0
360257,1,1,9,0,0,0,0,0,0,0,0,14
360257,2,1,0,0,0,17,0,18,17,0,0,0
360258,1,1,12,3,8,0,0,0,6,3,0,12
360259,0,1,0,0,0,0,0,0,0,0,0,0
360259,0,2,0,22,8,22,0,15,43,0,38,0
360259,1,1,10,10,10,10,10,10,10,10,10,10
360260,1,1,0,0,15,0,0,0,9,0,14,23
360260,2,1,0,0,0,0,0,0,0,0,39,0
360261,1,1,7,7,7,7,7,7,7,7,7,7
360262,1,1,24,24,24,24,24,24,24,24,24,24
360262,2,1,0,0,0,0,0,0,0,0,0,0
360263,1,1,34,34,34,34,34,34,34,34,34,34
360264,1,1,7,7,7,7,7,7,7,7,7,7
360265,1,1,0,0,0,0,0,0,0,0,0,0
360265,2,1,0,0,0,0,0,0,0,0,0,0
360266,1,1,11,11,11,11,11,11,11,11,11,11
360267,1,1,16,16,16,16,16,16,16,16,16,16
360268,1,1,0,0,0,8,0,0,0,0,0,0
360269,0,1,0,0,0,0,0,0,0,0,0,0
360269,1,1,0,0,0,11,0,0,31,0,0,0
360270,1,1,0,0,0,18,0,0,0,0,0,0
360270,2,1,0,0,0,0,0,0,0,0,0,0
360271,1,1,0,0,0,0,0,0,0,0,0,0
360272,1,1,0,0,0,0,0,0,0,0,0,0
360272,2,1,0,0,0,0,0,0,0,0,0,0
360273,1,1,0,0,0,0,0,0,0,0,0,0
360273,2,1,0,0,0,0,0,0,0,0,0,0
360274,1,1,14,14,14,14,14,14,14,14,14,14
360275,1,1,0,0,0,0,5,0,16,0,6,12
360275,2,1,22,0,0,0,0,0,0,0,0,0
360276,1,1,0,0,0,0,0,0,0,0,0,0
360277,1,1,0,0,0,0,0,0,0,0,0,0
360278,0,1,28,28,28,28,28,28,28,28,28,28
360278,1,1,0,0,0,0,0,7,0,0,0,0
360279,1,1,0,0,0,0,0,0,0,0,0,0
360279,2,1,0,0,0,0,0,0,0,0,0,0
360281,0,1,0,0,0,34,0,0,0,36,0,0
360281,1,1,0,0,0,0,0,0,0,0,0,0
360282,1,1,0,0,0,0,0,0,0,0,0,0
360282,2,1,0,0,0,0,0,0,0,0,0,0
360284,1,5,17,17,17,17,17,17,17,17,17,17
360285,1,1,0,0,0,0,0,0,0,0,0,0
360286,0,1,13,0,0,0,0,0,0,0,0,0
360286,1,1,0,0,0,0,0,0,0,0,0,0
360287,0,1,0,0,21,0,27,14,0,23,13,0
360287,1,1,0,0,0,0,0,0,0,0,0,0
360288,0,1,0,25,6,0,37,31,0,0,0,0
360288,0,2,0,23,20,0,0,0,0,0,0,0
360288,1,1,0,0,0,0,0,11,0,0,0,0
360289,1,1,0,0,12,0,16,13,0,0,14,0
360289,2,1,0,0,0,0,0,0,0,9,0,0
360290,1,1,0,31,0,0,0,0,0,0,0,0
360290,2,1,15,0,0,0,0,0,0,0,0,0
360291,1,1,0,0,0,0,0,0,0,0,0,0
360291,2,1,0,0,0,0,0,0,25,0,0,0
360292,0,1,18,18,18,18,18,18,18,18,18,18
360292,1,1,0,0,0,0,0,0,0,0,0,0
360293,1,1,0,0,0,0,0,0,0,0,0,0
360294,0,1,37,22,29,23,0,0,0,25,0,0
360294,0,2,28,0,18,0,14,9,0,0,0,30
360294,0,3,8,0,0,16,13,0,22,0,31,0
360294,1,1,0,0,0,0,0,0,0,0,0,0
360294,2,1,0,0,6,0,12,5,13,0,0,2
360294,4,1,0,0,0,0,0,15,18,0,0,0
360294,5,1,8,0,38,0,0,0,0,0,12,0
360295,1,1,9,9,9,9,9,9,9,9,9,9
360297,1,1,18,6,8,7,14,0,24,0,0,8
360297,2,1,0,0,0,0,0,0,0,0,0,4
360298,0,1,0,0,0,0,0,0,0,0,0,0
360298,1,1,0,0,0,0,0,0,0,0,0,0
360299,0,1,0,0,0,0,0,0,0,0,0,0
360299,1,1,0,0,0,0,0,0,0,0,0,0
360300,1,1,0,0,0,0,0,0,0,0,0,0
360300,2,1,0,9,0,0,0,0,0,20,0,0
360301,0,1,0,0,0,0,0,0,0,0,0,0
360301,1,1,0,0,0,0,0,0,0,0,0,0
360302,1,1,0,0,0,0,0,0,0,0,0,0
360302,2,1,0,0,0,0,0,0,0,0,0,0
360303,1,1,39,39,39,39,39,39,39,39,39,39
360303,2,1,0,0,0,0,14,0,0,0,0,23
360303,3,1,0,0,0,0,0,0,0,0,0,0
360304,1,1,5,5,5,5,5,5,5,5,5,5
360304,2,1,0,5,0,7,0,0,0,12,0,0
360305,0,1,4,4,4,4,4,4,4,4,4,4
360305,1,1,0,0,0,0,0,0,0,0,0,0
360306,0,1,36,36,36,36,36,36,36,36,36,36
360306,1,1,20,0,0,0,0,0,0,0,0,0
360307,1,1,0,0,0,0,0,0,0,0,0,0
360308,1,1,14,14,14,14,14,14,14,14,14,14
360308,2,1,0,0,0,0,0,0,0,0,0,0
360309,0,1,0,0,0,0,0,0,0,0,0,0
360309,1,1,0,0,20,0,8,0,0,0,0,0
360310,0,1,0,0,0,0,0,0,0,0,0,0
360310,1,1,0,0,0,0,0,0,0,0,0,0
360311,0,1,0,0,22,0,0,38,0,0,16,0
360311,1,1,8,0,0,0,0,15,17,0,0,18
360311,2,1,0,0,0,17,0,0,0,0,0,0
360312,1,1,0,0,0,0,0,0,0,0,0,0
360313,1,1,10,10,10,10,10,10,10,10,10,10
360314,0,1,16,16,16,16,16,16,16,16,16,16
360314,1,1,0,0,0,0,0,0,0,0,0,0
360315,1,1,0,0,0,0,0,0,0,0,0,0
360316,1,1,0,0,0,0,0,0,0,0,0,0
360316,2,1,0,0,0,0,0,0,0,0,0,0
360317,1,1,1,1,1,1,1,1,1,1,1,1
360317,2,1,0,0,0,12,0,0,0,0,0,0
360318,1,1,0,0,0,0,0,0,0,0,0,0
360318,2,1,0,0,0,0,7,0,0,0,0,0
360319,1,1,0,0,0,0,0,0,0,0,0,0
360320,1,1,0,0,0,0,0,0,0,0,0,0
360320,2,1,6,7,0,0,0,0,0,0,0,0
360321,1,1,0,4,0,0,0,5,0,0,4,0
360321,2,1,0,0,0,0,0,0,0,0,0,29
360321,3,1,0,0,0,0,0,0,0,0,0,0
360322,1,1,0,0,0,0,0,0,0,0,0,0
360323,0,1,0,0,0,0,0,0,0,0,0,0
360323,0,2,34,0,0,28,0,0,0,0,8,26
360323,0,3,4,0,16,23,0,0,33,0,18,0
360323,0,4,0,0,0,0,0,0,0,0,0,0
360323,1,1,0,19,0,0,0,0,23,0,0,0
360325,1,1,0,0,0,0,0,0,0,0,0,0
360326,1,1,0,0,0,17,0,0,0,0,0,0
360327,1,1,11,0,0,0,0,0,0,0,31,0
360327,2,1,0,0,14,0,16,17,0,0,0,21
360328,1,1,0,0,0,0,0,0,0,0,0,0
360328,2,1,0,0,0,0,0,0,0,0,0,0
360328,3,1,0,0,0,0,0,0,0,0,23,0
360329,1,1,29,29,29,29,29,29,29,29,29,29
360329,2,1,0,0,0,11,13,0,0,0,0,0
360330,1,1,16,16,16,16,16,16,16,16,16,16
360331,1,1,0,0,0,0,0,0,0,0,0,0
360331,2,1,0,0,0,0,0,0,0,14,0,0
360331,3,1,0,0,0,0,0,0,0,0,0,0
360331,4,1,0,0,0,13,0,0,0,0,0,0
360331,5,1,0,0,17,0,0,0,0,0,0,0
360332,0,1,9,9,9,9,9,9,9,9,9,9
360332,1,1,11,9,10,11,6,22,24,16,0,20
360333,1,1,0,0,0,0,0,0,0,10,0,12
360333,2,1,23,23,23,23,23,23,23,23,23,23
360334,1,1,0,0,0,0,0,0,0,0,0,0
360334,2,1,0,0,0,0,0,0,0,0,0,0
360335,1,1,0,0,0,0,0,0,0,0,0,0
360335,2,1,0,0,0,0,0,0,0,0,0,0
360335,3,1,0,0,0,0,0,35,0,0,0,0
360336,1,1,6,0,0,10,0,0,4,8,9,14
360336,2,1,0,0,0,0,0,0,0,0,0,0
360337,1,1,22,0,13,0,12,50,12,0,6,10
360338,0,1,1,1,1,1,1,1,1,1,1,1
360338,1,1,0,0,0,0,0,0,0,0,0,0
360339,1,1,0,7,0,0,0,0,0,0,0,0
360340,1,1,0,0,0,0,32,27,0,15,0,0
360341,0,1,0,0,0,0,0,0,0,0,0,0
360341,1,1,0,0,0,0,0,0,0,0,9,0
360342,1,1,0,0,0,0,0,0,0,0,0,0
360343,1,1,0,0,0,0,0,0,0,0,0,0
360345,1,1,0,0,0,0,0,0,0,0,0,0
360346,1,1,0,3,37,2,9,0,4,0,0,13
360347,0,1,17,17,17,17,17,17,17,17,17,17
360347,1,1,0,0,9,0,0,9,0,0,0,0
360348,1,1,1,1,1,1,1,1,1,1,1,1
360349,0,1,30,0,0,10,12,0,0,0,0,0
360349,1,1,0,0,0,0,0,0,0,0,0,16
360350,1,1,0,0,19,0,7,0,0,14,7,0
360350,2,1,0,0,7,0,0,0,0,0,0,0
360351,1,1,0,0,0,0,0,0,0,0,0,0
360351,2,1,0,0,0,0,0,0,0,0,0,0
360352,1,1,13,0,0,0,0,33,0,0,0,0
360352,2,1,0,13,0,0,0,0,0,0,0,10
360353,1,1,41,19,0,15,7,10,0,29,12,24
360353,2,1,0,22,19,7,13,0,0,7,0,8
360354,1,1,0,15,0,0,0,0,0,0,0,0
360354,2,1,0,0,0,0,0,0,0,0,0,0
360355,1,1,0,0,0,0,0,0,0,0,0,18
360355,2,1,0,0,0,0,0,0,0,0,0,0
360356,1,1,0,0,0,0,0,14,0,21,0,0
360356,2,1,0,0,0,0,0,0,0,0,0,0
360357,1,1,0,24,28,0,0,0,0,0,0,0
360357,2,1,0,0,0,0,0,0,0,0,0,0
360358,0,1,0,0,0,0,0,0,0,0,0,0
360358,1,1,0,15,0,12,14,0,0,0,0,0
360359,0,1,0,0,0,0,0,0,0,0,0,0
360359,1,1,0,0,0,0,0,0,0,0,0,0
360359,2,1,18,0,0,0,0,0,0,0,0,0
360360,0,1,18,0,23,0,50,21,0,12,0,0
360360,1,1,0,18,0,0,0,39,0,24,0,0
360360,2,1,0,0,0,0,0,0,0,0,0,0
360360,3,1,0,0,0,0,0,0,0,0,0,0
360361,0,1,0,0,12,0,0,0,0,0,0,25
360361,1,1,18,0,0,13,0,14,0,0,19,0
360362,0,1,0,0,0,0,0,0,0,0,0,0
360362,1,1,0,0,0,0,13,0,0,0,0,0
360363,0,1,0,23,0,43,19,0,24,16,28,22
360363,1,1,19,0,18,0,0,0,0,0,0,3
360364,0,1,44,0,0,0,13,0,0,10,0,0
360364,1,1,16,0,18,0,0,23,30,0,0,10
360365,1,1,0,0,0,0,0,0,0,0,6,0
360365,2,1,31,31,31,31,31,31,31,31,31,31
360366,1,1,0,0,0,0,0,0,0,0,0,0
360366,2,1,0,0,0,0,0,0,0,0,0,0
360367,1,1,0,5,0,0,0,0,16,0,0,0
360368,0,1,0,0,0,0,29,0,0,0,0,27
360368,0,2,0,0,0,0,0,0,0,0,0,0
360368,0,3,0,0,0,0,0,0,0,0,0,0
360368,0,4,0,0,0,0,0,0,0,0,0,0
360368,1,1,0,21,0,0,0,0,0,0,21,0
360369,1,1,0,12,34,44,0,0,0,0,21,11
360369,2,1,0,0,0,0,0,0,0,13,0,0
360370,1,1,0,0,0,0,0,0,0,0,0,0
360370,2,1,0,0,0,0,0,0,0,0,0,0
360371,0,1,28,28,28,28,28,28,28,28,28,28
360371,1,1,0,0,32,0,0,0,0,16,0,20
360372,1,1,15,20,14,18,13,19,13,23,14,17
360373,1,1,22,22,22,22,22,22,22,22,22,22
360374,1,1,0,0,0,0,0,0,0,0,0,0
360375,1,1,0,0,0,0,0,0,0,0,0,0
360376,1,1,0,0,0,0,0,0,0,0,36,0
360376,2,1,0,0,0,0,0,0,0,0,0,6
360377,1,1,20,0,0,7,0,17,0,0,0,11
360377,2,1,0,0,0,0,0,0,0,0,0,27
360378,1,1,12,12,12,12,12,12,12,12,12,12
360378,2,1,16,0,15,0,0,0,0,0,0,0
360379,1,1,0,15,0,9,0,0,4,0,13,0
360380,1,1,0,0,0,0,0,0,0,0,0,0
360380,2,1,0,0,0,0,0,0,20,0,0,0
360381,1,1,0,20,0,0,0,0,8,0,0,7
360382,1,1,16,16,16,16,16,16,16,16,16,16
360383,1,1,0,21,0,10,0,0,0,0,0,0
360384,0,1,45,45,45,45,45,45,45,45,45,45
360384,1,1,0,0,0,28,0,0,0,0,0,0
360384,2,1,11,0,0,3,15,16,0,20,0,0
360385,0,1,26,26,26,26,26,26,26,26,26,26
360385,1,1,0,0,0,0,0,0,0,0,0,0
360386,1,1,0,0,0,0,0,0,0,0,0,0
360386,2,1,0,0,0,0,0,0,0,0,0,0
360387,0,1,0,0,0,0,0,0,0,0,0,0
360387,1,1,16,9,3,8,0,0,0,6,0,0
360388,1,1,0,0,0,0,0,0,0,0,0,0
360388,2,1,0,0,0,0,0,0,0,0,0,0
360388,3,1,0,0,3,0,0,0,0,0,0,0
360388,4,1,0,6,0,0,0,0,0,0,3,0
360388,5,1,0,0,0,0,0,0,0,0,0,0
360388,6,1,0,0,0,0,0,0,2,0,0,0
360389,1,1,0,0,0,0,0,0,0,0,0,0
360389,2,1,0,0,0,0,0,0,0,0,0,0
360390,0,1,0,0,0,0,0,38,0,0,0,0
360390,1,1,0,0,0,0,0,0,0,0,19,0
360390,2,1,0,0,0,0,0,0,0,0,0,0
360391,1,1,6,6,6,6,6,6,6,6,6,6
360391,2,1,0,0,0,0,0,0,0,0,0,0
360393,0,1,0,0,0,0,9,0,14,0,0,0
360393,1,1,0,0,0,0,9,0,0,8,0,7
360394,0,1,0,0,0,0,0,0,0,0,0,0
360394,1,1,0,0,0,0,0,0,0,24,0,0
360395,1,1,0,0,0,0,0,0,0,0,0,0
360395,2,1,0,0,0,0,0,0,0,0,0,0
360395,3,1,0,17,0,0,0,0,0,0,10,14
360396,1,1,0,0,0,0,0,0,0,7,0,0
360396,2,1,0,0,8,22,19,0,0,21,13,0
360397,1,1,0,0,0,0,0,0,0,0,0,0
360398,1,1,0,0,0,0,0,0,0,0,0,0
360398,2,1,0,0,0,0,0,0,0,0,0,0
360399,1,1,0,0,0,0,0,12,0,0,0,0
360399,2,1,0,0,0,0,0,0,0,0,0,0
360399,3,1,0,0,0,0,0,0,0,0,0,0
360399,4,1,0,0,0,0,0,0,0,0,0,0
360400,1,1,0,0,0,0,0,0,0,0,0,0
360400,2,1,0,0,0,0,0,0,0,0,0,0
360401,1,1,5,5,5,5,5,5,5,5,5,5
360402,0,1,0,0,15,0,0,0,0,0,0,39
360402,1,1,0,0,0,0,0,0,0,0,0,0
360403,1,1,0,7,16,6,8,38,0,23,0,12
360403,2,1,7,0,0,0,0,0,10,0,0,0
360404,1,1,30,30,30,30,30,30,30,30,30,30
360404,2,1,0,0,0,28,0,0,0,13,0,0
360405,0,1,0,39,0,0,0,0,0,0,0,4
360405,1,1,0,0,0,0,0,10,0,0,0,0
360407,1,1,7,7,7,7,7,7,7,7,7,7
360408,1,1,0,0,0,0,18,0,0,0,0,0
360408,2,1,0,0,0,0,0,0,0,9,0,0
360408,3,1,0,0,0,0,0,0,0,0,0,0
360409,1,1,0,0,0,13,0,0,0,24,0,0
360409,2,1,0,0,0,0,0,0,0,0,0,0
360410,1,1,14,14,14,14,14,14,14,14,14,14
360411,0,1,37,37,37,37,37,37,37,37,37,37
360411,1,1,0,0,7,0,29,27,0,0,0,0
360412,0,1,15,15,15,15,15,15,15,15,15,15
360412,1,1,5,15,3,25,6,0,0,2,0,0
360413,0,1,0,0,0,0,0,0,0,0,0,0
360413,1,1,6,0,0,0,0,0,0,0,0,0
360414,1,1,0,0,0,0,0,0,0,0,0,0
360415,1,1,0,0,0,0,0,0,0,0,0,0
360415,2,1,0,0,0,0,0,0,0,0,0,0
360415,3,1,0,0,0,0,0,0,0,0,0,0
360416,1,1,0,0,0,0,0,0,0,0,0,0
360416,2,1,0,0,0,0,0,0,0,0,0,0
360417,0,1,0,0,0,0,0,0,0,0,0,0
360417,1,1,0,0,0,0,0,0,0,0,7,0
360418,1,1,20,0,16,5,35,28,19,17,18,18
360419,1,1,0,0,0,0,0,0,18,31,9,0
360419,2,1,0,0,0,0,0,0,0,0,0,0
360420,1,1,5,0,0,14,18,7,16,0,0,0
360420,2,1,0,0,0,0,0,0,0,0,0,0
360421,1,1,0,0,13,0,0,19,0,0,0,0
360421,2,1,18,0,11,23,0,0,0,0,19,0
360422,0,1,9,0,0,0,0,0,0,0,0,17
360422,1,1,0,0,0,0,0,0,0,0,0,0
360423,0,1,15,0,0,0,0,0,0,0,0,43
360423,1,1,0,0,0,0,0,0,0,0,0,47
360424,0,1,32,32,32,32,32,32,32,32,32,32
360424,1,1,0,0,0,0,0,13,0,0,0,0
360425,1,1,18,18,18,18,18,18,18,18,18,18
360426,0,1,15,15,15,15,15,15,15,15,15,15
360426,1,1,0,0,0,0,0,0,11,0,0,0
360427,0,1,0,0,0,0,0,0,0,0,0,0
360427,1,1,0,0,0,0,0,0,0,0,0,0
360428,1,1,0,0,0,0,0,0,0,0,0,0
360429,0,1,0,0,0,0,0,0,0,0,0,0
360429,2,1,0,0,0,0,0,0,0,0,0,0
360429,3,1,0,0,5,0,0,0,0,0,0,0
360429,4,1,0,0,0,0,0,0,19,0,0,0
360429,5,1,0,9,0,0,0,0,0,0,0,0
360430,1,1,0,0,0,0,22,15,0,0,0,7
360431,1,1,0,6,0,12,0,0,0,0,26,0
360431,2,1,4,4,4,4,4,4,4,4,4,4
360432,1,1,0,0,0,0,0,0,0,0,0,0
360432,2,1,0,0,0,0,0,0,0,0,0,0
360433,1,1,19,0,16,0,16,0,0,0,10,0
360433,2,1,0,0,0,0,0,0,0,0,0,0
360434,0,1,0,0,0,0,0,0,0,0,0,0
360434,1,1,0,0,0,0,0,0,0,0,0,0
360435,0,1,0,0,14,0,0,0,0,0,0,0
360435,1,1,0,0,0,0,0,0,0,0,0,0
360436,1,1,13,13,13,13,13,13,13,13,13,13
360437,0,1,27,27,27,27,27,27,27,27,27,27
360437,1,1,0,0,0,0,22,0,0,0,0,0
360437,2,1,15,0,0,0,0,0,24,15,0,13
360437,3,1,0,0,0,0,32,26,0,31,0,0
360438,1,1,11,0,4,7,0,0,0,0,0,27
360438,2,1,10,10,10,10,10,10,10,10,10,10
360439,0,1,0,0,0,0,0,0,0,0,0,0
360439,1,1,0,0,10,0,12,0,0,0,0,0
360440,0,1,15,15,15,15,15,15,15,15,15,15
360440,1,1,15,0,21,0,18,16,0,0,0,21
360440,2,1,0,0,0,0,0,0,0,0,0,0
360440,3,1,0,16,10,0,0,9,0,0,0,0
360441,1,1,0,0,0,0,0,0,0,0,0,0
360441,2,1,0,22,0,10,21,0,0,6,0,0
360442,0,1,0,0,0,0,0,0,0,0,0,0
360442,1,1,20,0,0,24,0,0,0,0,12,0
360443,1,1,0,0,0,0,0,0,0,0,0,0
360443,2,1,0,0,0,0,0,0,0,0,0,0
360444,1,1,17,17,17,17,17,17,17,17,17,17
360445,1,1,18,18,18,18,18,18,18,18,18,18
360446,0,1,21,0,0,0,0,0,0,0,0,0
360446,3,1,0,0,0,4,6,20,0,0,0,0
360447,0,1,20,20,20,20,20,20,20,20,20,20
360447,1,1,0,11,0,0,0,0,0,0,0,0
360448,0,1,41,41,41,41,41,41,41,41,41,41
360448,1,1,0,0,0,0,0,0,0,0,0,0
360449,1,1,0,0,0,0,0,0,0,0,0,0
360449,2,1,0,0,0,0,0,0,0,0,0,0
360450,1,1,0,0,0,0,0,0,0,0,0,0
360450,2,1,0,0,0,0,0,0,3,0,0,0
360450,3,1,9,0,5,0,8,26,0,0,0,8
360452,1,1,0,0,0,0,0,0,0,0,0,0
360452,2,1,0,0,0,0,0,9,0,0,0,0
360453,1,1,0,0,0,0,0,0,0,0,0,0
360454,1,1,18,18,18,18,18,18,18,18,18,18
360455,1,1,0,0,0,0,0,0,0,0,0,0
360455,2,1,0,0,0,0,0,0,10,0,0,0
360456,1,1,0,0,11,0,0,23,0,0,0,0
360457,1,1,0,0,0,0,0,0,0,0,0,0
360459,0,1,0,0,0,0,0,0,0,0,0,0
360459,1,1,0,0,0,0,0,0,3,0,0,11
360460,1,1,0,0,0,0,0,0,0,8,14,0
360461,0,1,20,20,20,20,20,20,20,20,20,20
360461,1,1,26,0,0,16,5,0,0,11,0,15
360462,0,1,0,0,0,0,0,0,0,0,0,0
360462,1,1,0,0,0,0,0,0,0,0,0,0
360463,1,1,0,13,0,3,11,0,0,0,6,14
360464,1,1,0,0,0,0,7,0,0,0,0,0
360464,2,1,22,22,22,22,22,22,22,22,22,22
360465,1,1,0,0,0,0,0,0,0,0,0,0
360466,1,1,0,0,0,0,0,4,13,0,0,0
360466,2,1,12,0,0,0,0,0,0,16,0,0
360467,1,1,9,9,9,9,9,9,9,9,9,9
360467,2,1,0,0,0,19,0,0,0,0,0,0
360468,1,1,0,0,0,0,0,0,0,0,0,0
360469,1,1,1,1,1,1,1,1,1,1,1,1
360470,1,1,0,0,0,0,0,0,0,0,0,0
360471,1,1,0,0,0,0,0,0,0,0,0,0
360472,1,1,0,12,0,0,0,0,0,0,0,0
360472,2,1,0,0,23,20,0,0,0,0,26,13
360472,3,1,6,9,18,0,0,0,0,3,12,0
360474,1,1,19,19,19,19,19,19,19,19,19,19
360476,1,1,6,0,0,0,0,0,19,0,11,0
360477,1,1,0,0,0,0,0,0,0,0,0,0
360478,1,1,7,7,7,7,7,7,7,7,7,7
360479,0,1,0,0,0,0,0,0,0,0,0,0
360479,1,1,0,0,1,0,0,0,17,0,0,0
360480,1,1,0,0,0,0,0,0,0,0,0,12
360480,2,1,0,0,18,21,0,0,0,0,0,0
360481,1,1,5,5,5,5,5,5,5,5,5,5
360482,1,1,0,0,0,0,0,0,0,0,0,0
360483,1,1,0,0,0,0,0,0,0,0,0,0
360484,1,1,24,0,0,0,8,0,9,0,0,0
360484,2,1,7,0,0,15,0,12,0,7,0,0
360486,0,1,30,11,0,19,0,0,0,0,0,0
360486,1,1,0,0,0,0,0,0,0,0,0,0
360487,0,1,0,9,4,0,17,0,0,35,0,0
360487,1,1,0,0,0,0,0,0,0,12,24,0
360488,1,1,13,13,13,13,13,13,13,13,13,13
360488,2,1,2,0,5,16,6,0,16,0,3,0
360489,1,1,0,0,0,0,0,0,0,0,0,0
360489,2,1,0,0,0,0,0,0,0,0,0,0
360490,1,1,0,0,0,0,0,0,0,0,0,0
360490,2,1,0,0,0,0,0,0,0,0,0,0
360491,1,1,0,0,0,0,0,0,0,0,0,0
360491,2,1,0,0,0,0,0,0,0,0,0,0
360492,1,1,0,0,0,0,0,0,0,0,0,0
360493,1,1,0,0,0,0,0,0,0,0,0,0
360493,2,1,0,0,0,0,0,0,0,0,0,0
360493,3,1,0,0,0,0,0,0,0,0,0,0
360494,1,1,0,0,0,0,0,0,0,0,0,0
360494,2,1,0,0,0,0,0,0,0,0,0,0
360495,1,1,5,5,5,5,5,5,5,5,5,5
360496,1,1,0,0,0,0,0,0,0,0,0,0
360497,0,1,0,0,0,0,0,0,0,0,0,0
360497,1,1,0,0,0,0,0,0,0,0,0,0
360498,1,1,0,0,0,0,0,0,0,0,0,0
360499,1,1,0,0,0,0,0,0,0,0,0,0
360500,1,1,0,0,0,0,0,0,0,0,0,0
360501,1,1,4,4,4,4,4,4,4,4,4,4
360502,1,1,32,18,14,15,29,12,18,22,36,34
360504,0,1,0,0,0,0,0,0,0,0,0,0
360504,1,1,0,0,0,0,0,0,0,0,0,0
360505,0,1,0,0,0,0,0,0,0,0,0,0
360505,1,1,0,0,0,0,0,0,0,0,0,0
360506,0,1,0,0,0,0,0,0,0,0,0,0
360506,1,1,0,0,0,0,0,0,0,0,0,0
360507,0,1,20,0,0,0,0,0,0,0,0,0
360507,1,1,0,0,0,0,0,0,0,9,0,0
360508,1,1,14,22,20,15,20,0,33,11,14,25
360509,1,1,0,0,0,0,0,0,0,0,0,0
360509,2,1,0,0,0,0,0,0,21,0,0,4
360509,3,1,29,22,0,0,0,0,0,0,0,0
360510,1,1,0,0,0,0,0,0,0,0,0,0
360511,1,1,0,0,0,0,0,0,0,0,0,0
360511,2,1,0,0,0,0,0,0,0,0,0,0
360512,0,1,27,27,27,27,27,27,27,27,27,27
360512,1,1,0,0,0,0,0,0,0,0,0,0
360513,0,1,0,0,0,0,0,0,0,0,0,29
360513,1,1,12,0,14,0,0,0,0,17,0,0
360514,0,1,0,0,0,0,0,0,0,0,0,0
360514,1,1,0,0,0,0,0,0,0,0,0,0
360515,1,1,27,27,27,27,27,27,27,27,27,27
360516,1,1,29,29,29,29,29,29,29,29,29,29
360517,0,1,0,0,0,0,24,0,9,28,0,0
360517,1,1,0,0,0,22,0,0,0,0,0,0
360517,2,1,7,0,0,0,0,0,0,0,0,0
360518,1,1,26,26,26,26,26,26,26,26,26,26
360519,1,1,0,0,0,0,27,22,19,23,0,12
360520,1,1,0,0,9,4,0,26,24,0,19,0
360521,1,1,15,0,0,0,0,0,0,20,18,0
360522,0,1,1,1,1,1,1,1,1,1,1,1
360522,1,1,0,0,0,0,0,0,0,0,0,28
360523,1,1,0,0,0,0,0,0,0,0,4,0
360523,2,1,7,0,0,0,0,0,18,21,0,0
360524,0,1,0,0,0,0,0,0,0,0,0,0
360524,1,1,22,0,27,0,28,16,29,0,13,23
360525,0,1,0,0,0,0,0,0,0,0,0,0
360525,1,1,0,17,0,0,0,0,0,0,0,0
360526,0,1,0,0,0,0,0,21,0,0,0,0
360526,1,1,0,0,0,23,0,0,0,0,0,0
360527,1,1,10,10,10,10,10,10,10,10,10,10
360527,2,1,0,0,0,0,0,0,0,13,0,0
360528,1,1,0,0,0,0,0,0,0,0,0,0
360529,1,1,0,12,0,0,13,21,0,0,0,0
360530,1,1,0,0,0,0,0,0,0,0,0,0
360530,2,1,0,0,0,0,0,0,0,0,0,0
360531,1,1,8,8,8,8,8,8,8,8,8,8
360531,2,1,0,0,15,0,0,0,0,0,0,25
360532,1,1,0,0,0,0,0,0,0,0,0,0
360532,2,1,0,14,0,22,0,0,0,0,0,0
360532,3,1,14,0,12,0,0,18,0,0,0,0
360533,1,1,18,18,18,18,18,18,18,18,18,18
360533,2,1,20,0,0,23,0,0,0,0,0,12
360534,0,1,18,18,18,18,18,18,18,18,18,18
360534,1,1,0,0,0,5,0,7,8,0,0,0
360535,1,1,0,0,0,0,0,0,0,0,0,0
360535,2,1,13,13,13,13,13,13,13,13,13,13