ST_CASE,VEH_NO,PER_NO,P1,P2,P3,P4,P5,P6,P7,P8,P9,P10
370104,1,1,0,0,0,0,0,0,0,8,0,0
370104,2,1,0,0,0,0,0,0,0,0,0,0
370105,1,1,0,0,0,0,0,0,0,0,0,0
370105,2,1,0,0,0,0,0,0,0,0,0,0
370106,1,1,0,0,0,0,0,0,0,0,0,0
370106,2,1,0,0,0,0,0,0,0,0,0,0
370107,0,1,28,0,0,48,21,12,10,11,0,0
370107,1,1,0,0,0,0,0,0,0,0,0,0
370108,0,1,17,25,3,21,12,22,23,11,31,40
370108,1,1,0,0,0,0,0,0,19,0,0,0
370109,1,1,0,0,0,0,0,0,0,0,0,0
370109,2,1,0,0,0,0,0,0,0,0,0,0
370110,1,1,0,0,0,0,0,0,0,2,0,0
370110,2,1,0,0,0,0,0,0,0,0,2,17
370111,0,1,0,0,0,0,0,0,0,0,0,0
370111,1,1,0,0,12,0,0,0,0,0,0,0
370112,1,1,0,0,6,0,0,0,0,0,0,0
370112,2,1,0,0,0,0,0,0,0,0,0,0
370112,3,1,0,0,0,0,0,0,0,0,0,0
370113,1,1,0,0,0,0,0,0,0,0,0,0
370113,2,1,0,0,0,0,0,0,0,0,0,0
370113,3,1,0,0,0,0,0,0,0,0,0,0
370114,1,1,0,0,0,0,0,0,0,0,0,0
370115,1,1,0,0,0,0,0,0,0,0,18,0
370116,1,1,0,0,0,0,0,0,0,0,0,0
370116,2,1,0,0,0,0,0,0,0,0,0,0
370117,1,1,0,0,0,0,0,0,0,0,0,0
370118,1,1,29,29,29,29,29,29,29,29,29,29
370119,0,1,25,0,0,0,0,0,0,0,0,0
370119,0,2,0,28,0,0,0,0,31,0,0,0
370119,1,1,0,0,0,0,0,0,0,25,0,0
370120,1,1,0,0,0,37,0,0,0,4,0,0
370121,1,1,17,17,17,17,17,17,17,17,17,17
370122,1,1,9,0,0,15,13,0,0,0,0,0
370123,1,1,0,0,0,0,0,0,0,0,0,0
370123,2,1,0,0,0,12,0,0,0,25,0,0
370124,1,1,0,0,0,16,13,0,0,0,13,13
370125,0,1,0,0,0,0,0,0,0,0,0,0
370125,1,1,0,0,0,0,19,0,0,19,0,0
370126,1,1,0,0,0,0,0,0,0,0,0,0
370126,2,1,0,0,0,0,0,0,0,0,0,0
370127,0,1,0,0,0,0,0,0,0,0,0,0
370127,1,1,0,0,0,0,0,0,0,0,0,0
370128,1,1,0,0,0,0,0,0,0,0,0,0
370128,2,1,0,0,0,0,0,0,0,0,0,0
370129,0,1,24,24,24,24,24,24,24,24,24,24
370129,1,1,0,0,0,0,0,0,0,0,0,0
370130,1,1,0,0,0,0,11,0,42,0,0,0
370131,1,1,0,0,0,0,16,25,0,0,0,0
370132,1,1,0,0,0,0,0,0,0,0,0,0
370132,2,1,0,0,0,0,0,0,0,0,0,0
370133,1,1,0,0,0,0,0,0,0,0,0,0
370133,2,1,4,4,4,4,4,4,4,4,4,4
370134,1,1,0,0,0,0,0,0,0,0,0,0
370134,2,1,15,7,0,35,0,29,0,0,0,0
370135,1,1,24,0,0,0,0,0,0,0,0,0
370135,2,1,0,0,0,0,0,0,23,0,0,0
370136,1,1,0,0,0,0,0,0,0,0,0,12
370136,2,1,0,0,0,0,0,0,0,0,0,0
370137,1,1,0,0,0,0,0,0,0,0,0,0
370137,2,1,0,0,0,0,0,0,0,0,0,0
370138,1,1,0,8,19,7,15,10,17,22,23,7
370139,0,1,0,0,0,0,0,46,0,0,0,0
370139,0,2,17,2,0,0,19,6,0,34,23,0
370139,1,1,14,6,21,18,11,18,33,5,9,32
370140,1,1,0,0,0,0,0,0,0,0,0,0
370141,1,1,10,10,10,10,10,10,10,10,10,10
370141,2,1,0,0,0,0,0,0,10,0,0,0
370142,1,1,0,0,0,0,0,0,0,0,0,0
370143,1,1,0,0,0,0,0,16,0,0,0,0
370144,1,1,0,0,0,18,14,0,0,0,0,0
370144,2,1,0,0,0,0,0,0,0,0,0,0
370145,1,1,0,0,0,8,0,0,6,0,25,0
370146,1,1,0,0,0,0,0,0,0,0,0,0
370146,2,1,0,0,0,0,0,0,0,0,0,0
370146,3,1,0,0,0,15,0,0,0,0,0,0
370146,4,1,0,0,0,0,0,0,0,0,0,0
370147,1,1,35,35,35,35,35,35,35,35,35,35
370148,1,1,0,0,0,0,0,0,0,0,5,0
370149,1,1,0,0,0,0,0,0,0,0,0,0
370149,2,1,0,0,0,0,0,0,0,0,0,0
370150,0,1,26,0,10,0,0,30,0,0,32,15
370150,1,1,0,0,0,0,0,0,0,0,0,0
370151,0,1,0,0,8,0,19,31,0,60,0,0
370151,1,1,0,0,0,0,0,15,0,0,0,0
370152,1,1,0,0,0,0,0,35,0,0,0,0
370153,1,1,20,20,20,20,20,20,20,20,20,20
370154,1,1,0,0,0,0,0,0,0,0,0,0
370155,0,1,0,26,0,0,0,0,0,0,16,0
370155,0,2,0,0,0,0,0,0,0,31,0,0
370155,0,3,0,0,0,0,0,0,0,0,0,13
370155,1,1,0,0,0,0,0,0,0,0,0,0
370156,1,1,0,0,0,0,0,0,0,14,0,0
370156,2,1,22,22,22,22,22,22,22,22,22,22
370157,1,1,12,12,12,12,12,12,12,12,12,12
370158,1,1,10,9,21,11,16,6,11,0,12,5
370158,2,1,0,0,0,0,0,0,0,0,0,0
370159,1,1,0,0,12,0,12,0,14,18,0,0
370160,1,1,0,0,0,0,0,0,0,0,0,0
370160,2,1,0,0,0,0,0,0,0,0,0,0
370161,1,1,0,0,0,0,0,13,0,0,0,0
370161,2,1,0,0,0,15,0,0,0,0,0,0
370162,1,1,17,0,0,0,0,0,0,0,22,8
370162,2,1,0,0,19,25,0,0,0,0,0,0
370162,3,1,0,0,0,0,0,0,0,0,0,0
370163,0,1,0,0,39,12,0,0,0,20,24,7
370163,1,1,19,0,10,7,7,0,0,0,5,6
370164,0,1,0,0,0,0,0,0,0,0,0,0
370164,0,2,0,0,22,0,0,0,0,0,0,0
370164,1,1,17,25,12,28,25,12,15,12,6,16
370165,1,1,6,6,6,6,6,6,6,6,6,6
370165,2,1,0,0,0,0,0,0,0,0,0,0
370166,1,1,0,0,0,0,0,0,0,0,0,0
370166,2,1,11,11,11,11,11,11,11,11,11,11
370167,0,1,0,7,16,23,19,13,7,0,0,16
370167,1,1,0,0,0,0,27,0,19,0,0,0
370168,1,1,2,2,2,2,2,2,2,2,2,2
370168,2,1,0,0,16,0,0,0,0,0,0,0
370169,1,1,0,0,0,0,0,0,0,0,0,0
370169,2,1,0,0,0,0,0,0,0,0,0,0
370169,3,1,0,0,0,0,0,0,0,0,0,0
370169,4,1,0,0,0,0,0,0,0,0,0,0
370170,0,1,23,35,27,13,13,3,33,36,47,25
370170,1,1,17,0,0,0,0,0,0,0,0,23
370171,1,1,0,0,0,0,0,0,0,0,0,0
370171,2,1,0,0,0,0,0,0,0,0,0,0
370171,3,1,0,0,0,0,0,0,0,0,0,0
370172,1,1,0,0,0,0,22,0,0,13,0,0
370173,1,1,0,0,0,0,0,0,0,0,0,0
370173,2,1,0,0,0,0,0,0,0,0,19,0
370174,1,1,0,18,0,6,0,14,9,18,0,24
370175,0,1,15,0,0,0,0,12,0,35,27,0
370175,1,1,0,0,0,0,0,0,0,0,0,0
370175,2,1,0,0,0,0,0,0,17,8,0,0
370176,1,1,0,0,0,12,11,0,0,15,0,0
370176,2,1,0,0,0,0,12,0,0,0,0,0
370177,1,1,0,0,5,0,18,30,0,0,0,0
370177,2,1,0,0,0,0,0,0,0,14,0,0
370178,1,1,0,0,0,0,0,0,0,0,0,0
370178,2,1,0,0,0,0,0,0,17,0,0,0
370179,0,1,0,0,0,0,0,0,0,0,0,0
370179,0,2,0,0,0,0,0,13,0,0,0,0
370179,1,1,0,0,0,0,0,0,0,0,0,0
370180,1,1,17,17,17,17,17,17,17,17,17,17
370181,1,1,0,0,8,0,0,13,9,0,7,0
370182,1,1,27,18,0,0,0,9,0,0,0,0
370182,2,1,0,0,0,0,0,0,0,0,0,0
370183,1,1,0,0,0,0,0,0,0,0,0,0
370184,1,1,0,0,0,0,0,0,0,0,0,0
370184,2,1,41,0,0,11,0,17,0,0,0,0
370185,1,1,0,0,0,0,0,0,0,0,0,0
370186,2,1,13,13,13,13,13,13,13,13,13,13
370187,1,1,0,0,0,0,0,0,0,0,0,0
370187,2,1,0,30,0,0,0,0,0,0,0,0
370188,1,1,0,0,0,0,0,0,0,0,0,0
370188,2,1,0,0,0,0,0,0,0,0,0,0
370189,1,1,31,23,0,0,0,0,0,0,0,16
370190,1,1,0,0,0,0,0,0,0,20,0,0
370191,0,1,0,43,0,0,0,12,0,0,0,0
370191,1,1,0,0,0,0,0,0,0,10,0,0
370192,2,1,33,33,33,33,33,33,33,33,33,33
370193,1,1,30,0,9,0,0,0,20,10,23,9
370193,2,1,0,0,0,0,0,0,0,0,11,4
370194,1,1,0,0,0,0,0,0,0,0,0,0
370194,2,1,0,0,0,0,0,0,0,0,0,0
370195,1,1,14,11,17,0,0,38,8,13,18,0
370196,1,1,28,0,0,0,0,0,27,0,0,0
370197,0,1,0,0,0,0,0,0,0,24,0,0
370197,1,1,19,0,0,0,19,10,0,0,0,0
370198,1,1,0,0,0,0,0,0,24,0,0,27
370199,0,1,0,0,0,0,0,0,5,0,27,0
370199,1,1,0,0,0,0,0,0,0,0,0,0
370200,1,1,0,0,0,0,0,0,0,0,0,0
370201,1,1,17,0,0,31,0,9,9,33,10,0
370202,1,1,0,0,0,0,0,20,0,0,0,0
370202,2,1,12,12,12,12,12,12,12,12,12,12
370203,1,1,8,0,24,0,0,0,2,0,0,0
370204,1,1,0,0,0,4,6,0,25,0,0,0
370205,1,1,0,0,0,0,0,0,0,0,0,0
370205,2,1,0,0,5,0,0,0,0,0,0,0
370206,0,1,34,0,0,0,0,0,0,0,0,0
370206,1,1,0,0,0,0,0,0,0,0,0,35
370207,1,1,13,13,13,13,13,13,13,13,13,13
370207,2,1,29,29,29,29,29,29,29,29,29,29
370208,1,1,3,3,3,3,3,3,3,3,3,3
370208,2,1,0,0,0,0,13,0,0,0,0,0
370209,1,1,10,10,10,10,10,10,10,10,10,10
370209,2,1,2,2,2,2,2,2,2,2,2,2
370210,1,1,25,25,25,25,25,25,25,25,25,25
370211,1,1,0,0,0,0,0,0,0,0,0,0
370212,1,1,2,2,2,2,2,2,2,2,2,2
370213,1,1,0,0,0,0,0,0,0,0,0,0
370214,0,1,0,0,0,0,0,40,0,0,0,0
370214,1,1,0,0,0,0,23,0,0,0,0,0
370215,1,1,0,0,0,0,0,0,0,0,0,0
370215,2,1,6,0,0,0,0,14,0,0,20,0
370215,3,1,0,0,0,0,0,0,0,0,15,0
370216,0,1,11,11,11,11,11,11,11,11,11,11
370216,1,1,0,0,0,0,0,0,0,0,18,0
370217,1,1,0,0,0,0,0,0,0,0,0,0
370217,2,1,0,0,0,0,0,0,0,0,0,0
370218,1,1,0,0,0,0,13,0,0,0,0,0
370218,2,1,0,0,0,0,0,0,0,0,0,0
370219,1,1,28,21,0,17,21,15,17,6,21,36
370220,1,1,0,0,0,12,0,0,20,0,0,0
370220,2,1,0,0,0,0,0,0,0,0,0,0
370220,3,1,0,0,0,0,0,0,0,0,0,0
370221,0,1,0,0,0,0,0,0,0,0,0,0
370221,1,1,0,0,0,0,0,0,0,0,0,0
370222,1,1,0,16,0,0,0,0,0,0,0,0
370223,1,1,21,21,21,21,21,21,21,21,21,21
370223,2,1,0,0,0,0,0,0,0,0,0,0
370224,1,1,0,0,0,0,0,0,0,35,9,12
370225,1,1,17,0,0,35,0,0,0,0,0,0
370225,2,1,0,0,0,0,0,0,0,0,0,0
370226,1,1,0,0,0,0,0,8,8,8,0,0
370226,2,1,0,0,0,0,0,0,0,0,0,0
370227,0,1,0,0,9,0,0,0,0,30,0,11
370227,1,1,9,0,0,0,0,0,0,0,0,31
370228,1,1,0,0,0,0,0,0,0,0,0,0
370229,1,1,0,0,0,10,0,0,0,0,12,0
370229,2,1,0,0,0,0,0,0,0,0,0,0
370230,1,1,8,8,8,8,8,8,8,8,8,8
370230,2,1,7,7,7,7,7,7,7,7,7,7
370231,1,1,9,9,9,9,9,9,9,9,9,9
370232,0,1,0,18,0,25,18,0,19,0,10,22
370232,1,1,0,0,13,0,0,0,0,0,0,0
370233,1,1,0,0,0,0,0,0,8,0,0,0
370234,1,1,0,0,0,0,0,0,0,0,0,0
370234,2,1,0,0,0,0,0,0,0,29,0,0
370235,1,1,14,25,23,17,9,11,16,19,15,12
370236,1,1,0,0,0,0,0,0,0,0,0,0
370236,2,1,0,0,0,0,0,8,0,0,0,0
370237,1,1,0,17,0,23,0,0,0,0,7,0
370238,1,1,0,0,0,0,0,0,0,0,0,0
370238,2,1,0,0,0,0,25,20,0,0,0,0
370239,1,1,15,3,0,16,36,12,0,29,24,19
370240,1,1,0,0,0,0,0,0,0,0,0,0
370240,2,1,0,0,0,0,0,0,0,0,0,0
370241,1,1,0,0,0,0,0,0,0,0,0,0
370241,2,1,0,0,14,0,0,0,0,0,0,0
370242,1,1,0,0,0,0,0,0,0,23,0,0
370243,1,1,0,0,0,0,0,0,0,0,0,0
370243,2,1,0,0,0,0,0,0,0,0,0,0
370244,1,1,0,0,0,0,0,0,0,0,0,0
370244,2,1,0,0,0,0,0,0,0,0,0,0
370245,1,1,0,0,0,0,0,0,0,0,0,0
370245,2,1,0,0,0,0,0,0,0,0,0,0
370246,1,1,0,0,0,0,0,0,0,0,0,0
370246,2,1,0,0,0,0,0,0,25,0,0,0
370247,1,1,0,0,0,0,0,21,0,0,0,0
370247,2,1,11,0,0,0,0,0,0,0,0,0
370247,3,1,0,0,0,0,0,0,0,0,0,0
370247,4,1,0,0,0,0,0,0,0,0,0,0
370247,5,1,0,0,0,0,0,0,0,0,0,0
370247,6,1,0,0,0,0,0,0,0,0,0,0
370247,7,1,0,0,0,0,21,0,0,0,0,0
370247,8,1,0,0,0,0,0,0,0,0,0,0
370248,1,1,18,0,0,0,0,0,0,0,0,0
370248,2,1,0,0,0,0,16,0,0,0,0,0
370248,3,1,0,0,0,0,0,0,0,0,0,0
370248,4,1,0,0,0,0,0,0,0,8,0,0
370248,5,1,0,0,0,0,0,0,0,0,0,0
370249,1,1,0,0,0,0,0,0,0,0,0,0
370249,2,1,0,0,0,0,0,0,0,17,0,0
370250,1,1,0,0,0,0,0,0,0,0,0,0
370250,2,1,0,0,0,0,0,0,0,0,0,0
370251,0,1,17,0,15,36,14,32,10,10,0,26
370251,1,1,0,0,0,0,0,0,8,0,0,0
370252,0,1,0,0,29,0,0,0,26,0,0,0
370252,1,1,0,0,0,0,0,0,0,12,0,0
370252,2,1,0,0,17,0,0,0,0,0,0,0
370253,1,1,19,19,19,19,19,19,19,19,19,19
370254,1,1,0,0,0,0,0,0,0,0,0,0
370254,2,1,11,0,38,0,13,0,10,19,9,14
370255,1,1,13,30,3,23,39,20,20,23,8,21
370256,1,1,0,0,0,0,0,7,14,0,0,0
370256,2,1,0,0,0,0,0,0,0,0,0,0
370257,1,1,0,0,0,0,0,0,0,0,0,0
370257,2,1,0,0,0,0,0,0,0,0,0,0
370258,0,1,14,0,0,0,0,0,0,0,17,0
370258,1,1,16,0,13,22,13,32,0,17,12,15
370259,1,1,29,29,29,29,29,29,29,29,29,29
370260,1,1,11,13,16,24,8,26,28,14,18,21
370261,1,1,0,0,0,0,0,0,0,0,0,0
370261,2,1,0,0,0,0,0,0,0,0,0,0
370262,1,1,32,32,32,32,32,32,32,32,32,32
370263,1,1,0,0,0,0,0,0,0,14,15,0
370264,0,1,0,0,0,0,0,0,0,33,0,0
370264,1,1,0,0,0,0,0,0,0,0,0,0
370265,1,1,24,24,24,24,24,24,24,24,24,24
370266,1,1,0,0,0,0,0,0,0,0,0,0
370266,2,1,0,0,0,0,0,0,0,0,0,0
370267,1,1,0,0,0,0,0,0,16,0,37,0
370268,1,1,13,13,13,13,13,13,13,13,13,13
370269,1,1,16,16,16,16,16,16,16,16,16,16
370270,1,1,0,0,0,0,11,0,0,0,0,0
370270,2,1,16,0,0,0,0,0,0,0,0,0
370271,1,1,0,0,0,0,0,0,0,0,0,0
370272,1,1,17,5,0,11,11,0,12,0,0,8
370273,1,1,17,17,17,17,17,17,17,17,17,17
370274,1,1,19,19,19,19,19,19,19,19,19,19
370274,2,1,0,0,0,0,0,0,0,15,0,0
370275,0,1,36,36,36,36,36,36,36,36,36,36
370275,1,1,0,0,0,0,0,0,0,0,0,2
370276,1,1,3,3,3,3,3,3,3,3,3,3
370276,2,1,0,0,0,0,0,0,0,0,0,0
370276,3,1,0,0,0,0,0,0,0,0,0,0
370277,1,1,0,0,0,0,0,20,0,0,0,0
370278,1,1,0,0,0,0,0,0,0,0,0,0
370278,2,1,0,0,0,0,0,27,0,0,12,0
370279,1,1,0,0,0,0,0,0,0,0,0,0
370279,2,1,0,0,0,0,0,0,0,0,0,0
370280,1,1,0,0,0,17,16,11,18,10,0,16
370281,1,1,0,0,0,0,0,0,0,0,0,0
370281,2,1,0,0,0,0,0,0,0,0,4,0
370282,1,1,0,0,0,0,0,43,0,0,10,0
370282,2,1,0,0,0,0,0,0,0,0,0,0
370282,3,1,0,0,20,0,0,0,0,5,0,0
370283,1,1,23,0,0,0,0,0,0,0,0,0
370283,2,1,0,0,0,0,0,0,0,0,0,0
370284,1,1,15,20,0,22,0,0,0,0,0,0
370284,2,1,0,0,0,0,0,11,0,0,0,0
370285,1,1,0,0,0,0,0,0,0,0,0,0
370286,1,1,18,18,18,18,18,18,18,18,18,18
370286,2,1,0,0,0,0,0,0,24,0,0,0
370287,1,1,6,0,0,11,12,16,0,0,22,0
370288,1,1,0,0,12,0,0,20,13,2,13,15
370289,1,1,0,0,0,0,0,0,0,0,0,0
370289,2,1,0,0,19,0,17,0,6,0,0,0
370290,1,1,0,0,10,8,0,0,0,0,0,0
370291,1,1,0,0,0,0,0,15,0,0,0,0
370291,2,1,0,0,0,0,0,0,0,0,0,0
370292,1,1,0,0,0,0,0,0,0,0,0,0
370293,0,1,24,0,0,35,11,0,0,24,0,19
370293,1,1,0,0,0,0,0,0,0,0,0,0
370294,1,1,0,0,0,0,0,0,9,0,0,0
370295,1,1,9,9,9,9,9,9,9,9,9,9
370296,1,1,0,0,15,0,0,0,0,0,0,0
370297,1,1,19,19,19,19,19,19,19,19,19,19
370298,1,1,0,0,0,0,0,0,0,0,0,0
370298,2,1,3,3,3,3,3,3,3,3,3,3
370299,1,1,0,0,0,0,0,0,0,0,0,0
370299,2,1,0,19,0,0,0,0,0,0,6,0
370300,1,1,0,0,0,0,0,0,0,0,0,0
370300,2,1,10,23,0,6,0,18,0,0,0,0
370301,1,1,11,33,30,46,24,0,14,24,11,16
370301,2,1,0,0,0,0,0,0,0,0,0,0
370301,3,1,0,0,0,0,0,0,24,0,0,0
370302,1,1,0,7,0,0,0,0,0,29,0,0
370303,1,1,0,0,0,0,0,0,0,0,0,0
370304,1,1,0,0,0,0,0,0,0,0,0,0
370304,2,1,0,0,0,0,15,0,0,0,0,0
370305,1,1,19,20,20,19,14,3,14,16,16,4
370306,1,1,6,0,20,0,0,0,0,0,0,16
370307,1,1,0,0,0,0,0,0,0,0,0,0
370308,1,1,21,0,0,0,22,0,0,0,0,0
370309,1,1,0,0,0,0,0,0,0,0,0,0
370309,2,1,0,0,0,0,0,0,0,0,0,0
370310,0,1,0,0,10,25,0,0,18,0,22,0
370310,1,1,0,0,0,0,0,0,0,0,0,0
370311,1,1,0,0,12,0,0,0,0,0,0,10
370312,0,1,0,0,0,0,0,0,0,0,0,0
370312,1,1,0,0,0,14,0,0,0,0,0,0
370313,1,1,9,9,9,9,9,9,9,9,9,9
370314,1,1,0,0,0,0,0,0,0,0,0,0
370314,2,1,0,0,0,0,0,0,0,0,0,0
370315,1,1,0,0,0,0,0,0,0,0,0,0
370315,2,1,0,0,0,0,0,0,17,0,0,0
370316,1,1,18,18,18,18,18,18,18,18,18,18
370317,0,1,0,28,0,21,0,39,0,0,0,0
370317,1,1,0,0,0,0,0,13,0,7,16,8
370318,1,1,0,0,0,0,0,0,0,0,0,24
370319,1,1,0,0,0,0,0,0,0,0,0,0
370319,2,1,0,0,0,16,0,0,8,0,0,0
370320,1,1,0,0,0,0,0,0,0,0,0,0
370321,1,1,0,0,0,0,0,0,0,0,0,0
370321,2,1,0,32,8,15,0,16,27,24,0,0
370322,1,1,0,0,0,0,0,0,0,0,0,0
370322,2,1,0,28,0,0,0,0,0,14,19,0
370323,1,1,0,0,0,0,12,0,0,0,9,0
370324,1,1,11,11,11,11,11,11,11,11,11,11
370324,2,1,0,37,0,0,0,0,0,0,0,0
370324,3,1,0,0,0,0,0,0,0,0,0,0
370325,1,1,27,27,27,27,27,27,27,27,27,27
370326,1,1,0,0,0,0,0,0,0,0,0,0
370326,2,1,0,0,0,0,16,0,0,0,0,0
370327,1,1,0,0,12,0,0,0,0,0,0,0
370327,2,1,0,0,0,0,8,0,0,0,0,11
370328,1,1,0,0,22,0,0,11,0,0,0,0
370328,2,1,0,0,0,0,0,0,0,0,0,15
370328,3,1,0,0,0,0,0,0,0,0,0,0
370329,1,1,10,0,0,0,0,0,0,0,0,0
370329,2,1,0,0,0,0,0,0,0,0,0,0
370330,1,1,0,0,0,0,8,0,0,0,10,0
370331,1,1,0,0,0,0,0,0,0,0,0,0
370331,2,1,0,0,0,0,0,0,0,0,0,0
370332,1,1,0,0,2,0,28,0,25,9,0,0
370332,2,1,0,0,0,0,0,0,7,0,3,9
370333,1,1,13,13,13,13,13,13,13,13,13,13
370334,1,1,0,0,0,0,0,0,0,10,19,10
370335,1,1,21,21,21,21,21,21,21,21,21,21
370336,1,1,20,20,20,20,20,20,20,20,20,20
370337,1,1,22,23,19,15,16,19,10,19,18,19
370338,1,1,0,0,0,0,0,0,0,0,0,13
370339,1,1,7,0,0,0,0,0,0,0,0,0
370340,1,1,0,0,0,0,0,0,0,0,0,0
370340,2,1,0,37,0,30,0,0,0,0,0,0
370341,1,1,0,0,0,6,0,0,0,0,0,0
370341,2,1,0,0,5,0,0,0,0,0,0,0
370342,1,1,0,0,0,19,32,0,6,0,0,11
370343,1,1,0,0,21,0,0,0,0,0,0,0
370343,2,1,14,0,0,27,0,0,0,0,0,0
370344,1,1,0,0,0,0,0,0,0,0,0,0
370345,1,1,0,0,0,0,0,0,0,0,0,0
370345,2,1,0,0,0,0,0,0,0,0,0,0
370346,1,1,17,17,17,17,17,17,17,17,17,17
370347,0,1,0,0,0,0,0,0,0,0,0,0
370347,1,1,0,0,0,0,0,0,0,0,0,0
370348,1,1,11,11,11,11,11,11,11,11,11,11
370349,1,1,13,0,0,0,0,20,9,37,22,0
370349,2,1,0,0,0,0,0,0,0,0,0,0
370350,1,1,0,0,0,0,0,0,0,0,0,0
370351,1,1,0,0,0,0,0,0,0,0,0,0
370351,2,1,0,0,0,0,0,0,0,0,0,0
370352,1,1,17,0,0,0,0,0,0,0,0,0
370353,1,1,12,12,0,0,0,0,0,0,16,26
370354,1,1,0,26,0,24,0,0,0,0,0,0
370355,1,1,0,0,0,32,0,0,0,11,3,0
370356,1,1,16,16,16,16,16,16,16,16,16,16
370356,2,1,0,0,0,0,0,0,0,0,0,0
370356,3,1,0,0,0,0,0,0,0,0,0,0
370357,1,1,25,25,25,25,25,25,25,25,25,25
370358,1,1,0,0,0,0,9,0,0,0,0,0
370358,2,1,0,0,0,0,0,0,0,0,0,0
370359,0,1,15,15,15,15,15,15,15,15,15,15
370359,1,1,0,0,13,0,0,0,0,0,0,0
370360,0,1,14,14,14,14,14,14,14,14,14,14
370360,1,1,0,0,0,0,0,0,0,0,0,0
370361,1,1,22,22,22,22,22,22,22,22,22,22
370361,2,1,0,0,0,0,0,0,0,0,0,0
370362,0,1,0,0,0,0,0,0,0,0,0,0
370362,1,1,0,0,0,0,0,0,0,0,0,0
370363,1,1,0,0,0,0,0,9,0,0,0,0
370363,2,1,0,19,0,0,0,0,0,0,0,0
370364,1,1,0,0,0,0,0,0,0,0,0,0
370364,2,1,0,0,0,0,0,0,0,0,0,0
370365,1,1,0,0,0,0,0,0,0,0,0,0
370366,1,1,17,17,17,17,17,17,17,17,17,17
370367,1,1,11,4,0,4,24,28,21,10,15,15
370368,1,1,27,14,20,13,16,11,19,14,20,23
370369,1,1,0,18,0,0,5,12,0,0,0,0
370370,1,1,0,0,0,0,0,0,0,14,0,0
370371,1,1,18,18,18,18,18,18,18,18,18,18
370372,0,1,0,0,0,0,0,0,0,0,0,21
370372,1,1,0,0,0,0,0,0,0,0,0,0
370373,1,1,0,0,25,0,0,0,0,0,0,0
370374,1,1,0,0,0,0,0,0,0,0,0,0
370374,2,1,0,0,0,0,0,0,0,0,0,0
370375,1,1,6,6,6,6,6,6,6,6,6,6
370376,1,1,0,0,0,0,0,0,0,0,0,0
370376,2,1,0,0,0,0,0,0,0,0,0,0
370377,1,1,0,0,0,0,0,0,17,0,0,0
370378,0,1,0,0,0,0,0,0,0,0,0,0
370378,0,2,0,19,25,0,0,0,28,0,0,19
370378,1,1,0,0,0,0,0,0,0,0,0,0
370379,1,1,21,21,21,21,21,21,21,21,21,21
370380,1,1,0,0,0,0,0,0,0,0,0,0
370380,2,1,0,0,0,0,0,0,0,0,0,0
370381,0,1,39,5,9,13,20,51,12,19,26,19
370381,1,1,0,0,0,0,0,0,0,0,0,0
370381,2,1,0,0,0,0,0,0,0,0,0,0
370382,1,1,0,10,7,0,0,0,0,0,0,0
370382,2,1,0,10,15,0,16,0,23,0,0,0
370383,1,1,0,0,0,0,0,0,0,0,0,0
370384,0,1,0,0,0,21,17,23,0,0,0,17
370384,1,1,0,0,0,0,0,0,0,0,0,0
370385,0,1,38,5,0,0,0,0,0,0,33,0
370385,1,1,0,0,0,0,0,0,0,0,0,0
370386,1,1,17,0,0,0,0,0,0,0,0,0
370386,2,1,0,0,0,0,0,0,0,0,0,0
370387,1,1,0,0,0,0,0,0,0,0,0,0
370388,1,1,0,0,0,0,0,0,0,0,0,0
370388,2,1,0,0,0,0,0,20,0,0,0,0
370389,1,1,1,1,1,1,1,1,1,1,1,1
370389,2,1,0,0,0,0,0,0,0,0,0,0
370390,1,1,0,0,0,0,0,0,0,0,0,0
370390,2,1,0,0,0,0,0,0,0,0,0,0
370390,3,1,22,0,19,16,12,0,14,0,27,0
370391,1,1,27,19,23,16,41,18,8,13,11,6
370392,0,1,26,26,26,26,26,26,26,26,26,26
370392,1,1,11,13,9,13,12,6,35,0,0,12
370393,0,1,0,0,0,0,0,0,0,0,0,0
370393,1,1,0,0,0,0,0,0,0,0,0,0
370394,1,1,22,11,25,0,20,17,42,0,22,0
370395,1,1,0,0,0,0,0,0,0,0,0,0
370395,2,1,0,0,0,0,0,0,0,0,0,0
370396,1,1,0,0,0,0,0,0,0,0,0,0
370396,2,1,9,14,11,20,18,3,13,0,17,0
370397,1,1,0,0,0,0,0,0,0,0,0,0
370397,2,1,13,0,0,0,0,0,0,0,0,0
370398,1,1,0,0,8,0,0,0,0,0,0,0
370398,2,1,0,0,0,0,0,0,0,0,0,0
370399,0,1,0,0,0,34,0,0,0,0,0,0
370399,1,1,0,0,10,0,0,0,0,15,0,0
370400,1,1,0,0,0,18,0,19,11,0,0,0
370400,2,1,0,0,0,0,0,0,7,0,0,0
370401,1,1,0,0,0,0,0,13,0,11,34,0