ST_CASE,VEH_NO,PER_NO,P1,P2,P3,P4,P5,P6,P7,P8,P9,P10
370401,2,1,0,0,0,0,0,0,0,0,0,0
370402,1,1,31,31,31,31,31,31,31,31,31,31
370402,2,1,0,0,0,0,0,0,6,0,0,0
370403,1,1,0,0,23,0,14,0,0,0,29,33
370404,1,1,0,0,0,18,0,0,0,0,0,0
370404,2,1,0,0,0,0,0,0,0,0,0,0
370405,1,1,0,0,0,0,0,0,0,0,0,0
370405,2,1,0,0,0,0,0,0,0,18,0,0
370406,1,1,0,0,0,0,0,0,0,0,0,22
370407,1,1,0,0,0,0,0,0,0,0,0,0
370407,2,1,0,0,0,13,0,0,0,0,0,0
370408,1,1,0,0,0,0,0,0,0,22,0,0
370408,2,1,0,0,0,0,0,0,0,0,0,0
370409,1,1,0,0,0,0,13,0,0,0,0,0
370409,2,1,0,0,0,0,0,0,0,0,0,0
370410,1,1,0,0,0,0,0,0,0,0,0,0
370410,2,1,0,0,0,7,0,0,0,0,0,0
370411,1,1,0,0,0,0,0,0,0,9,0,12
370411,2,1,0,0,0,0,0,0,0,0,0,0
370411,3,1,0,10,0,0,0,0,0,0,0,0
370412,1,1,3,21,36,13,0,0,9,0,9,4
370413,1,1,28,28,28,28,28,28,28,28,28,28
370414,1,1,0,0,0,0,0,0,0,0,0,0
370414,2,1,0,0,0,0,0,0,0,0,0,0
370414,3,1,0,0,0,21,8,0,0,0,16,0
370414,4,1,0,0,0,0,0,0,0,0,0,14
370415,1,1,0,0,0,0,0,0,10,0,0,20
370416,0,1,0,29,0,0,28,0,0,0,0,0
370416,1,1,0,0,0,0,0,0,0,0,0,0
370417,0,1,0,20,0,0,21,0,0,38,0,33
370417,1,1,0,0,0,8,0,12,0,0,0,14
370418,1,1,8,0,0,0,0,16,18,0,16,0
370419,1,1,7,7,7,7,7,7,7,7,7,7
370420,1,1,10,0,0,0,0,35,0,0,0,15
370421,1,1,0,0,0,0,0,0,0,0,0,0
370422,1,1,0,0,0,0,0,0,0,0,0,0
370422,2,1,0,0,0,0,0,0,0,0,0,0
370423,1,1,27,12,26,31,14,25,35,8,14,30
370424,1,1,15,15,15,15,15,15,15,15,15,15
370424,2,1,0,0,0,32,0,0,7,21,0,0
370424,3,1,0,0,0,0,0,0,0,0,0,0
370425,0,1,33,15,25,7,38,34,13,15,2,6
370425,1,1,0,15,0,0,0,0,0,0,0,0
370426,1,1,0,0,0,0,0,0,9,0,19,0
370426,2,1,0,0,0,0,0,0,0,0,0,0
370427,1,1,0,0,0,0,0,0,0,0,0,0
370428,1,1,15,15,15,15,15,15,15,15,15,15
370429,1,1,19,0,32,10,16,0,6,0,0,0
370430,1,1,0,0,0,0,0,0,0,0,0,0
370430,2,1,0,0,0,0,0,0,0,7,0,0
370431,1,1,0,0,13,12,0,0,0,21,0,0
370432,1,1,0,0,0,0,0,0,0,0,0,0
370432,2,1,0,0,0,21,0,0,0,0,0,0
370433,1,1,18,18,18,18,18,18,18,18,18,18
370434,1,1,0,0,0,10,0,0,0,0,0,0
370434,2,1,6,6,6,6,6,6,6,6,6,6
370435,0,1,23,23,23,23,23,23,23,23,23,23
370435,1,1,15,12,14,4,0,8,0,0,0,13
370436,1,1,5,5,5,5,5,5,5,5,5,5
370437,1,1,0,0,0,0,0,0,0,0,37,0
370438,1,1,0,0,0,0,0,20,0,0,0,8
370438,2,1,0,0,0,0,0,0,0,0,0,0
370439,1,1,0,0,0,0,0,0,0,0,0,0
370439,2,1,0,0,0,0,0,0,13,0,0,0
370440,1,1,0,0,0,0,0,0,0,0,0,0
370440,2,1,0,0,0,0,0,0,0,0,0,0
370441,1,1,0,0,0,0,0,0,0,0,0,0
370441,2,1,6,0,0,7,6,20,0,0,0,0
370442,1,1,0,0,0,0,0,0,0,0,0,0
370442,2,1,0,0,0,0,0,0,0,0,0,0
370443,1,1,0,0,0,0,0,0,0,0,0,20
370443,2,1,0,0,0,0,0,0,0,0,0,0
370444,0,1,0,0,0,0,0,19,0,0,0,0
370444,1,1,0,0,0,0,0,0,0,0,0,0
370445,0,1,0,0,0,15,0,0,0,0,0,0
370445,0,2,0,0,0,0,59,0,0,0,0,0
370445,1,1,0,0,0,0,0,0,0,0,0,0
370445,2,1,0,0,0,0,0,0,0,0,0,0
370446,1,1,13,13,13,13,13,13,13,13,13,13
370447,1,1,29,0,0,40,0,7,8,0,5,0
370448,1,1,0,0,0,0,0,0,0,0,0,0
370449,1,1,0,0,0,0,0,0,0,0,0,0
370449,2,1,0,0,23,0,0,0,0,0,0,0
370450,1,1,0,16,17,0,10,0,0,14,6,0
370451,1,1,0,0,0,0,0,0,0,0,0,0
370451,2,1,0,0,0,0,0,19,0,0,0,0
370452,0,1,0,0,0,0,0,28,0,0,0,0
370452,1,1,0,0,0,0,0,0,0,0,0,0
370453,1,1,21,20,6,10,29,13,10,17,24,11
370454,1,1,3,3,3,3,3,3,3,3,3,3
370455,0,1,0,0,17,24,16,0,0,0,15,0
370455,1,1,0,0,0,0,0,0,0,0,0,0
370456,1,1,0,0,0,0,0,0,0,0,0,0
370456,2,1,0,0,0,0,0,0,0,0,0,0
370457,0,1,21,21,16,36,18,21,8,8,15,22
370457,1,1,0,0,0,0,0,0,0,0,0,0
370458,1,1,0,0,0,15,0,0,0,0,0,0
370459,1,1,26,26,26,26,26,26,26,26,26,26
370460,1,1,32,0,0,0,28,0,0,0,0,0
370460,2,1,0,0,0,20,0,23,16,8,0,0
370460,3,1,18,17,0,0,0,7,29,0,0,0
370461,0,1,39,39,39,39,39,39,39,39,39,39
370461,1,1,0,0,0,0,0,0,0,0,0,0
370462,0,1,27,27,27,27,27,27,27,27,27,27
370462,1,1,0,0,0,0,0,0,0,0,0,0
370463,1,1,13,23,17,17,0,10,19,31,13,0
370463,2,1,0,0,0,0,0,0,0,0,0,0
370464,1,1,0,0,0,0,0,0,0,0,0,0
370464,2,1,0,0,0,0,0,0,0,0,0,12
370465,1,1,0,0,0,0,0,0,0,0,0,0
370466,1,1,0,0,0,0,0,0,0,0,0,0
370467,1,1,0,0,0,0,0,0,0,0,0,0
370467,2,1,0,0,0,0,7,0,0,0,0,0
370468,1,1,21,21,21,21,21,21,21,21,21,21
370469,1,1,15,15,15,15,15,15,15,15,15,15
370470,1,1,0,0,0,0,11,0,0,0,0,0
370470,2,1,3,3,3,3,3,3,3,3,3,3
370471,0,1,0,0,0,0,0,0,0,0,0,0
370471,1,1,0,0,0,0,0,0,0,0,0,0
370472,1,1,0,0,0,0,0,0,0,0,0,0
370472,2,1,0,0,0,0,0,0,0,0,0,0
370472,3,1,0,0,0,0,0,0,0,0,0,0
370473,1,1,0,0,0,0,0,0,0,0,0,0
370473,2,1,0,0,0,0,0,0,0,0,0,0
370474,1,1,28,28,28,28,28,28,28,28,28,28
370474,2,1,0,0,0,0,0,0,0,0,0,0
370474,3,1,0,0,0,0,0,0,0,0,0,0
370475,1,1,0,0,0,0,0,0,0,0,0,0
370475,2,1,0,0,0,0,0,0,0,0,0,0
370476,1,1,15,8,24,16,14,0,6,19,12,12
370477,1,1,0,0,0,0,0,0,0,0,0,0
370477,2,1,0,0,0,0,0,0,0,0,0,0
370478,1,1,0,11,5,19,28,0,11,0,10,0
370479,1,1,0,0,13,0,4,0,10,0,0,4
370479,2,1,0,0,0,13,0,0,0,0,0,0
370480,1,1,13,16,0,14,14,16,7,7,4,0
370480,2,1,10,31,17,0,0,10,28,21,13,12
370481,1,1,19,19,19,19,19,19,19,19,19,19
370482,1,1,7,33,0,0,6,11,0,0,0,13
370482,2,1,0,0,0,0,0,0,0,0,0,0
370483,1,1,0,0,0,0,0,0,0,0,23,0
370484,1,1,8,8,8,8,8,8,8,8,8,8
370485,0,1,25,4,0,0,0,0,0,0,0,14
370485,0,2,27,0,0,0,0,0,0,0,0,0
370485,1,1,7,0,0,0,0,0,0,18,0,23
370486,1,1,6,6,6,6,6,6,6,6,6,6
370487,1,1,21,21,21,21,21,21,21,21,21,21
370487,2,1,0,0,0,0,0,0,0,0,0,0
370488,1,1,0,0,0,0,0,0,0,0,0,0
370489,1,1,0,0,0,0,0,0,0,0,0,0
370490,1,1,0,0,0,17,0,0,0,0,0,0
370491,1,1,0,0,0,0,0,0,0,0,0,0
370491,2,1,0,0,0,0,0,0,0,0,0,0
370492,1,1,0,0,0,0,0,28,0,0,9,6
370493,1,1,12,21,4,7,0,22,15,23,9,16
370494,1,1,0,0,0,0,0,0,0,0,0,0
370494,2,1,0,0,0,0,0,0,0,0,0,0
370495,1,1,0,0,0,0,0,11,0,0,0,0
370496,1,1,16,0,0,0,0,0,0,0,0,8
370496,2,1,0,0,0,0,0,0,0,0,0,0
370497,0,1,6,14,0,13,0,0,0,0,42,29
370497,1,1,0,0,0,0,0,0,16,0,0,0
370498,1,1,0,0,0,0,0,0,0,0,0,0
370498,2,1,0,0,0,12,0,5,0,0,0,0
370499,0,1,0,0,0,0,0,0,0,0,0,0
370499,1,1,0,0,0,0,0,0,0,0,0,0
370500,0,1,0,0,0,0,0,0,0,0,0,0
370500,1,1,0,0,0,0,0,0,0,0,0,0
370501,1,1,0,0,0,0,0,0,0,0,0,0
370501,2,1,0,0,0,0,0,0,0,0,0,0
370502,1,1,0,0,48,0,0,0,0,0,0,0
370502,2,1,0,0,0,0,0,0,0,0,0,0
370503,1,1,0,0,0,0,12,0,17,0,0,0
370504,1,1,13,13,13,13,13,13,13,13,13,13
370505,1,1,0,0,0,0,0,0,0,0,0,0
370506,1,1,0,0,0,0,0,0,0,17,0,0
370507,1,1,0,0,0,0,0,14,0,0,0,0
370507,2,1,0,0,0,0,17,0,0,0,0,0
370508,0,1,0,0,19,51,0,0,0,0,0,0
370508,1,1,0,0,0,0,0,0,0,0,0,0
370509,0,1,0,4,0,21,0,0,11,0,0,0
370509,1,1,13,0,0,0,0,0,0,20,17,0
370510,0,1,6,6,6,6,6,6,6,6,6,6
370510,1,1,0,0,0,0,0,0,0,0,0,0
370511,1,1,0,13,0,0,0,0,0,0,0,0
370512,1,1,32,16,0,0,0,0,0,9,0,0
370513,1,1,0,0,0,0,0,0,10,0,0,0
370514,1,1,3,0,0,8,0,0,0,0,0,0
370515,1,1,13,0,0,0,0,0,0,0,0,0
370516,1,1,14,0,0,0,0,0,4,0,0,0
370517,1,1,19,19,19,19,19,19,19,19,19,19
370518,1,1,0,28,0,18,0,4,22,0,0,6
370519,1,1,0,0,0,0,0,0,0,0,0,0
370520,1,1,0,0,0,0,0,0,25,0,0,0
370521,1,1,0,0,0,0,0,0,0,0,0,0
370521,2,1,0,0,0,0,0,0,0,0,0,0
370522,1,1,13,26,0,17,0,8,17,0,42,0
370523,1,1,11,11,26,20,15,0,27,1,0,33
370524,1,1,7,7,7,7,7,7,7,7,7,7
370526,1,1,0,0,0,0,0,0,0,0,0,0
370526,2,1,0,0,0,0,0,0,0,0,0,0
370527,1,1,0,10,0,0,0,22,17,21,0,0
370527,2,1,0,0,0,0,0,0,0,22,0,0
370528,0,1,31,13,13,6,16,32,12,22,18,0
370528,1,1,0,0,0,0,0,0,0,0,0,0
370528,2,1,0,0,0,0,0,0,0,0,0,0
370528,3,1,0,0,0,0,0,0,0,0,0,0
370529,1,1,0,20,0,0,0,0,0,0,0,0
370529,2,1,0,0,0,0,0,0,0,0,0,0
370529,3,1,0,0,0,0,0,0,0,18,0,0
370530,1,1,0,0,14,0,0,0,0,0,0,0
370531,1,1,0,0,0,0,0,0,0,0,0,0
370532,1,1,9,0,7,21,5,22,17,9,6,15
370533,1,1,25,25,25,25,25,25,25,25,25,25
370534,1,1,0,0,0,0,0,0,0,0,0,0
370534,2,1,0,0,0,0,0,0,0,0,0,6
370535,1,1,0,9,15,27,0,22,0,0,0,18
370536,1,1,12,12,12,12,12,12,12,12,12,12
370537,1,1,18,18,18,18,18,18,18,18,18,18
370538,1,1,0,12,0,0,30,0,9,0,0,0
370538,2,1,9,9,9,9,9,9,9,9,9,9
370539,1,1,0,0,0,12,0,0,0,0,0,0
370539,2,1,0,0,0,0,0,0,0,0,0,0
370540,1,1,0,0,0,0,0,0,0,0,0,0
370541,1,1,18,18,18,18,18,18,18,18,18,18
370542,1,1,0,0,0,0,0,0,0,0,0,0
370543,0,1,46,15,24,7,0,0,28,0,14,25
370543,1,1,9,9,9,9,9,9,9,9,9,9
370544,1,1,0,0,0,0,0,0,0,0,0,0
370544,2,1,0,0,0,0,0,0,0,0,0,0
370545,1,1,0,0,0,0,0,0,0,9,0,0
370545,2,1,0,0,0,0,0,0,0,0,0,0
370546,0,1,0,0,13,12,0,44,29,30,0,0
370546,1,1,0,0,0,0,0,0,0,0,0,0
370547,1,1,5,5,5,5,5,5,5,5,5,5
370548,1,1,0,0,0,0,0,0,0,0,0,0
370548,2,1,0,0,0,0,0,0,0,0,0,0
370549,1,1,0,0,6,0,22,0,0,0,0,0
370549,2,1,0,0,0,0,0,0,0,0,0,0
370549,3,1,15,0,0,0,0,0,21,0,0,0
370550,1,1,0,0,16,20,24,0,0,22,11,26
370551,1,1,0,0,39,14,0,0,23,0,0,0
370551,2,1,0,0,0,0,0,14,0,0,0,0
370552,1,1,0,0,0,0,0,0,0,0,0,0
370552,2,1,0,0,0,0,3,0,0,0,0,0
370553,1,1,18,25,5,0,26,0,14,25,0,18
370554,1,1,0,0,0,0,0,0,0,0,0,0
370554,2,1,0,0,0,0,0,0,0,0,0,0
370555,1,1,16,0,0,0,0,0,0,0,0,0
370556,1,1,19,19,19,19,19,19,19,19,19,19
370557,1,1,14,21,6,0,0,20,0,0,21,0
370558,1,1,0,0,0,0,0,0,27,0,0,0
370559,0,1,19,19,19,19,19,19,19,19,19,19
370559,1,1,0,0,0,0,0,0,0,0,0,0
370560,0,1,8,0,0,0,0,0,18,0,0,0
370560,1,1,0,0,0,0,0,0,0,0,0,0
370561,1,1,0,0,0,0,0,0,0,0,0,0
370562,1,1,27,4,0,0,0,0,0,36,0,0
370562,2,1,0,0,0,0,0,0,0,0,0,0
370563,1,1,0,0,0,0,0,0,0,0,0,0
370564,1,1,0,0,0,0,0,0,0,0,0,0
370565,2,1,13,14,27,4,30,21,11,13,7,12
370566,1,1,0,0,0,0,0,0,0,0,0,0
370566,2,1,0,0,0,0,0,0,0,0,0,0
370567,1,1,0,7,0,48,0,24,0,13,36,21
370568,0,1,16,16,16,16,16,16,16,16,16,16
370568,1,1,0,0,0,0,0,0,3,0,0,0
370569,1,1,0,0,11,0,0,0,0,0,0,0
370569,2,1,0,14,0,0,0,0,0,0,0,0
370570,0,1,10,10,10,10,10,10,10,10,10,10
370570,1,1,7,0,0,0,0,0,0,0,0,0
370571,0,1,15,15,15,15,15,15,15,15,15,15
370571,1,1,11,11,11,11,11,11,11,11,11,11
370572,1,1,14,14,14,14,14,14,14,14,14,14
370573,1,1,14,14,14,14,14,14,14,14,14,14
370574,1,1,0,0,0,0,9,11,0,0,0,0
370575,1,1,0,0,0,0,0,0,0,0,0,0
370575,2,1,0,0,0,0,0,0,0,0,0,0
370576,1,1,0,0,0,0,0,0,0,0,7,0
370576,2,1,0,0,0,0,0,14,0,0,0,0
370576,3,1,0,0,0,0,32,0,0,0,0,12
370577,1,1,0,0,0,0,0,0,0,0,0,0
370577,2,1,0,0,0,0,0,0,0,0,0,0
370578,1,1,0,0,0,0,0,0,0,0,0,0
370578,2,1,0,0,0,0,0,0,12,0,0,0
370579,1,1,0,0,0,0,0,0,0,0,0,0
370579,2,1,0,0,0,0,0,0,0,0,0,0
370580,1,1,0,0,0,0,0,0,0,0,0,0
370580,2,1,16,0,0,0,0,0,0,0,0,0
370581,1,1,0,0,0,0,0,0,0,7,0,0
370581,2,1,9,9,9,9,9,9,9,9,9,9
370582,0,1,0,0,0,0,0,0,0,0,0,0
370582,1,1,0,0,0,0,0,0,0,0,0,24
370583,1,1,19,0,0,0,0,0,0,0,0,0
370584,1,1,0,0,0,0,0,0,0,0,25,0
370584,2,1,0,0,0,0,0,0,0,0,0,0
370584,3,1,0,0,0,0,0,0,0,0,0,0
370585,1,1,0,0,0,0,0,0,0,0,0,0
370586,1,1,0,7,0,0,0,0,0,0,10,0
370586,2,1,0,0,0,0,24,0,0,0,0,15
370587,1,1,0,0,0,0,0,0,0,0,0,0
370587,2,1,0,0,0,0,0,0,0,0,0,0
370588,1,1,0,0,0,0,0,16,0,0,0,0
370589,1,1,8,34,10,9,13,8,33,32,31,16
370590,0,1,24,24,24,24,24,24,24,24,24,24
370590,1,1,18,18,18,18,18,18,18,18,18,18
370591,0,1,0,33,0,15,30,19,18,0,0,7
370591,1,1,0,11,0,0,0,0,0,0,0,0
370592,1,1,0,0,0,0,0,0,0,0,0,0
370592,2,1,0,0,0,0,0,0,0,0,0,0
370593,1,1,19,0,14,0,0,0,13,22,0,0
370594,0,1,0,11,19,0,18,0,0,0,0,10
370594,1,1,21,32,12,15,0,22,3,0,14,8
370595,0,1,0,23,0,0,0,0,0,0,0,0
370595,1,1,0,0,0,0,0,0,0,0,0,0
370596,1,1,0,0,0,0,0,0,8,0,0,0
370596,2,1,0,7,0,0,0,0,7,0,0,0
370597,1,1,0,0,24,0,0,0,0,0,0,0
370597,2,1,0,0,0,4,0,0,0,0,0,0
370598,1,1,0,0,0,0,0,0,0,0,7,0
370598,2,1,0,0,0,0,6,15,0,0,0,0
370599,1,1,0,0,0,0,0,0,0,0,0,0
370599,2,1,0,0,0,0,0,0,0,0,0,0
370600,1,1,0,0,0,0,0,0,0,0,0,0
370600,2,1,0,0,0,0,0,0,0,0,0,4
370601,1,1,0,0,0,0,0,0,0,0,0,0
370602,1,1,8,8,8,8,8,8,8,8,8,8
370603,1,1,0,0,0,0,0,0,0,0,35,0
370604,0,1,0,0,7,22,0,0,0,0,24,0
370604,1,1,0,11,14,0,18,0,0,0,10,0
370605,1,1,10,10,10,10,10,10,10,10,10,10
370605,2,1,0,0,0,0,0,0,0,0,0,0
370606,0,1,0,0,0,0,0,0,10,0,0,0
370606,1,1,0,0,0,0,0,0,0,0,0,0
370607,1,1,0,0,8,0,0,0,0,0,0,17
370607,2,1,0,0,0,0,0,0,0,0,0,15
370607,3,1,38,0,0,0,0,0,17,0,0,0
370607,4,1,0,0,0,0,0,0,0,0,0,0
370608,0,1,0,0,31,29,5,13,50,0,22,0
370608,1,1,0,0,0,33,0,0,0,0,0,0
370609,0,1,22,0,0,29,12,0,0,11,21,12
370609,1,1,0,0,0,0,0,0,0,0,0,0
370610,0,1,0,0,9,0,12,0,0,23,0,0
370610,1,1,25,0,0,15,18,0,0,12,11,8
370611,1,1,0,0,8,0,0,0,0,0,0,0
370611,2,1,0,0,0,0,0,0,0,0,0,0
370612,1,1,0,0,0,0,0,0,0,0,0,0
370612,2,1,0,11,26,0,0,0,0,0,0,0
370613,1,1,17,17,17,17,17,17,17,17,17,17
370614,1,1,0,0,0,0,0,0,0,0,0,0
370614,2,1,0,0,0,0,0,0,0,0,0,0
370615,1,1,0,21,25,0,26,0,0,0,0,24
370616,1,1,0,37,0,0,0,0,0,0,0,0
370617,1,1,0,0,14,0,15,0,0,0,5,0
370618,1,1,0,0,0,0,0,0,0,0,0,0
370618,2,1,0,0,0,0,0,0,0,0,0,0
370619,1,1,13,13,13,13,13,13,13,13,13,13
370620,1,1,0,0,0,0,0,0,0,0,0,0
370621,1,1,0,0,0,0,18,0,0,0,0,0
370622,1,1,0,0,0,0,0,0,0,0,0,0
370622,2,1,0,0,0,0,0,7,14,0,0,0
370622,3,1,0,0,0,0,0,0,0,0,0,0
370622,4,1,0,26,0,0,0,8,0,0,0,0
370622,5,1,0,0,0,0,0,0,0,0,0,0
370623,1,1,21,24,12,7,27,38,15,15,18,20
370624,1,1,0,0,0,0,0,0,0,0,0,0
370624,2,1,0,0,0,0,0,0,0,0,0,0
370625,1,1,14,11,19,0,13,16,18,21,18,18
370625,2,1,0,0,0,8,0,0,0,0,0,0
370626,1,1,0,0,0,0,0,27,12,0,0,0
370626,2,1,18,11,0,9,15,7,0,4,4,0
370627,1,1,7,7,7,7,7,7,7,7,7,7
370628,1,1,0,0,0,0,0,0,3,0,0,11
370629,1,1,0,0,0,0,0,0,0,0,0,0
370629,2,1,0,0,0,0,0,0,0,0,0,0
370630,1,1,27,0,18,0,17,0,0,0,0,0
370631,1,1,0,0,0,0,0,0,0,0,0,0
370632,1,1,25,25,25,25,25,25,25,25,25,25
370632,2,1,0,0,15,0,0,14,0,0,0,0
370633,1,1,0,12,0,0,0,0,0,0,0,0
370633,2,1,0,0,0,0,0,20,0,0,0,0
370634,1,1,10,9,19,29,27,16,30,11,7,0
370635,1,1,0,0,0,12,0,0,0,15,26,0
370636,1,1,0,0,0,0,0,0,0,0,0,0
370636,2,1,0,0,0,0,0,0,0,0,0,0
370637,1,1,0,0,0,0,0,0,0,0,0,0
370638,0,1,0,0,0,0,0,0,0,18,0,0
370638,1,1,0,22,0,21,21,0,0,0,0,0
370639,0,1,12,12,12,12,12,12,12,12,12,12
370639,2,1,0,0,0,0,0,0,0,0,0,0
370640,1,1,0,0,0,0,0,0,0,0,0,0
370640,2,1,0,0,0,0,0,0,0,0,0,0
370641,1,1,12,12,12,12,12,12,12,12,12,12
370641,2,1,0,0,12,0,0,0,0,0,0,0
370642,1,1,0,0,0,0,0,0,0,0,0,0
370642,2,1,0,0,0,0,0,0,0,0,0,0
370643,1,1,12,0,0,0,0,0,0,0,0,0
370644,1,1,7,7,7,7,7,7,7,7,7,7
370645,1,1,0,0,2,23,19,11,0,0,16,0
370646,1,1,0,0,0,22,0,0,0,0,15,0
370646,2,1,0,0,0,0,0,0,0,0,0,0
370647,1,1,0,0,0,0,0,0,0,6,20,0
370647,2,1,0,0,15,0,0,0,0,0,0,0
370648,1,1,22,22,22,22,22,22,22,22,22,22
370649,1,1,12,0,0,28,0,0,0,0,0,0
370650,1,1,0,0,0,0,0,0,0,0,0,0
370650,2,1,0,0,0,0,0,0,0,0,0,0
370651,1,1,0,0,0,0,0,0,0,0,0,0
370652,1,1,0,0,0,0,0,0,0,0,0,0
370652,2,1,0,0,0,0,0,0,0,0,0,0
370653,0,1,38,19,24,24,6,23,16,21,14,24
370653,1,1,25,11,11,20,0,5,0,11,0,0
370654,1,1,0,0,0,0,0,0,0,0,0,0
370654,2,1,0,0,0,0,0,0,0,0,0,0
370655,1,1,8,8,8,8,8,8,8,8,8,8
370655,2,1,0,0,0,0,0,0,20,0,0,0
370656,1,1,22,24,17,0,20,19,24,21,26,15
370658,1,1,0,0,0,0,0,0,0,0,0,0
370658,2,1,0,0,0,12,0,0,0,0,0,0
370658,3,1,0,0,0,32,0,0,0,0,0,0
370659,1,1,15,12,0,0,0,0,0,0,6,0
370659,2,1,0,0,0,0,0,0,0,0,0,0
370660,1,1,13,13,13,13,13,13,13,13,13,13
370661,1,1,0,0,0,0,0,0,0,0,0,0
370661,2,1,0,0,0,0,0,0,27,0,0,0
370662,1,1,0,0,0,0,0,0,0,0,0,0
370663,1,1,0,0,0,0,0,0,0,0,0,0
370663,2,1,0,19,0,0,0,0,0,0,0,0
370664,1,1,0,0,0,13,0,0,0,0,0,0
370664,2,1,20,0,25,0,0,0,0,0,0,0
370665,0,1,37,28,15,0,0,0,0,0,0,0
370665,1,1,0,0,0,0,13,0,0,14,35,0
370666,1,1,27,28,19,12,8,20,17,9,11,0
370666,2,1,0,14,0,24,0,0,0,31,0,0
370666,3,1,0,0,0,0,0,0,0,0,0,0
370666,4,1,0,0,0,14,0,0,0,0,0,0
370667,1,1,0,18,11,0,0,0,0,0,0,0
370668,1,1,13,13,13,13,13,13,13,13,13,13
370668,2,1,0,14,15,0,0,0,0,0,11,0
370669,1,1,0,0,0,0,0,0,0,0,16,0
370669,2,1,0,0,0,0,0,0,0,0,0,0
370670,1,1,6,6,6,6,6,6,6,6,6,6
370671,1,1,0,0,0,0,0,0,0,33,0,0
370672,1,1,13,13,13,13,13,13,13,13,13,13
370673,1,1,0,0,0,0,0,0,0,0,0,0
370674,1,1,0,0,0,0,0,0,0,0,0,0
370675,1,1,20,6,23,14,13,23,11,40,29,19
370676,1,1,0,29,0,5,6,32,10,0,0,11
370676,2,1,0,0,0,0,0,0,0,0,0,0
370676,3,1,0,0,0,0,0,22,0,0,0,0
370677,1,1,0,0,0,0,0,0,0,0,0,0
370677,2,1,0,0,8,0,0,0,0,0,28,0
370678,1,1,22,21,35,23,14,12,15,18,27,16
370678,2,1,0,0,10,0,0,0,0,0,0,0
370679,1,1,0,0,0,0,0,0,0,0,0,0
370679,2,1,0,20,0,0,8,0,0,23,0,10
370680,1,1,0,0,0,21,0,0,0,0,0,8
370681,1,1,18,18,18,18,18,18,18,18,18,18
370681,2,1,0,0,0,12,0,16,13,0,29,18
370682,1,1,15,15,15,15,15,15,15,15,15,15
370683,1,1,7,7,7,7,7,7,7,7,7,7
370684,1,1,0,0,0,0,0,0,0,0,0,0
370684,2,1,0,0,0,0,0,0,0,0,0,0
370684,3,1,0,0,0,0,0,0,0,0,0,0
370685,1,1,13,13,13,13,13,13,13,13,13,13
370686,1,1,18,18,18,18,18,18,18,18,18,18
370687,1,1,0,0,0,0,0,0,0,0,0,0
370688,0,1,8,8,0,0,14,0,0,15,9,0
370688,1,1,0,0,0,0,0,0,0,0,0,0
370689,1,1,20,20,20,20,20,20,20,20,20,20
370690,1,1,0,0,0,0,0,0,0,12,0,0
370690,2,1,0,0,0,0,0,0,0,0,0,0
370691,0,1,13,13,13,13,13,13,13,13,13,13
370691,1,1,0,12,18,0,0,32,13,27,0,25
370692,0,1,0,0,0,18,0,0,0,35,0,3
370692,1,1,15,29,0,0,0,0,0,0,0,0
370693,0,1,27,27,27,27,27,27,27,27,27,27
370693,1,1,0,0,0,0,0,0,0,0,0,0
370694,1,1,0,27,0,0,0,0,0,0,0,0
370695,1,1,41,0,0,0,0,0,0,0,0,0
370695,2,1,0,0,0,0,0,0,0,0,0,0
370696,1,1,0,0,0,0,0,0,0,0,0,0
370696,3,1,0,0,0,17,0,0,0,0,0,7
370697,1,1,26,26,26,26,26,26,26,26,26,26
370698,1,1,0,0,0,0,0,0,0,0,0,0
370698,2,1,0,0,0,0,0,0,0,0,0,0
370699,1,1,0,0,0,0,0,0,0,0,0,0
370699,2,1,0,0,0,0,0,0,0,0,0,0
370700,1,1,0,21,0,0,0,0,0,0,0,0
370700,2,1,0,0,6,0,0,0,0,0,9,0
370701,0,1,0,0,0,0,0,0,0,0,0,0
370701,1,1,22,0,0,0,0,0,35,0,0,12
370702,1,1,11,11,11,11,11,11,11,11,11,11
370703,1,1,0,0,0,0,15,0,0,0,0,0
370704,1,1,12,15,0,7,0,0,0,28,0,0
370705,2,1,26,26,26,26,26,26,26,26,26,26
370706,1,1,26,26,26,26,26,26,26,26,26,26
370707,1,1,2,2,2,2,2,2,2,2,2,2
370707,2,1,0,0,0,0,0,0,0,0,0,0
370708,1,1,0,0,0,0,24,0,0,0,0,0
370709,1,1,0,26,0,0,0,0,0,0,0,56
370709,2,1,4,4,4,4,4,4,4,4,4,4
370710,1,1,27,17,13,8,28,9,20,25,22,11
370711,1,1,0,0,0,0,0,0,0,0,0,0
370712,1,1,22,29,10,0,22,8,0,21,0,0
370713,1,1,0,0,0,0,0,0,0,0,0,0