ST_CASE,VEH_NO,PER_NO,P1,P2,P3,P4,P5,P6,P7,P8,P9,P10
390412,1,1,9,8,0,0,0,0,0,0,0,0
390412,2,1,22,22,22,22,22,22,22,22,22,22
390413,0,1,0,0,0,0,0,0,0,0,0,0
390413,1,1,0,14,0,0,0,0,0,16,0,12
390414,1,1,0,0,0,0,0,0,0,0,0,0
390415,1,1,5,5,5,5,5,5,5,5,5,5
390416,1,1,0,0,0,0,0,14,0,0,21,0
390416,2,1,0,0,0,22,0,0,0,0,14,0
390417,1,1,0,0,0,0,0,0,0,0,0,0
390418,1,1,32,32,32,32,32,32,32,32,32,32
390418,2,1,0,0,0,0,0,0,0,0,0,0
390419,1,1,13,13,13,13,13,13,13,13,13,13
390420,1,1,0,0,0,0,0,0,0,0,0,0
390421,1,1,26,26,26,26,26,26,26,26,26,26
390422,1,1,0,0,0,0,0,0,0,0,0,0
390422,2,1,0,0,0,0,0,0,0,0,0,0
390423,1,1,0,0,0,0,0,0,0,0,0,0
390423,2,1,0,0,0,0,0,0,0,0,0,0
390424,1,1,0,0,0,0,0,0,0,0,0,0
390424,2,1,0,0,0,0,0,0,0,0,0,0
390425,1,1,0,0,0,0,0,0,0,0,14,0
390426,1,1,0,13,0,0,16,0,0,0,0,0
390427,1,1,0,28,0,12,14,7,17,0,27,6
390428,0,1,0,0,0,0,0,0,0,0,0,0
390428,1,1,0,0,0,0,0,0,0,0,0,0
390429,0,1,0,0,0,0,0,0,0,0,0,0
390429,1,1,0,0,0,18,0,0,0,0,0,0
390430,0,1,0,0,0,0,0,0,0,0,0,0
390430,1,1,13,16,20,25,11,7,30,28,3,15
390431,1,1,20,20,20,20,20,20,20,20,20,20
390432,1,1,0,0,0,0,0,0,0,0,0,0
390434,1,1,0,0,0,0,0,0,0,0,0,0
390434,2,1,0,0,0,0,0,0,0,0,0,0
390435,1,1,28,28,28,28,28,28,28,28,28,28
390436,1,1,0,0,0,21,0,0,0,0,0,0
390436,2,1,9,3,6,10,7,18,17,10,11,4
390437,1,1,0,0,0,0,0,0,0,0,0,0
390437,2,1,0,0,0,0,0,0,0,0,0,0
390438,1,1,20,0,0,0,0,0,0,0,0,0
390439,1,1,0,0,0,0,0,0,0,0,0,0
390440,1,1,0,0,0,0,0,0,0,0,0,0
390440,2,1,0,0,0,0,0,0,4,0,0,0
390441,1,1,0,0,0,0,0,0,0,0,0,0
390441,2,1,0,0,0,0,0,0,0,0,0,0
390442,1,1,0,0,0,0,0,0,0,0,0,0
390442,2,1,0,0,0,0,0,0,0,0,0,0
390443,1,1,0,27,9,23,22,0,17,22,0,0
390444,1,1,0,0,0,0,0,0,0,0,0,0
390444,2,1,0,0,0,0,0,0,0,0,0,0
390445,1,1,0,0,0,0,0,0,0,0,0,0
390446,1,1,0,0,0,0,0,0,0,0,0,0
390447,1,1,0,0,0,0,0,0,0,0,0,0
390448,1,1,0,0,0,0,0,0,0,0,0,0
390448,2,1,10,0,6,0,0,0,0,0,0,0
390449,1,1,0,0,0,0,0,0,0,0,0,0
390449,2,1,0,0,0,0,0,0,0,0,0,0
390450,0,1,32,32,32,32,32,32,32,32,32,32
390450,1,1,33,0,4,21,22,4,18,11,0,8
390451,1,1,0,0,0,0,0,0,0,0,0,0
390451,2,1,0,0,0,0,0,0,0,0,0,0
390452,1,1,0,0,0,0,0,0,0,0,0,0
390452,2,1,0,0,0,0,0,0,0,0,0,0
390455,1,1,0,0,0,0,0,0,0,0,0,0
390456,1,1,0,0,0,0,0,0,22,0,0,0
390456,2,1,19,19,19,19,19,19,19,19,19,19
390457,1,1,28,28,28,28,28,28,28,28,28,28
390458,1,1,6,20,3,12,16,27,17,20,26,3
390458,2,1,0,0,0,0,0,35,6,0,0,0
390459,1,1,0,0,0,0,0,18,0,0,0,0
390459,2,1,0,0,0,0,0,0,0,0,0,0
390460,1,1,0,0,0,0,0,0,0,0,0,0
390461,1,1,0,0,0,0,0,0,0,0,0,0
390461,2,1,0,0,0,0,0,0,0,0,0,0
390462,1,1,0,0,0,0,0,0,0,0,0,0
390463,1,1,0,0,0,0,0,0,0,0,0,0
390463,2,1,0,0,0,0,0,0,0,0,0,0
390464,1,1,22,22,22,22,22,22,22,22,22,22
390465,1,1,0,0,0,0,0,0,0,0,0,0
390465,2,1,0,0,21,0,0,12,21,0,0,0
390466,1,1,21,21,21,21,21,21,21,21,21,21
390467,0,1,0,0,0,0,0,0,0,0,0,0
390467,1,1,0,0,0,0,18,0,26,0,0,33
390468,1,1,0,0,0,0,0,0,0,0,0,0
390468,2,1,0,0,0,0,11,0,14,0,0,0
390469,1,1,0,0,0,0,0,0,0,0,0,0
390469,2,1,0,0,0,0,0,5,6,0,0,0
390470,0,1,0,0,0,0,0,0,0,0,0,0
390470,1,1,0,0,0,0,0,0,13,0,0,0
390471,1,1,0,0,0,0,0,0,0,0,0,0
390472,1,1,16,0,0,0,0,0,0,0,0,0
390472,2,1,0,0,0,0,0,0,0,0,0,0
390473,1,1,10,10,10,10,10,10,10,10,10,10
390474,1,1,0,16,0,0,0,0,0,0,0,0
390474,2,1,0,0,0,17,0,0,18,0,0,0
390475,1,1,0,0,0,0,0,0,0,0,0,11
390475,2,1,0,2,0,0,0,0,0,0,0,0
390475,3,1,0,0,0,0,0,0,0,0,0,0
390476,1,1,0,0,11,0,0,0,0,0,0,18
390476,2,1,0,0,0,0,0,0,0,0,0,0
390477,1,1,0,30,0,0,0,0,0,0,8,0
390477,2,1,0,0,34,0,0,12,28,0,0,0
390478,1,1,0,0,0,0,0,0,0,0,0,0
390479,1,1,0,0,0,14,0,0,0,0,0,0
390479,2,1,0,0,34,18,0,0,0,0,0,0
390480,1,1,0,0,0,0,0,0,0,0,0,0
390480,2,1,0,0,0,0,0,0,0,0,0,0
390482,1,1,0,0,0,0,0,0,0,0,0,0
390482,2,1,0,0,0,0,0,0,0,0,7,40
390482,3,1,0,0,0,15,0,0,0,0,0,0
390484,1,1,3,3,3,3,3,3,3,3,3,3
390484,2,1,0,0,0,0,0,0,0,0,0,0
390485,0,1,23,23,23,23,23,23,23,23,23,23
390485,1,1,17,14,19,17,14,30,18,25,10,16
390486,1,1,0,0,0,0,0,0,0,0,5,0
390486,2,1,0,0,0,0,0,0,0,0,0,0
390487,1,1,0,0,0,0,0,0,0,0,0,0
390487,2,1,0,0,0,0,0,0,0,0,0,0
390488,1,1,0,0,0,0,0,0,0,12,0,15
390488,2,1,0,0,0,0,0,0,4,0,0,0
390489,1,1,0,0,0,0,0,0,0,0,0,0
390490,1,1,10,10,10,10,10,10,10,10,10,10
390491,1,1,0,0,0,0,0,0,0,0,0,0
390492,1,1,26,26,26,26,26,26,26,26,26,26
390493,1,1,6,8,0,0,0,21,23,3,0,24
390493,2,1,0,14,0,0,0,21,0,0,0,0
390493,3,1,22,28,0,0,22,0,0,0,0,0
390494,1,1,0,13,11,24,0,0,0,0,0,0
390495,1,1,0,0,0,0,0,0,0,0,0,0
390495,2,1,0,0,0,24,0,0,0,0,0,10
390496,1,1,28,28,28,28,28,28,28,28,28,28
390497,1,1,0,0,0,0,0,0,0,0,0,0
390497,2,1,17,0,0,0,0,0,0,0,0,0
390497,3,1,4,4,4,4,4,4,4,4,4,4
390498,1,1,0,0,0,0,0,0,0,0,0,0
390498,2,1,0,0,0,0,0,0,0,0,0,0
390499,1,1,0,0,0,0,0,0,0,0,0,0
390500,1,1,0,0,14,0,0,0,0,0,0,0
390500,2,1,0,0,0,0,8,0,0,0,14,16
390501,0,1,0,0,0,0,0,0,0,0,0,0
390501,1,1,0,15,0,0,21,0,4,19,0,0
390502,1,1,0,0,0,0,0,0,0,0,0,0
390502,2,1,21,21,21,21,21,21,21,21,21,21
390503,1,1,0,0,0,0,0,0,0,0,0,0
390504,1,1,0,0,0,0,0,0,0,0,0,0
390504,2,1,0,0,0,0,0,0,0,0,0,0
390505,1,1,0,0,0,0,0,0,0,0,0,0
390506,1,1,0,0,0,0,0,0,0,0,0,0
390507,1,1,0,0,0,0,0,0,0,0,0,0
390508,1,1,0,0,0,0,0,0,0,0,0,0
390508,2,1,0,0,0,0,0,0,0,0,0,0
390509,1,1,0,0,0,0,0,0,0,0,0,0
390510,1,1,0,0,0,0,0,0,0,0,0,0
390510,2,1,0,0,0,0,0,0,0,0,0,0
390511,1,1,0,20,16,0,15,0,0,0,0,8
390512,1,1,13,12,18,4,0,19,36,21,11,10
390513,2,1,0,0,0,0,0,0,0,0,0,0
390514,1,1,0,0,0,0,0,0,0,0,0,0
390514,2,1,0,0,10,0,0,0,0,0,0,0
390515,1,1,26,26,26,26,26,26,26,26,26,26
390516,1,1,0,0,0,0,0,0,0,0,0,0
390516,2,1,2,0,0,0,0,0,0,0,0,0
390517,1,1,19,0,3,0,0,0,0,0,0,0
390517,2,1,5,0,0,0,0,0,0,5,0,0
390517,3,1,5,5,5,5,5,5,5,5,5,5
390518,1,1,16,0,0,0,0,0,17,0,0,0
390519,1,1,28,0,0,17,0,0,40,0,0,8
390519,2,1,0,0,0,0,0,0,0,0,0,0
390520,0,1,22,22,22,22,22,22,22,22,22,22
390520,1,1,22,0,9,23,0,0,16,19,14,9
390521,1,1,16,0,17,17,26,10,22,9,12,11
390522,1,1,0,0,0,36,32,19,14,0,39,0
390522,2,1,0,9,0,0,10,0,0,17,0,0
390523,0,1,0,0,0,0,0,0,0,0,0,0
390523,1,1,23,0,0,0,14,0,0,0,0,9
390524,1,1,0,0,0,0,0,0,0,0,0,0
390525,1,1,0,0,0,9,0,0,26,0,27,0
390526,1,1,0,0,11,0,0,9,0,0,28,17
390526,2,1,0,0,0,0,0,0,0,0,0,0
390527,1,1,0,0,0,0,0,0,0,0,0,0
390528,1,1,0,0,0,0,0,0,0,0,0,0
390528,2,1,0,0,0,7,11,0,12,0,18,0
390529,1,1,0,0,0,0,27,11,26,0,10,0
390529,2,1,0,0,0,0,0,0,0,0,0,0
390530,1,1,14,14,14,14,14,14,14,14,14,14
390531,1,1,0,0,0,0,0,0,0,0,0,0
390531,2,1,0,0,0,0,0,0,0,0,0,0
390532,0,1,19,14,20,0,0,12,37,0,15,0
390532,1,1,0,0,0,0,0,0,0,0,9,0
390533,1,1,10,10,10,10,10,10,10,10,10,10
390534,0,1,0,0,0,0,0,0,0,0,0,0
390534,1,1,0,0,0,0,0,0,0,0,0,0
390535,1,1,0,0,0,0,0,0,0,0,0,0
390536,0,1,0,0,0,33,28,21,0,7,27,0
390536,1,1,15,0,0,0,0,0,0,0,0,19
390537,1,1,0,21,0,0,0,6,0,0,19,0
390537,2,1,0,0,0,8,0,0,0,17,0,0
390538,1,1,18,18,18,18,18,18,18,18,18,18
390538,2,1,16,16,16,16,16,16,16,16,16,16
390539,1,1,0,0,0,0,0,0,0,0,0,0
390539,2,1,0,0,0,0,0,0,0,0,0,0
390540,1,1,9,14,21,31,16,15,14,27,17,9
390541,1,1,0,0,0,0,0,0,0,0,0,0
390541,2,1,0,0,0,0,0,0,0,0,0,0
390542,1,1,0,0,0,0,0,0,0,0,0,0
390543,1,1,20,20,20,20,20,20,20,20,20,20
390544,1,1,2,2,2,2,2,2,2,2,2,2
390545,1,1,0,0,0,0,0,0,0,0,0,0
390546,1,1,0,0,0,0,0,0,0,0,0,0
390546,2,1,0,0,9,0,0,0,0,0,0,0
390546,3,1,0,0,0,0,16,0,0,0,0,0
390547,0,1,0,0,0,0,0,0,0,0,0,0
390547,1,1,16,0,11,59,23,0,29,5,0,23
390548,0,1,18,18,18,18,18,18,18,18,18,18
390548,1,1,0,0,11,20,0,34,0,0,21,0
390548,2,1,0,0,0,0,19,0,0,33,26,0
390549,1,1,13,13,13,13,13,13,13,13,13,13
390550,1,1,0,0,0,0,0,0,0,0,0,0
390550,2,1,0,0,0,0,0,0,0,0,0,0
390551,1,1,0,0,19,0,0,0,0,0,0,0
390552,1,1,0,0,0,0,0,0,0,0,0,0
390552,2,1,0,0,0,0,0,0,0,0,0,0
390553,1,1,17,17,17,17,17,17,17,17,17,17
390554,1,1,0,0,0,0,0,0,0,0,0,0
390555,1,1,0,0,19,0,0,21,0,0,0,0
390555,2,1,0,0,0,0,0,0,0,0,0,0
390555,3,1,0,0,9,8,0,0,0,0,12,0
390556,1,1,0,0,0,0,0,0,0,0,0,0
390556,2,1,0,0,0,0,0,0,0,0,0,0
390557,1,1,31,31,31,31,31,31,31,31,31,31
390558,1,1,0,0,0,0,0,0,0,0,0,0
390558,2,1,3,3,3,3,3,3,3,3,3,3
390559,1,1,0,0,0,0,0,0,0,0,0,0
390560,1,1,0,0,0,0,0,0,0,0,0,0
390561,1,1,0,0,0,0,0,0,0,0,0,0
390562,1,1,0,0,0,0,0,0,0,0,0,0
390563,1,1,0,0,0,0,0,0,0,0,0,0
390563,2,1,0,0,0,0,0,0,0,0,0,0
390564,1,1,0,0,0,0,0,0,0,0,0,0
390564,2,1,0,0,0,0,0,0,0,0,0,0
390564,3,1,0,0,0,0,0,0,0,23,0,0
390565,0,1,19,19,19,19,19,19,19,19,19,19
390565,1,1,33,14,0,10,13,9,0,0,25,10
390566,1,1,0,0,0,0,0,0,0,0,0,0
390567,1,1,0,0,0,0,0,0,0,0,0,0
390567,2,1,0,0,0,0,0,0,0,0,0,0
390567,3,1,0,0,0,0,0,0,0,0,0,0
390568,1,1,3,3,3,3,3,3,3,3,3,3
390569,1,1,0,0,0,14,0,0,0,0,0,0
390569,2,1,0,0,0,13,0,0,0,17,15,0
390569,3,1,0,0,0,10,0,0,0,0,0,0
390569,4,1,0,0,0,0,0,0,0,0,0,0
390570,1,1,22,21,4,18,5,23,0,16,30,14
390571,0,1,0,0,0,0,0,0,0,0,0,0
390571,1,1,0,0,0,0,0,6,0,0,0,11
390572,1,1,0,0,0,19,0,0,0,0,0,0
390573,1,1,0,0,0,0,0,0,0,0,0,0
390573,2,1,0,0,0,0,0,0,0,0,0,0
390574,1,1,9,5,14,22,2,10,29,17,5,7
390574,2,1,0,0,0,0,0,0,0,0,0,0
390575,1,1,30,30,30,30,30,30,30,30,30,30
390575,2,1,0,0,7,36,20,0,17,0,0,0
390576,1,1,16,16,16,16,16,16,16,16,16,16
390577,1,1,23,23,23,23,23,23,23,23,23,23
390578,1,1,0,0,0,0,0,0,0,0,0,0
390578,2,1,0,0,0,0,0,0,0,0,0,0
390579,1,1,0,0,0,0,0,0,0,0,0,0
390579,2,1,0,0,0,0,0,0,0,8,0,0
390580,1,1,11,11,11,11,11,11,11,11,11,11
390581,0,1,0,0,0,0,0,0,0,0,0,0
390581,1,1,0,0,0,0,0,0,0,0,0,0
390582,0,1,3,3,3,3,3,3,3,3,3,3
390582,1,1,19,19,19,19,19,19,19,19,19,19
390583,1,1,7,7,7,7,7,7,7,7,7,7
390584,0,1,0,0,0,0,0,0,0,0,0,0
390584,1,1,16,16,16,16,16,16,16,16,16,16
390585,1,1,0,0,0,0,0,0,0,0,25,0
390585,2,1,0,0,0,0,0,18,0,18,0,0
390586,1,1,0,0,0,0,0,0,0,0,0,0
390587,1,1,8,8,8,8,8,8,8,8,8,8
390588,1,1,0,0,0,0,0,0,0,0,0,0
390588,2,1,0,0,0,0,0,0,0,0,0,0
390589,1,1,1,1,1,1,1,1,1,1,1,1
390589,2,1,0,0,0,0,0,0,0,0,0,0
390589,3,1,0,0,0,0,0,0,0,0,0,0
390590,1,1,23,23,23,23,23,23,23,23,23,23
390590,2,1,0,0,0,0,0,0,0,0,0,0
390590,3,1,0,0,36,0,0,0,0,0,6,19
390591,1,1,30,30,30,30,30,30,30,30,30,30
390592,0,1,0,0,0,0,0,0,0,0,0,0
390592,1,1,0,0,0,0,0,19,12,0,0,19
390593,1,1,8,8,8,8,8,8,8,8,8,8
390594,0,1,29,29,29,29,29,29,29,29,29,29
390594,1,1,8,25,0,0,0,0,18,0,0,23
390595,1,1,0,0,0,0,0,0,0,0,0,13
390596,0,1,0,0,0,0,0,0,0,0,0,0
390596,1,1,0,0,0,11,0,0,0,0,0,0
390598,1,1,27,27,27,27,27,27,27,27,27,27
390598,2,1,0,0,0,0,0,0,0,0,0,0
390599,1,1,10,12,0,0,0,5,7,4,0,0
390599,2,1,6,6,6,6,6,6,6,6,6,6
390600,1,1,0,0,0,0,0,0,0,0,0,0
390601,1,1,0,0,0,0,0,0,0,0,0,0
390602,0,1,0,30,0,15,21,15,0,0,0,0
390602,1,1,0,13,0,10,0,0,0,19,0,0
390603,1,1,0,8,0,9,14,0,0,0,0,0
390604,1,1,19,19,19,19,19,19,19,19,19,19
390605,0,1,0,0,0,0,0,0,0,0,0,0
390605,1,1,12,19,21,35,0,0,0,0,0,0
390606,1,1,0,0,0,0,0,0,0,0,0,0
390607,1,1,0,0,0,0,0,0,0,0,0,0
390607,2,1,0,0,0,0,0,0,0,0,0,0
390608,1,1,0,0,0,0,0,0,0,0,0,0
390608,2,1,0,0,0,0,0,12,0,0,0,0
390608,3,1,0,0,0,0,0,0,0,0,0,11
390608,4,1,0,0,0,0,0,0,0,0,0,0
390609,0,1,0,0,0,0,0,0,0,0,0,0
390609,1,1,0,0,0,0,0,0,0,0,0,9
390610,1,1,2,2,2,2,2,2,2,2,2,2
390611,1,1,0,0,0,0,0,0,0,0,0,0
390612,0,1,0,0,0,0,0,0,0,0,0,0
390612,1,1,0,0,0,0,0,0,0,0,0,0
390613,1,1,0,5,8,0,0,0,17,0,0,10
390613,2,1,16,0,0,0,18,18,0,0,0,0
390614,0,1,0,0,0,0,0,0,0,0,0,0
390614,0,2,0,0,0,0,0,0,0,0,0,0
390614,1,1,0,0,0,0,0,0,0,0,0,0
390615,1,1,21,0,13,0,0,0,0,0,20,0
390615,2,1,0,0,0,0,0,0,0,0,0,0
390616,1,1,0,0,0,0,0,0,0,0,0,0
390616,2,1,0,0,0,0,0,0,0,0,0,0
390617,1,1,0,0,0,0,0,0,0,0,0,0
390617,2,1,0,0,2,0,0,10,0,0,0,0
390618,1,1,17,17,17,17,17,17,17,17,17,17
390619,1,1,4,4,4,4,4,4,4,4,4,4
390620,1,1,0,0,0,0,0,0,0,0,0,17
390620,2,1,0,0,0,0,21,22,0,0,0,0
390620,3,1,0,0,0,0,0,0,0,0,0,0
390621,1,1,0,18,8,13,21,10,0,0,10,0
390622,0,1,19,19,19,19,19,19,19,19,19,19
390622,1,1,11,0,0,7,14,39,0,7,0,17
390623,1,1,0,0,0,0,0,0,0,0,0,0
390624,1,1,0,0,0,0,0,0,0,0,0,0
390624,2,1,0,0,0,0,0,0,0,0,0,0
390625,1,1,0,0,0,0,0,0,0,0,0,0
390625,2,1,0,0,0,0,0,0,0,0,0,0
390626,1,1,1,1,1,1,1,1,1,1,1,1
390627,1,1,19,19,19,19,19,19,19,19,19,19
390628,1,1,3,3,3,3,3,3,3,3,3,3
390629,1,1,0,0,0,0,0,0,0,0,0,0
390630,1,1,0,0,0,0,0,0,0,0,0,0
390630,2,1,0,0,0,0,0,0,0,0,0,0
390631,1,1,0,0,0,0,0,0,0,0,0,0
390631,2,1,0,0,0,0,0,10,0,0,0,11
390632,1,1,21,21,21,21,21,21,21,21,21,21
390633,1,1,18,18,18,18,18,18,18,18,18,18
390633,2,1,0,0,0,0,0,0,0,0,15,0
390633,3,1,0,0,0,0,0,0,0,0,0,3
390634,0,1,6,6,6,6,6,6,6,6,6,6
390634,0,2,10,10,10,10,10,10,10,10,10,10
390634,2,1,0,0,0,0,0,0,0,0,0,0
390635,1,1,0,0,0,0,0,0,0,0,0,0
390635,2,1,0,0,0,17,0,0,0,0,0,0
390636,1,1,0,0,0,0,0,0,0,0,0,0
390637,1,1,0,0,0,0,0,0,0,0,0,0
390638,1,1,0,0,0,0,0,0,0,0,0,0
390639,0,1,23,23,23,23,23,23,23,23,23,23
390639,1,1,3,0,0,12,0,0,9,25,0,18
390640,1,1,11,0,10,37,0,0,28,0,18,0
390641,1,1,0,0,0,0,0,0,0,0,0,0
390642,1,1,23,9,17,21,26,16,8,6,13,23
390643,1,1,5,5,5,5,5,5,5,5,5,5
390643,2,1,0,0,0,0,0,0,0,0,0,0
390644,0,1,0,0,0,0,0,0,0,0,0,0
390644,1,1,0,0,0,0,0,0,0,0,0,0
390645,1,1,0,0,0,0,0,0,0,0,0,0
390645,2,1,0,0,0,0,0,0,0,0,0,0
390646,1,1,0,0,0,0,0,0,0,0,0,0
390646,2,1,0,0,0,0,0,0,0,0,0,0
390647,1,1,0,0,0,0,0,0,0,0,0,0
390647,2,1,0,8,0,0,0,0,0,0,0,0
390648,1,1,0,0,27,6,8,0,0,0,16,23
390649,1,1,7,0,4,1,0,7,2,6,10,21
390650,1,1,0,0,0,0,0,0,0,0,0,0
390650,2,1,0,0,0,0,0,0,0,0,0,0
390651,1,1,0,0,0,0,0,0,0,0,0,0
390651,2,1,0,0,0,0,0,0,0,0,0,0
390652,0,1,0,0,0,0,0,0,0,0,0,0
390652,1,1,16,0,0,0,0,0,0,12,0,0
390653,1,1,13,13,13,13,13,13,13,13,13,13
390654,1,1,4,4,4,4,4,4,4,4,4,4
390655,1,1,0,0,0,0,0,0,0,0,0,0
390655,2,1,0,0,0,0,0,0,0,0,0,0
390656,1,1,0,0,0,0,0,0,0,0,0,0
390656,2,1,0,0,0,0,0,0,0,0,0,0
390657,1,1,5,5,5,5,5,5,5,5,5,5
390657,2,1,0,5,0,39,0,0,0,0,0,8
390657,3,1,0,0,0,0,0,0,0,0,0,0
390657,4,1,6,0,0,0,0,0,0,0,0,0
390658,1,1,0,0,0,0,0,0,0,0,0,0
390659,1,1,0,0,0,0,0,0,0,0,0,0
390659,2,1,0,0,0,0,0,0,0,0,0,0
390661,0,1,15,15,15,15,15,15,15,15,15,15
390661,1,1,16,19,10,11,7,11,4,5,13,4
390662,1,1,8,30,27,0,4,17,7,9,11,11
390663,0,1,0,0,0,0,27,0,0,16,0,0
390663,1,1,0,0,0,0,0,0,0,0,0,0
390664,1,1,0,0,0,0,0,0,0,0,0,0
390664,2,1,0,0,0,14,0,0,24,0,0,11
390665,1,1,11,11,11,11,11,11,11,11,11,11
390665,2,1,0,0,0,12,0,0,4,0,0,0
390665,3,1,0,0,0,0,0,0,0,0,0,0
390666,0,1,0,0,0,0,0,0,0,0,0,0
390666,1,1,0,0,0,0,0,0,0,0,0,0
390667,1,1,0,21,0,0,0,0,0,0,20,0
390667,2,1,0,0,0,0,0,0,0,0,0,0
390668,1,1,11,14,0,0,0,0,17,24,0,24
390669,0,1,0,0,0,0,0,0,0,0,0,0
390669,1,1,0,0,0,0,0,0,0,10,0,0
390670,1,1,0,0,0,0,0,0,0,0,0,0
390671,1,1,15,15,15,15,15,15,15,15,15,15
390672,1,1,29,29,29,29,29,29,29,29,29,29
390672,2,1,0,0,0,0,0,18,6,0,0,0
390672,3,1,10,14,0,0,10,0,0,0,20,0
390673,1,1,0,0,0,0,0,0,0,0,0,0
390674,0,1,0,0,0,0,0,0,0,0,0,0
390674,1,1,0,0,0,0,0,0,0,0,0,0
390675,1,1,0,0,0,0,0,0,0,0,0,0
390675,2,1,0,0,0,0,0,0,0,0,0,0
390676,1,1,0,0,0,0,0,0,0,0,16,11
390676,2,1,0,12,0,0,0,26,0,33,0,0
390677,0,1,30,30,30,30,30,30,30,30,30,30
390677,1,1,14,14,14,14,14,14,14,14,14,14
390678,1,1,0,0,0,16,0,0,6,0,13,10
390678,2,1,0,0,0,12,0,0,32,0,0,29
390679,1,1,7,7,7,7,7,7,7,7,7,7
390680,1,1,25,25,25,25,25,25,25,25,25,25
390681,0,1,3,3,3,3,3,3,3,3,3,3
390681,1,1,0,6,0,0,0,0,0,0,0,0
390682,1,1,0,0,0,0,0,0,0,0,0,0
390682,2,1,0,0,0,0,0,0,0,0,0,0
390683,1,1,0,0,0,0,0,0,0,0,0,0
390684,1,1,0,0,0,0,0,0,0,0,0,26
390684,2,1,8,8,8,8,8,8,8,8,8,8
390685,1,1,9,9,9,9,9,9,9,9,9,9
390686,1,1,0,0,0,0,0,10,20,0,18,0
390687,1,1,0,0,0,0,0,0,0,0,0,0
390688,1,1,0,0,0,0,0,0,0,0,0,0
390688,2,1,0,0,0,0,0,0,0,0,8,0
390689,1,1,22,22,22,22,22,22,22,22,22,22
390689,2,1,0,0,0,0,0,0,0,0,0,0
390689,3,1,24,0,0,0,0,0,0,0,7,0
390689,4,1,22,8,0,0,0,13,0,0,11,9
390690,1,1,0,0,6,0,12,13,16,0,0,0
390690,2,1,0,0,0,0,0,0,0,0,28,0
390690,3,1,0,0,0,0,0,0,0,0,0,0
390691,0,1,0,0,0,0,0,0,0,0,0,0
390691,1,1,0,0,0,0,0,0,0,0,0,0
390692,1,1,24,24,24,24,24,24,24,24,24,24
390692,2,1,13,0,0,0,0,0,16,0,0,11
390693,1,1,19,19,19,19,19,19,19,19,19,19
390693,2,1,0,0,14,3,0,0,0,0,0,0
390694,1,1,18,16,0,3,0,31,0,0,0,0
390694,2,1,9,8,8,21,24,15,18,14,11,8
390695,1,1,21,21,21,21,21,21,21,21,21,21
390696,1,1,15,15,15,15,15,15,15,15,15,15
390697,1,1,13,13,13,13,13,13,13,13,13,13
390697,2,1,0,29,17,0,0,22,0,0,0,0
390698,1,1,0,0,0,0,0,0,0,0,0,0
390698,2,1,0,0,0,17,0,5,0,0,0,0
390699,1,1,0,14,0,8,6,0,0,0,0,0
390699,2,1,12,12,12,12,12,12,12,12,12,12
390700,0,1,0,0,0,0,0,0,0,0,0,0
390700,1,1,0,0,0,0,0,0,0,0,0,0
390701,1,1,0,0,0,0,0,0,0,0,0,0
390701,2,1,0,6,0,0,0,0,0,0,0,0
390702,1,1,0,0,0,0,0,0,0,0,0,0
390702,2,1,0,0,0,0,0,0,0,0,0,0
390703,0,1,18,18,18,18,18,18,18,18,18,18
390703,1,1,11,0,16,20,13,0,0,21,8,0
390704,1,1,0,0,0,0,0,0,0,0,0,0
390705,1,1,4,4,4,4,4,4,4,4,4,4
390706,1,1,11,0,0,0,0,0,13,0,0,0
390706,2,1,0,16,0,0,12,0,0,0,0,6
390707,1,1,4,4,4,4,4,4,4,4,4,4
390708,1,1,12,12,12,12,12,12,12,12,12,12
390708,2,1,0,0,6,16,23,0,0,0,0,0
390709,1,1,0,0,0,0,0,0,0,0,0,0
390709,2,1,9,0,0,0,0,0,0,0,0,0
390710,1,1,0,0,0,0,0,0,0,0,24,0
390710,2,1,0,0,0,0,0,11,0,0,0,0
390711,0,1,28,28,28,28,28,28,28,28,28,28
390711,1,1,0,20,0,22,0,0,0,20,17,11
390712,1,1,0,0,0,0,0,0,0,0,0,0
390712,2,1,0,0,0,0,0,0,0,0,0,0
390714,0,1,0,0,0,0,0,0,0,0,0,0
390714,1,1,0,0,24,0,0,20,0,0,9,26
390715,1,1,14,0,0,0,0,0,14,0,0,0
390715,2,1,0,0,0,0,0,0,0,0,0,0
390715,3,1,0,0,0,0,0,2,0,0,0,0
390716,1,1,0,0,0,0,0,0,0,0,0,0
390716,2,1,0,0,0,15,0,0,0,0,0,0
390717,1,1,3,3,3,3,3,3,3,3,3,3
390718,1,1,0,0,0,0,0,0,0,0,0,0
390718,2,1,2,2,2,2,2,2,2,2,2,2
390719,1,1,0,0,0,0,0,0,0,0,0,0
390719,2,1,0,0,0,0,0,0,0,0,0,0
390720,1,1,0,0,0,0,0,0,0,0,0,0