ST_CASE,VEH_NO,PER_NO,P1,P2,P3,P4,P5,P6,P7,P8,P9,P10
400136,1,1,3,3,3,3,3,3,3,3,3,3
400136,2,1,0,0,0,0,0,0,0,0,0,0
400137,1,1,0,0,0,0,0,0,0,4,0,0
400138,1,1,0,0,0,0,0,0,0,0,0,0
400139,1,1,0,0,0,0,0,0,0,0,0,0
400141,1,1,0,0,0,0,0,0,0,0,0,0
400142,1,1,21,21,21,21,21,21,21,21,21,21
400143,1,1,0,0,0,0,0,0,0,0,0,0
400143,2,1,0,0,0,0,0,0,0,0,0,0
400144,1,1,22,22,22,22,22,22,22,22,22,22
400145,1,1,0,0,0,0,0,0,0,0,0,0
400145,2,1,0,0,0,0,0,0,0,0,0,0
400145,3,1,0,0,0,0,0,0,0,0,0,0
400146,1,1,5,5,5,5,5,5,5,5,5,5
400147,0,1,0,0,0,0,0,0,0,0,0,0
400147,1,1,0,0,0,0,0,0,0,0,0,0
400148,1,1,6,0,0,0,0,0,0,0,0,0
400149,1,1,27,27,27,27,27,27,27,27,27,27
400150,1,1,0,0,0,0,0,0,0,0,0,0
400151,1,1,34,34,34,34,34,34,34,34,34,34
400151,2,1,0,0,0,0,0,0,0,0,0,0
400152,1,1,0,0,0,0,0,0,0,0,0,0
400152,2,1,0,0,0,0,0,0,0,0,0,0
400152,3,1,16,0,0,0,0,0,0,0,0,0
400152,4,1,0,0,0,0,0,0,0,0,0,0
400154,1,1,17,17,17,17,17,17,17,17,17,17
400155,1,1,15,15,15,15,15,15,15,15,15,15
400156,1,1,0,0,0,0,0,0,0,0,0,0
400156,2,1,0,0,0,0,0,0,0,0,0,0
400156,3,1,0,0,0,4,7,0,0,0,0,0
400157,1,1,0,0,0,0,28,0,0,0,0,0
400157,2,1,0,0,0,0,0,0,0,0,0,0
400158,1,1,0,0,0,0,0,0,0,0,0,0
400159,1,1,0,0,0,0,0,0,0,0,0,0
400159,2,1,0,0,6,0,0,0,0,0,0,0
400160,1,1,0,0,0,0,0,0,0,0,0,0
400161,1,1,26,26,26,26,26,26,26,26,26,26
400162,1,1,36,36,36,36,36,36,36,36,36,36
400163,1,1,3,3,3,3,3,3,3,3,3,3
400164,1,1,0,0,0,0,0,0,0,0,0,0
400164,2,1,0,0,0,0,0,0,0,0,0,0
400164,3,1,0,0,0,0,3,0,0,0,0,0
400165,1,1,0,0,0,0,0,0,0,0,0,0
400166,1,1,0,0,0,0,0,0,0,0,0,0
400167,1,1,0,0,0,0,0,0,0,0,0,0
400167,2,1,0,0,0,0,0,0,0,0,0,0
400168,1,1,0,0,19,13,17,14,12,24,30,18
400169,1,1,0,0,0,0,0,24,10,0,0,0
400169,2,1,0,0,0,0,0,12,0,0,0,0
400170,1,1,18,18,29,16,18,7,20,20,11,8
400170,2,1,0,0,0,0,0,0,0,0,0,0
400171,0,1,0,0,0,0,0,0,0,0,0,0
400171,1,1,0,0,0,0,0,0,0,0,0,0
400172,1,1,3,3,3,3,3,3,3,3,3,3
400173,1,1,14,14,14,14,14,14,14,14,14,14
400174,1,1,0,0,0,0,0,0,0,0,0,0
400175,1,1,23,23,23,23,23,23,23,23,23,23
400175,2,1,0,0,0,0,0,0,0,0,0,0
400175,3,1,0,0,0,0,0,14,0,0,0,0
400175,4,1,0,0,0,0,0,13,0,0,0,0
400176,1,1,0,0,0,0,0,0,0,0,0,0
400177,1,1,0,0,0,0,0,0,0,0,0,0
400178,1,1,0,0,0,0,0,0,0,0,0,0
400178,2,1,0,0,0,0,0,0,0,0,0,0
400179,1,1,0,0,0,0,0,0,0,0,0,0
400179,2,1,0,0,0,0,0,0,0,0,0,0
400180,1,1,9,9,9,9,9,9,9,9,9,9
400180,2,1,0,0,0,0,0,0,0,0,0,0
400181,1,1,0,0,0,0,0,0,0,0,0,0
400181,2,1,0,0,0,0,0,0,0,0,0,0
400182,0,1,0,0,0,0,0,0,0,0,0,0
400182,1,1,0,0,0,0,0,0,0,0,0,0
400183,1,1,9,9,9,9,9,9,9,9,9,9
400184,1,1,0,0,0,0,0,0,0,0,0,0
400185,1,1,0,0,0,0,0,0,0,0,0,0
400185,2,1,0,0,0,0,0,0,0,0,0,0
400186,1,1,0,0,0,0,0,0,0,0,0,0
400186,2,1,0,0,0,0,0,0,0,0,0,0
400187,1,1,0,0,0,0,0,0,0,0,0,0
400188,0,1,0,0,0,0,0,0,0,0,0,0
400188,0,2,0,0,0,0,0,0,0,0,0,0
400188,0,3,0,0,0,0,0,0,0,0,0,0
400188,0,4,0,0,0,0,0,0,15,0,0,0
400188,0,5,0,0,0,0,0,0,0,0,0,0
400188,0,6,0,0,0,0,0,0,0,0,0,0
400188,0,7,0,0,0,0,0,0,0,0,0,0
400188,1,1,6,6,6,6,6,6,6,6,6,6
400188,2,1,0,0,0,0,0,0,0,0,0,0
400189,0,1,30,30,30,30,30,30,30,30,30,30
400189,1,1,0,0,0,0,0,0,0,0,0,0
400190,0,1,0,0,0,0,0,0,0,0,0,0
400190,1,1,0,0,0,0,0,0,0,0,0,0
400191,0,1,0,0,0,0,0,0,0,0,0,0
400191,1,1,0,0,0,0,0,0,0,0,0,0
400192,1,1,11,11,11,11,11,11,11,11,11,11
400193,1,1,0,0,0,0,0,0,0,0,0,0
400193,2,1,24,24,24,24,24,24,24,24,24,24
400194,1,1,0,0,0,0,0,0,0,0,0,0
400194,2,1,10,0,0,0,0,0,0,0,0,0
400194,3,1,0,0,0,0,0,0,0,0,0,0
400195,0,1,0,0,0,0,0,0,0,0,0,0
400195,1,1,0,0,0,0,0,0,0,0,0,0
400196,1,1,0,0,0,0,0,0,0,0,0,0
400197,1,1,0,0,0,0,0,0,0,0,0,0
400198,1,1,0,0,0,0,0,0,0,0,0,0
400198,2,1,0,0,0,0,0,0,0,0,0,0
400198,3,1,0,0,0,0,0,0,0,0,0,0
400199,1,1,0,0,0,0,0,0,0,0,0,0
400199,2,1,0,0,0,0,0,0,0,0,0,0
400200,1,1,0,0,0,0,0,0,0,0,0,0
400201,1,1,17,17,17,17,17,17,17,17,17,17
400201,2,1,10,0,0,0,1,0,0,5,20,0
400203,1,1,0,0,0,0,0,0,0,0,0,0
400204,1,1,5,5,5,5,5,5,5,5,5,5
400205,1,1,0,0,16,0,0,0,0,0,0,28
400206,1,1,0,0,0,0,0,0,0,0,0,0
400206,2,1,0,0,0,0,0,0,0,0,0,0
400207,1,1,28,28,28,28,28,28,28,28,28,28
400208,1,1,0,0,0,0,0,0,0,0,0,0
400208,2,1,0,0,0,0,0,0,0,0,0,0
400209,0,1,0,0,0,0,0,0,0,0,0,0
400209,1,1,0,0,0,0,0,0,0,0,0,0
400210,1,1,0,0,0,0,0,0,0,0,0,0
400211,1,1,0,0,0,0,0,0,0,0,0,0
400211,2,1,0,0,0,0,15,0,0,0,0,0
400212,1,1,0,0,0,0,0,0,0,0,0,0
400213,1,1,0,0,0,0,0,0,0,0,0,0
400213,2,1,0,0,0,0,0,0,0,18,0,0
400214,0,1,0,0,0,0,0,0,0,0,0,0
400214,1,1,20,0,4,20,0,31,0,0,0,0
400215,1,1,20,20,20,20,20,20,20,20,20,20
400216,1,1,0,0,0,0,0,0,0,0,0,0
400217,1,1,0,0,0,0,0,0,0,0,0,0
400217,2,1,0,0,0,0,0,0,0,0,0,0
400218,0,1,0,0,0,0,0,0,0,0,0,0
400218,1,1,0,0,16,0,0,0,0,0,0,0
400219,1,1,0,0,0,0,0,0,0,9,12,0
400219,2,1,0,0,0,0,0,0,0,0,0,0
400220,0,1,0,0,0,16,0,0,0,0,0,0
400220,0,2,0,0,0,0,0,0,0,0,0,0
400220,1,1,0,0,0,0,0,0,0,0,0,0
400221,1,1,0,0,0,0,0,0,0,0,0,0
400222,1,1,0,0,0,0,0,0,0,0,0,0
400223,1,1,0,0,0,0,0,0,0,0,0,0
400223,2,1,0,0,0,0,0,0,0,0,0,0
400224,1,1,23,23,23,23,23,23,23,23,23,23
400225,1,1,3,3,3,3,3,3,3,3,3,3
400226,1,1,0,0,0,0,0,0,0,0,0,0
400226,2,1,0,0,0,0,0,0,0,0,0,0
400226,3,1,0,0,0,0,0,0,0,0,0,0
400227,1,1,27,27,27,27,27,27,27,27,27,27
400227,2,1,0,0,0,0,0,0,0,0,0,6
400227,3,1,0,0,0,0,0,0,0,0,0,0
400228,1,1,6,6,6,6,6,6,6,6,6,6
400228,2,1,0,0,0,0,0,0,0,0,0,0
400229,1,1,21,21,21,21,21,21,21,21,21,21
400230,1,1,9,9,9,9,9,9,9,9,9,9
400230,2,1,0,0,0,0,0,0,0,0,0,0
400231,1,1,0,0,0,0,0,0,0,0,0,0
400232,1,1,0,0,0,0,0,0,0,0,0,0
400233,1,1,28,28,28,28,28,28,28,28,28,28
400234,1,1,8,8,8,8,8,8,8,8,8,8
400234,2,1,0,0,0,0,0,0,16,0,0,0
400235,1,1,23,23,23,23,23,23,23,23,23,23
400236,1,1,0,0,0,0,0,0,0,0,0,0
400236,2,1,0,0,0,0,0,0,0,0,0,0
400237,1,1,0,0,0,0,0,0,0,0,0,0
400237,2,1,0,0,0,0,0,0,0,0,0,0
400238,1,1,0,0,0,0,0,0,0,0,0,0
400238,2,1,0,0,0,0,0,0,5,0,0,0
400239,1,1,18,18,18,18,18,18,18,18,18,18
400240,1,1,0,0,0,0,0,0,0,0,0,0
400240,2,1,0,0,0,0,0,0,0,0,0,0
400241,1,1,0,0,0,0,0,0,0,0,0,0
400242,1,1,0,0,0,0,0,0,0,0,0,0
400242,2,1,0,0,0,0,0,0,0,0,0,0
400243,1,1,0,0,0,0,0,0,0,0,0,0
400244,1,1,15,0,0,0,22,18,14,0,16,11
400244,2,1,0,12,0,0,0,0,0,0,0,9
400244,3,1,0,0,0,0,0,0,0,0,0,0
400245,0,1,0,0,0,0,0,0,0,0,0,0
400245,1,1,0,0,0,0,0,0,0,0,0,0
400246,0,1,0,0,0,0,0,0,0,0,0,0
400246,1,1,0,0,0,0,0,0,0,0,0,0
400247,1,1,0,0,0,0,0,0,0,0,0,0
400247,2,1,0,0,0,0,0,0,0,0,0,0
400248,1,1,10,10,10,10,10,10,10,10,10,10
400249,1,1,0,0,0,0,0,0,0,0,0,0
400249,2,1,0,0,0,0,0,0,0,0,0,0
400250,1,1,0,0,0,0,0,0,0,0,0,0
400250,2,1,0,0,0,0,0,0,38,0,0,0
400250,3,1,0,0,0,0,0,0,0,0,0,0
400251,1,1,0,0,0,0,0,0,0,0,0,0
400251,2,1,0,0,5,13,0,0,0,0,0,0
400252,1,1,0,0,0,0,0,0,0,0,0,0
400252,2,1,0,0,0,0,0,0,0,0,0,0
400252,3,1,0,0,0,9,7,0,0,5,0,0
400253,1,1,0,0,0,0,0,0,0,0,0,0
400254,1,1,19,19,19,19,19,19,19,19,19,19
400255,1,1,7,7,7,7,7,7,7,7,7,7
400256,1,1,0,0,17,0,0,0,0,0,0,0
400256,2,1,0,0,0,0,0,0,0,0,0,0
400257,1,1,0,0,0,0,0,0,0,0,0,0
400257,2,1,0,0,0,0,0,0,0,0,0,0
400258,1,1,9,9,9,9,9,9,9,9,9,9
400259,1,1,20,20,20,20,20,20,20,20,20,20
400260,1,1,0,0,0,0,12,0,6,0,0,0
400261,0,1,0,0,0,0,0,0,0,0,0,0
400261,1,1,0,0,0,0,0,0,0,0,0,0
400262,1,1,0,27,31,14,13,15,18,10,20,43
400263,1,1,0,0,0,0,0,0,0,0,0,0
400264,0,1,0,0,0,0,0,0,0,0,0,0
400264,1,1,0,0,0,0,0,0,0,0,0,0
400265,1,1,0,0,0,0,0,0,0,0,0,0
400266,1,1,0,0,0,0,0,0,0,0,0,0
400266,2,1,0,0,0,0,0,0,0,0,0,0
400267,1,1,20,20,20,20,20,20,20,20,20,20
400268,1,1,0,0,0,0,0,0,0,0,0,0
400269,1,1,31,31,31,31,31,31,31,31,31,31
400270,0,1,0,0,0,0,0,0,0,0,0,0
400270,1,1,12,0,22,10,9,0,7,11,9,47
400271,1,1,0,0,0,0,0,0,0,0,0,0
400272,1,1,0,0,0,0,0,0,0,0,0,0
400272,2,1,0,0,0,0,0,0,0,0,0,0
400272,3,1,0,0,0,0,0,0,0,0,0,0
400273,1,1,0,0,0,0,0,0,0,0,0,0
400274,1,1,31,0,0,0,0,19,0,22,31,0
400275,1,1,0,0,0,0,0,0,0,0,0,0
400275,2,1,0,0,0,0,0,0,0,0,0,0
400276,0,1,0,0,0,0,0,0,0,0,0,0
400276,1,1,20,20,20,20,20,20,20,20,20,20
400277,1,1,0,0,0,0,0,0,0,0,0,0
400278,0,1,0,0,0,0,0,0,0,0,0,0
400278,1,1,0,12,0,0,16,10,15,0,0,0
400279,1,1,0,0,0,0,0,0,0,0,0,0
400279,2,1,0,0,0,0,0,0,0,0,0,0
400280,1,1,0,0,0,0,0,0,0,0,0,0
400281,1,1,12,12,12,12,12,12,12,12,12,12
400282,1,1,0,0,0,0,0,0,0,0,0,0
400283,1,1,0,0,0,0,0,0,0,0,0,0
400284,1,1,0,0,0,0,0,0,0,0,0,0
400285,0,1,0,0,0,0,0,0,0,0,0,0
400285,1,1,0,0,0,0,0,0,0,0,0,0
400286,1,1,11,20,27,0,20,16,30,21,4,12
400286,2,1,0,0,0,0,0,0,0,0,0,0
400287,1,1,0,0,0,0,0,0,0,0,0,0
400288,1,1,0,0,0,0,0,0,0,0,0,0
400288,2,1,0,0,0,0,0,0,0,0,0,0
400289,0,1,0,0,0,17,24,0,15,0,0,0
400289,1,1,11,28,0,25,11,0,0,0,0,17
400290,1,1,0,0,0,0,0,0,0,0,0,0
400291,0,1,0,0,0,0,0,0,0,0,0,0
400291,1,1,9,13,13,18,22,24,0,0,3,0
400292,1,1,0,0,0,0,0,0,0,0,0,0
400293,1,1,0,0,0,0,0,0,0,0,0,0
400293,2,1,0,0,0,0,0,0,0,0,0,0
400294,1,1,0,0,0,0,0,0,0,0,0,0
400294,2,1,0,0,0,0,0,0,0,0,0,0
400295,1,1,26,26,26,26,26,26,26,26,26,26
400296,1,1,0,0,0,0,0,0,0,0,0,0
400297,0,1,0,0,0,0,0,0,0,0,0,0
400297,1,1,0,0,0,0,0,0,0,0,22,0
400298,1,1,0,0,0,0,0,0,0,0,0,0
400298,2,1,0,0,0,0,0,0,0,0,0,0
400299,1,1,0,0,0,0,0,0,0,0,0,0
400299,2,1,0,0,0,0,0,0,0,0,0,0
400300,0,1,0,0,0,0,0,0,0,0,0,0
400300,1,1,0,9,0,16,17,20,0,0,17,0
400301,1,1,14,0,0,0,0,0,0,0,0,0
400301,2,1,0,0,0,12,0,0,0,0,0,0
400302,1,1,0,0,0,0,0,0,0,0,0,0
400302,2,1,0,0,0,0,0,0,0,0,0,0
400303,1,1,0,0,0,0,0,0,0,0,0,0
400303,2,1,0,0,0,0,0,0,0,0,0,0
400304,1,1,0,0,0,0,0,0,0,0,0,0
400304,2,1,0,0,0,0,0,0,0,0,0,0
400304,3,1,0,0,0,0,0,0,0,0,0,0
400305,1,1,0,0,0,0,0,0,0,0,0,0
400305,2,1,0,0,0,0,0,0,0,0,0,0
400306,1,1,0,0,0,0,0,0,0,0,0,0
400307,1,1,9,9,9,9,9,9,9,9,9,9
400308,1,1,0,0,18,17,32,0,0,0,0,27
400309,0,1,0,0,0,0,0,0,0,0,0,0
400309,1,1,0,0,0,0,0,0,0,0,0,0
400310,1,1,17,0,0,0,0,0,0,0,0,0
400310,2,1,0,0,0,0,0,0,0,0,0,0
400310,3,1,0,0,0,0,0,0,0,0,0,0
400311,0,1,0,0,0,0,0,0,0,0,0,0
400311,1,1,0,0,0,0,0,0,0,0,0,0
400312,1,1,0,0,0,0,0,0,0,0,0,0
400312,2,1,0,0,0,0,13,0,0,12,0,0
400313,1,1,20,20,20,20,20,20,20,20,20,20
400313,2,1,0,0,10,0,0,0,0,0,0,0
400314,1,1,26,26,26,26,26,26,26,26,26,26
400315,1,1,13,13,13,13,13,13,13,13,13,13
400316,1,1,0,0,0,0,0,0,0,0,0,0
400316,2,1,0,0,0,0,0,0,0,0,0,0
400317,1,1,0,0,0,0,0,0,0,0,0,0
400318,1,1,0,0,0,0,0,0,0,0,0,0
400319,1,1,14,14,14,14,14,14,14,14,14,14
400320,1,1,0,0,0,0,0,0,0,0,0,0
400321,0,1,14,14,14,14,14,14,14,14,14,14
400321,1,1,0,0,0,0,0,0,0,0,0,0
400321,2,1,7,0,6,0,0,0,10,5,0,23
400322,1,1,26,26,26,26,26,26,26,26,26,26
400323,0,1,0,0,0,0,0,0,0,0,0,0
400323,1,1,0,0,0,0,0,0,0,0,0,0
400324,1,1,0,0,0,0,0,0,0,0,0,0
400324,2,1,0,0,0,0,0,0,0,0,0,0
400325,0,1,0,0,0,0,0,0,0,0,0,0
400325,1,1,0,0,0,0,0,0,0,0,0,0
400326,1,1,0,0,0,0,0,0,0,0,0,0
400327,1,1,0,0,0,0,0,0,0,0,0,0
400328,0,1,17,17,17,17,17,17,17,17,17,17
400328,1,1,0,0,0,0,0,36,0,0,0,0
400329,1,1,0,0,0,0,0,0,0,0,0,0
400329,2,1,0,0,0,0,0,0,0,0,0,0
400330,1,1,0,0,0,0,0,0,0,0,0,0
400330,2,1,0,0,0,0,0,0,0,0,0,0
400331,1,1,0,0,0,0,0,0,0,0,0,0
400331,2,1,0,0,0,0,0,0,0,0,0,0
400332,1,1,0,0,0,0,0,0,0,0,0,0
400332,2,1,0,0,10,0,0,0,0,0,0,0
400333,1,1,0,0,0,5,0,0,0,0,0,0
400333,2,1,0,24,0,0,0,0,0,0,0,0
400334,0,1,0,0,0,0,0,0,0,0,0,0
400334,1,1,0,0,0,0,0,0,0,0,0,0
400335,1,1,10,10,10,10,10,10,10,10,10,10
400336,1,1,0,0,0,0,0,0,0,0,0,0
400336,2,1,0,0,0,0,0,0,0,0,0,0
400337,1,1,0,0,0,0,0,0,0,0,0,0
400338,1,1,6,6,6,6,6,6,6,6,6,6
400339,1,1,8,8,8,8,8,8,8,8,8,8
400339,2,1,0,0,0,0,0,0,0,0,0,0
400339,3,1,0,0,0,0,0,0,0,0,0,0
400340,1,1,0,0,0,0,0,0,0,0,0,0
400341,1,1,0,0,0,0,0,0,0,0,0,0
400342,1,1,0,0,0,0,0,0,30,0,0,0
400342,2,1,0,0,0,0,0,0,0,0,0,0
400343,1,1,0,0,0,0,0,0,0,0,0,0
400344,1,1,0,0,0,0,0,0,0,0,0,0
400345,1,1,15,15,15,15,15,15,15,15,15,15
400346,0,1,27,27,27,27,27,27,27,27,27,27
400346,1,1,1,0,0,0,0,0,0,0,0,19
400347,1,1,0,0,0,0,0,0,0,0,0,0
400348,0,1,0,0,0,0,0,0,0,0,0,0
400348,1,1,0,0,0,0,0,0,0,0,0,0
400350,1,1,0,0,0,0,0,0,0,0,0,0
400350,2,1,0,0,0,0,0,0,0,0,0,0
400351,1,1,22,22,22,22,22,22,22,22,22,22
400352,1,1,0,0,0,0,0,0,0,0,0,0
400353,0,1,29,29,29,29,29,29,29,29,29,29
400353,1,1,0,29,13,28,0,14,0,0,22,0
400354,1,1,16,22,21,0,25,13,21,7,32,29
400355,1,1,0,0,0,0,0,0,0,0,0,0
400356,1,1,0,0,0,0,0,0,0,0,0,14
400356,2,1,0,0,0,0,0,0,0,0,0,0
400357,1,1,0,0,0,0,0,0,0,0,0,0
400357,2,1,9,9,9,9,9,9,9,9,9,9
400358,1,1,2,2,2,2,2,2,2,2,2,2
400359,1,1,0,0,0,0,0,0,0,0,0,0
400359,2,1,0,0,0,0,0,0,0,0,0,0
400360,1,1,0,0,0,0,0,0,0,0,0,0
400360,2,1,0,10,0,0,0,0,0,0,0,0
400360,3,1,0,0,0,0,0,0,9,0,6,10
400360,4,1,0,11,0,0,0,0,30,0,8,0
400360,5,1,0,0,0,0,0,0,0,0,0,21
400360,6,1,0,0,0,0,0,0,0,0,0,0
400360,7,1,0,0,0,0,0,0,0,0,0,0
400361,1,1,0,0,0,0,0,0,0,0,0,0
400361,2,1,0,0,0,0,0,0,0,0,0,0
400362,1,1,0,0,0,0,0,0,0,0,0,0
400362,2,1,0,0,0,0,0,0,0,0,0,0
400363,1,1,0,0,0,0,0,0,0,0,0,0
400364,1,1,0,0,0,0,0,0,0,0,0,0
400364,2,1,0,0,0,0,0,0,0,0,0,0
400365,1,1,0,0,0,0,0,0,0,0,0,0
400365,2,1,0,0,0,0,0,0,0,0,0,0
400366,1,1,0,0,0,0,0,0,0,0,0,0
400366,2,1,0,0,0,0,0,0,0,0,0,0
400367,1,1,21,21,21,21,21,21,21,21,21,21
400367,2,1,0,0,0,0,0,0,0,0,0,0
400368,1,1,0,0,0,0,0,0,0,0,0,0
400368,2,1,0,0,0,0,0,0,0,0,0,0
400368,3,1,0,0,0,0,0,0,0,0,0,0
400369,1,1,0,0,0,0,0,0,0,0,0,0
400370,1,1,25,25,25,25,25,25,25,25,25,25
400371,1,1,17,17,17,17,17,17,17,17,17,17
400372,0,1,21,21,21,21,21,21,21,21,21,21
400372,1,1,0,0,0,0,0,0,5,0,0,0
400373,1,1,0,0,0,0,0,0,0,0,0,0
400373,2,1,0,0,0,0,0,0,0,0,0,24
400374,1,1,0,0,0,0,0,0,0,0,0,0
400374,2,1,0,0,0,0,0,0,0,0,0,0
400375,1,1,2,2,2,2,2,2,2,2,2,2
400376,0,1,21,21,21,21,21,21,21,21,21,21
400376,1,1,0,0,0,0,0,0,0,0,0,0
400377,1,1,0,0,0,0,0,0,0,0,0,0
400378,1,1,7,7,7,7,7,7,7,7,7,7
400378,2,1,0,0,0,0,0,0,0,0,0,0
400379,1,1,0,0,0,0,0,0,0,0,0,0
400380,1,1,9,9,9,9,9,9,9,9,9,9
400380,2,1,0,0,0,0,0,0,0,0,0,0
400381,1,1,0,0,0,0,0,0,0,0,0,0
400382,1,1,0,0,0,0,0,0,0,0,0,0
400383,0,1,0,0,0,0,0,0,0,0,0,0
400383,1,1,0,0,0,0,0,0,0,0,0,0
400384,1,1,0,0,0,0,0,0,0,0,0,0
400384,2,1,0,0,0,0,0,0,0,0,0,0
400385,1,1,0,0,0,0,0,0,0,0,0,0
400386,0,1,0,0,0,0,0,0,0,0,0,0
400386,1,1,0,0,0,0,0,0,0,0,0,0
400387,0,1,27,27,27,27,27,27,27,27,27,27
400387,1,1,0,0,0,0,0,0,0,0,0,5
400388,1,1,13,13,13,13,13,13,13,13,13,13
400388,2,1,0,0,0,0,0,0,0,0,0,0
400389,1,1,0,0,0,0,0,0,0,0,0,0
400390,1,1,0,0,0,0,0,0,0,0,0,0
400391,0,1,0,0,0,0,0,0,0,0,0,0
400391,1,1,0,0,0,0,0,0,0,0,0,0
400392,1,1,0,0,0,0,0,0,0,0,0,0
400392,2,1,0,0,0,0,0,0,0,0,0,0
400393,1,1,29,29,29,29,29,29,29,29,29,29
400393,2,1,0,0,0,0,0,0,0,0,0,0
400394,0,1,17,0,0,0,0,0,0,0,0,0
400394,1,1,0,0,0,0,0,0,0,0,0,0
400395,1,1,24,24,24,24,24,24,24,24,24,24
400396,1,1,0,0,0,0,0,0,0,0,0,0
400397,1,1,19,19,19,19,19,19,19,19,19,19
400398,1,1,0,0,0,0,0,0,0,0,0,0
400398,2,1,0,0,0,0,0,0,0,0,0,0
400399,0,1,0,0,0,0,0,0,0,0,0,0
400399,1,1,0,0,0,0,0,0,0,0,0,0
400400,1,1,0,0,0,0,0,0,0,0,0,0
400400,2,1,0,0,0,0,0,0,0,0,0,0
400401,1,1,1,1,1,1,1,1,1,1,1,1
400401,2,1,19,19,19,19,19,19,19,19,19,19
400402,1,1,0,0,0,0,0,0,0,0,0,0
400403,1,1,10,10,10,10,10,10,10,10,10,10
400404,0,1,0,0,0,0,0,0,0,0,0,0
400404,1,1,0,24,14,0,15,8,38,16,15,0
400405,1,1,29,29,29,29,29,29,29,29,29,29
400406,1,1,1,18,7,16,28,5,12,22,17,9
400407,1,1,0,0,0,0,0,0,0,0,0,0
400408,1,1,0,0,0,0,0,0,0,0,0,0
400408,2,1,0,0,0,0,0,0,0,0,0,0
400409,0,1,15,15,15,15,15,15,15,15,15,15
400409,1,1,32,10,16,26,0,0,26,0,14,19
400410,0,1,0,0,0,0,0,0,0,0,0,0
400410,1,1,0,0,0,0,0,0,0,0,0,0
400411,1,1,4,4,4,4,4,4,4,4,4,4
400411,2,1,0,0,0,0,0,0,0,0,0,0
400412,1,1,0,0,0,0,0,0,0,0,0,0
400412,2,1,0,0,0,0,0,0,0,0,0,0
400413,1,1,0,0,0,0,0,0,0,0,0,0
400413,2,1,0,0,0,0,0,0,0,0,0,0
400414,1,1,0,0,0,0,0,0,0,0,0,0
400414,2,1,0,0,0,0,0,0,0,0,0,0
400415,1,1,0,0,0,0,0,0,0,0,0,0
400415,2,1,0,0,0,0,0,0,0,0,0,0
400416,1,1,20,20,20,20,20,20,20,20,20,20
400417,1,1,7,7,7,7,7,7,7,7,7,7
400417,2,1,8,8,8,8,8,8,8,8,8,8
400418,1,1,19,37,0,21,17,7,7,17,6,13
400419,1,1,20,20,20,20,20,20,20,20,20,20
400419,2,1,0,0,0,0,0,0,0,0,0,0
400420,1,1,0,0,0,0,0,0,0,0,0,0
400421,1,1,0,0,0,0,0,0,0,0,0,0
400422,0,1,0,0,0,0,0,0,0,0,0,0
400422,0,2,0,0,0,0,11,0,0,34,0,0
400422,1,1,0,0,0,0,0,0,0,0,0,0
400423,1,1,0,0,0,0,0,0,0,0,0,0
400424,1,1,0,0,0,0,0,0,0,0,0,0
400425,0,1,0,0,0,0,0,0,0,0,0,0
400425,1,1,0,0,0,0,0,0,0,0,0,0
400426,1,1,0,0,0,0,0,0,0,0,0,0
400426,2,1,0,0,0,0,0,0,0,0,0,0
400427,1,1,0,0,0,0,0,0,0,0,0,0
400427,2,1,26,26,26,26,26,26,26,26,26,26
400428,1,1,13,0,0,0,19,0,0,0,0,0
400428,2,1,0,0,0,0,0,0,0,0,0,0
400429,1,1,17,17,17,17,17,17,17,17,17,17
400430,1,1,19,22,0,0,0,7,0,0,12,23
400430,2,1,0,0,0,0,0,0,0,0,0,0
400431,1,1,17,17,17,17,17,17,17,17,17,17
400432,1,1,0,0,0,0,0,0,0,0,0,0
400433,1,1,0,0,0,0,0,0,0,0,0,0
400433,2,1,0,0,0,0,0,0,0,0,0,0
400434,1,1,15,15,15,15,15,15,15,15,15,15
400434,2,1,14,14,14,14,14,14,14,14,14,14
400435,0,1,4,4,4,4,4,4,4,4,4,4
400435,1,1,0,10,0,0,0,0,0,0,0,0
400436,1,1,0,0,0,0,0,0,0,0,0,0
400436,2,1,0,0,0,0,0,0,0,0,0,0
400437,1,1,16,16,16,16,16,16,16,16,16,16
400437,2,1,0,0,0,0,0,0,0,0,0,0
400438,1,1,0,0,0,0,0,0,0,0,0,0
400438,2,1,0,0,0,0,0,0,0,0,0,0
400439,1,1,6,6,6,6,6,6,6,6,6,6
400439,2,1,13,13,13,13,13,13,13,13,13,13
400440,1,1,0,0,0,0,0,0,0,0,0,0
400440,2,1,0,0,0,0,0,0,0,0,0,0
400441,1,1,0,0,0,0,0,0,0,0,0,0
400442,1,1,0,0,0,0,0,0,0,0,0,0
400443,1,1,0,0,0,0,9,0,0,0,0,0
400443,2,1,0,0,0,0,0,0,0,0,0,0
400444,1,1,0,0,0,0,0,0,12,0,0,0
400445,1,1,0,0,0,0,0,0,0,0,0,0
400445,2,1,0,0,0,0,0,0,0,0,0,0
400446,0,1,8,8,8,8,8,8,8,8,8,8
400446,1,1,0,0,0,0,0,0,0,0,0,0
400447,1,1,22,22,22,22,22,22,22,22,22,22
400447,2,1,0,0,9,0,4,0,0,0,0,24
400448,1,1,0,0,0,0,0,0,0,0,0,0