ST_CASE,VEH_NO,PER_NO,P1,P2,P3,P4,P5,P6,P7,P8,P9,P10
410137,3,1,13,19,0,0,0,14,0,0,15,0
410138,1,1,0,19,31,12,0,15,0,15,22,0
410139,1,1,0,0,0,0,0,0,8,0,0,11
410139,2,1,25,9,0,0,0,0,0,0,22,0
410139,3,1,0,0,12,10,14,0,0,0,17,12
410140,1,1,20,0,0,0,20,29,0,2,0,11
410141,1,1,11,0,0,19,0,0,0,0,0,0
410142,1,1,0,0,0,28,0,0,16,0,13,19
410143,1,1,0,0,0,0,0,0,0,0,0,0
410144,1,1,0,0,0,0,0,0,0,0,0,0
410144,2,1,0,0,0,0,0,0,0,0,0,0
410144,3,1,0,14,0,0,17,0,0,0,11,0
410144,4,1,0,0,0,0,0,0,0,0,0,0
410144,5,1,0,0,0,0,0,0,0,0,0,0
410145,1,1,0,0,0,0,0,0,7,38,5,18
410146,0,1,5,0,8,8,37,24,17,46,5,5
410146,1,1,0,18,0,0,6,19,0,11,0,0
410147,1,1,29,0,0,0,0,0,10,0,0,0
410147,2,1,0,0,0,0,0,0,0,0,0,0
410147,3,1,0,0,0,0,0,0,0,0,0,0
410148,1,1,0,12,0,0,0,0,19,0,0,0
410149,1,1,0,0,0,0,19,19,0,0,0,0
410149,2,1,0,0,0,0,0,0,0,0,0,0
410150,1,1,0,0,0,21,0,0,19,0,0,23
410151,1,1,0,0,0,0,0,0,18,9,17,0
410152,1,1,0,0,0,0,0,0,0,0,0,0
410152,2,1,0,0,0,0,0,0,0,3,0,0
410153,1,1,0,0,0,0,0,0,0,0,0,0
410153,2,1,0,0,0,0,0,0,0,0,0,0
410154,0,1,0,0,4,15,0,0,0,0,0,0
410154,1,1,0,0,0,0,0,0,0,0,0,0
410155,1,1,25,0,0,0,0,0,13,0,0,21
410156,1,1,6,0,0,4,0,0,29,19,0,25
410157,1,1,15,12,10,14,14,4,5,22,38,15
410158,1,1,0,0,0,0,0,0,0,0,0,0
410158,2,1,0,0,0,0,0,0,0,0,0,0
410158,3,1,0,0,0,0,0,0,0,0,0,0
410158,4,1,0,0,0,0,0,32,0,0,0,0
410159,1,1,24,0,11,0,12,0,0,23,45,0
410160,0,1,0,27,21,0,0,0,0,0,0,0
410160,1,1,19,3,13,11,7,28,6,22,19,16
410161,0,1,0,0,0,0,0,0,9,0,0,0
410161,1,1,0,0,0,0,0,0,0,0,0,0
410162,1,1,0,45,0,0,0,0,0,0,0,0
410163,0,1,0,0,0,0,0,0,0,0,0,0
410163,1,1,0,0,0,0,0,0,0,0,0,0
410164,1,1,5,5,5,5,5,5,5,5,5,5
410165,1,1,0,0,0,27,0,0,0,0,0,0
410165,2,1,0,0,0,0,0,0,0,0,0,0
410166,1,1,0,0,0,0,0,0,0,0,0,19
410166,2,1,0,0,0,0,0,0,0,0,0,0
410167,1,1,0,0,24,20,0,0,0,0,0,0
410168,1,1,19,0,26,0,0,0,0,0,0,0
410168,2,1,0,0,0,0,18,36,0,0,21,0
410169,1,1,20,4,0,9,10,0,0,18,0,1
410169,2,1,0,19,21,18,0,0,0,0,0,0
410170,0,1,2,0,0,14,25,0,0,18,0,0
410170,1,1,0,0,0,0,0,0,15,0,0,0
410171,1,1,12,0,0,6,17,0,3,0,0,5
410172,1,1,17,0,0,0,0,0,0,7,0,17
410172,2,1,0,0,0,0,0,0,0,0,12,0
410173,0,1,0,0,0,0,0,0,0,0,0,0
410173,0,2,0,0,7,0,0,0,0,34,22,0
410173,1,1,0,13,0,8,0,0,17,14,0,0
410174,1,1,7,12,0,0,9,0,23,18,0,17
410175,1,1,0,17,19,0,0,29,0,0,0,0
410176,1,1,0,0,0,0,0,0,0,0,0,0
410176,2,1,0,0,0,0,0,0,0,0,0,0
410176,3,1,0,0,0,0,0,0,0,0,0,24
410177,1,1,0,0,10,0,17,0,12,18,15,0
410178,1,1,15,0,0,0,0,0,0,0,14,0
410178,2,1,0,0,0,0,0,0,0,0,0,0
410179,1,1,0,0,0,0,16,0,0,0,0,0
410179,2,1,11,0,0,6,0,0,13,0,4,12
410180,1,1,11,11,11,11,11,11,11,11,11,11
410180,2,1,0,0,0,21,0,0,8,0,0,0
410181,1,1,0,9,0,0,0,9,0,0,0,0
410182,1,1,13,26,35,19,11,21,9,18,25,0
410182,2,1,20,23,17,0,0,14,0,0,5,22
410183,1,1,0,0,0,0,0,0,0,0,0,0
410183,2,1,0,0,0,0,0,0,0,0,0,0
410183,3,1,0,0,0,0,0,0,0,19,0,0
410184,1,1,0,0,0,0,0,0,0,0,0,0
410184,2,1,0,0,6,0,0,19,0,0,0,0
410185,1,1,0,7,18,11,0,0,19,10,0,25
410186,1,1,4,21,25,0,23,0,21,0,38,0
410187,1,1,0,0,30,0,12,15,0,0,0,0
410188,1,1,0,0,18,0,0,0,0,0,0,0
410189,1,1,0,0,13,0,18,0,0,0,0,0
410189,2,1,0,0,0,15,14,0,0,0,0,27
410190,1,1,18,36,15,26,23,25,19,12,0,9
410191,1,1,0,0,29,18,0,0,0,0,14,0
410192,1,1,0,0,9,0,8,0,0,0,0,25
410193,1,1,13,24,34,0,20,26,11,0,31,0
410194,0,1,15,21,0,20,22,0,12,0,0,0
410194,1,1,0,0,0,0,0,0,0,0,0,0
410195,1,1,28,29,15,9,15,11,20,9,9,28
410196,1,1,14,0,0,20,0,13,39,0,37,11
410196,2,1,12,15,11,5,0,0,0,15,12,0
410197,1,1,0,0,0,0,0,0,31,0,0,0
410198,1,1,0,0,0,0,0,0,0,0,0,0
410199,1,1,0,0,23,0,0,22,0,20,0,0
410199,2,1,0,0,0,0,0,0,8,0,0,0
410200,1,1,0,13,0,0,0,0,0,0,0,0
410201,1,1,0,0,0,0,0,0,0,0,23,0
410201,2,1,0,0,0,0,0,0,0,0,0,0
410202,0,1,43,24,15,27,0,0,0,0,0,0
410202,1,1,18,0,0,0,0,0,20,0,0,26
410203,1,1,0,0,0,0,0,0,0,0,0,0
410203,2,1,0,0,0,0,0,0,0,0,0,0
410204,1,1,0,0,0,0,0,0,0,0,0,0
410205,0,1,0,0,18,0,0,0,0,15,0,0
410205,1,1,0,0,0,0,0,0,0,7,0,17
410205,2,1,0,0,0,0,0,0,0,0,0,0
410206,1,1,0,0,3,0,12,0,10,0,0,7
410206,2,1,0,10,0,16,0,24,0,14,0,0
410207,1,1,0,0,0,0,0,0,0,0,0,0
410207,2,1,0,0,0,0,0,0,0,0,0,0
410207,3,1,0,0,0,0,0,22,0,0,0,0
410208,0,1,0,0,0,0,20,20,0,0,8,0
410208,1,1,12,12,12,12,12,12,12,12,12,12
410208,2,1,0,0,0,0,0,0,0,0,0,14
410210,1,1,11,4,0,3,0,0,0,9,0,0
410210,2,1,0,0,0,15,0,0,0,0,0,3
410211,1,1,18,23,20,16,14,16,0,2,0,26
410213,1,1,0,0,0,0,0,0,0,0,0,0
410213,2,1,0,0,0,31,0,0,0,0,20,0
410215,1,1,0,0,0,0,0,10,11,25,0,0
410215,2,1,0,0,0,0,0,0,0,0,0,0
410216,1,1,0,0,10,0,25,21,9,24,0,0
410217,1,1,19,0,11,16,0,23,0,7,0,18
410218,1,1,9,0,22,19,15,38,6,20,0,0
410219,1,1,20,9,18,14,17,5,10,21,7,10
410220,1,1,20,27,15,14,7,7,26,14,13,12
410221,1,1,0,29,0,9,21,0,12,0,0,0
410222,1,1,0,0,0,0,0,0,4,22,0,0
410223,1,1,13,0,0,0,0,0,18,0,0,6
410223,2,1,0,0,0,51,9,0,0,0,0,0
410224,1,1,19,0,16,6,0,0,0,0,0,0
410224,2,1,0,13,0,6,0,0,0,0,0,0
410224,3,1,0,0,0,0,0,0,0,13,20,0
410225,1,1,0,0,0,26,0,0,0,14,22,0
410225,2,1,0,0,0,0,13,0,0,0,0,0
410226,1,1,0,0,0,0,26,11,0,0,0,0
410227,1,1,4,9,31,13,7,21,20,9,17,11
410228,1,1,0,0,2,17,0,0,0,0,0,0
410229,0,1,39,14,26,13,0,0,29,0,20,0
410229,0,2,2,13,0,0,0,0,0,0,32,0
410229,1,1,0,7,24,30,17,20,15,30,28,32
410230,1,1,13,35,7,13,25,28,25,0,12,23
410231,1,1,9,12,0,28,24,19,0,10,22,0
410232,1,1,0,0,0,0,0,0,0,0,0,0
410232,2,1,0,0,0,0,0,0,0,0,0,6
410233,0,1,0,35,0,0,0,0,15,12,0,0
410233,1,1,0,0,0,0,0,0,0,0,0,0
410234,0,1,0,0,0,0,0,0,14,4,0,0
410234,1,1,0,22,0,0,0,0,0,25,0,0
410235,1,1,16,0,0,10,0,0,9,0,0,0
410235,2,1,0,40,0,0,0,19,0,0,20,0
410236,1,1,0,0,0,0,26,0,0,10,5,0
410237,1,1,8,0,17,0,0,0,0,0,0,14
410237,2,1,0,0,0,0,0,17,3,0,19,0
410238,1,1,0,0,0,0,0,0,5,21,0,15
410239,1,1,24,24,24,24,24,24,24,24,24,24
410239,2,1,0,0,0,0,0,0,0,0,0,0
410240,1,1,0,0,0,0,0,0,21,26,0,0
410240,2,1,0,0,0,0,0,0,0,0,0,0
410240,3,1,0,0,0,0,0,0,0,0,0,0
410241,0,1,20,20,20,20,20,20,20,20,20,20
410241,1,1,20,4,12,9,0,0,0,0,0,6
410242,0,1,0,0,0,0,0,0,0,0,0,0
410242,1,1,0,10,0,31,17,0,9,0,0,0
410243,0,1,0,0,0,0,0,0,0,0,0,0
410243,1,1,0,0,0,0,0,0,0,0,0,23
410245,0,1,0,0,0,0,0,0,0,0,0,0
410245,1,1,0,0,0,0,0,0,0,0,0,0
410246,0,1,0,0,0,0,0,0,0,0,0,0
410246,1,1,23,20,6,15,17,12,0,0,21,19
410247,0,1,32,32,32,32,32,32,32,32,32,32
410247,1,1,0,0,0,0,0,0,0,0,0,0
410248,1,1,0,0,0,0,0,0,0,0,0,0
410248,2,1,18,18,18,18,18,18,18,18,18,18
410249,1,1,25,25,25,25,25,25,25,25,25,25
410250,0,1,0,0,0,0,0,0,0,0,0,0
410250,1,1,0,47,0,19,0,7,0,0,0,0
410251,0,1,0,0,0,0,0,0,0,0,0,0
410251,1,1,0,0,0,0,0,9,0,0,17,0
410252,1,1,23,23,23,23,23,23,23,23,23,23
410253,0,1,27,27,27,27,27,27,27,27,27,27
410253,1,1,18,25,31,25,10,0,0,0,0,0
410254,0,1,0,0,0,0,0,0,0,0,0,0
410254,1,1,0,0,9,12,0,11,20,10,0,6
410255,1,1,0,10,13,0,0,0,0,0,0,0
410255,2,1,0,0,0,0,0,0,0,0,0,0
410256,0,1,0,0,0,0,0,0,0,0,0,0
410256,1,1,0,0,0,0,0,14,0,0,0,0
410257,1,1,0,0,0,0,0,0,0,0,0,0
410257,2,1,0,0,0,0,0,0,0,0,0,0
410258,0,1,18,18,18,18,18,18,18,18,18,18
410258,1,1,0,6,6,4,21,0,0,13,11,4
410259,1,1,0,0,0,0,0,0,0,0,0,0
410260,1,1,0,0,0,0,0,0,0,0,0,0
410261,1,1,0,0,0,0,0,0,0,0,0,0
410262,1,1,0,0,0,0,0,0,0,0,0,0
410263,1,1,0,0,0,8,9,0,7,8,0,0
410263,2,1,12,25,0,0,0,0,17,0,0,0
410264,0,1,0,0,0,0,0,0,0,0,0,0
410264,1,1,24,0,13,8,24,28,28,13,12,12
410265,1,1,0,0,0,15,0,16,22,3,13,0
410266,1,1,42,42,42,42,42,42,42,42,42,42
410266,2,1,0,0,0,0,0,0,22,0,0,0
410266,3,1,0,0,0,0,0,0,0,0,0,0
410267,1,1,7,7,7,7,7,7,7,7,7,7
410268,1,1,0,0,0,0,8,0,0,19,0,0
410269,1,1,0,0,0,15,0,0,0,0,0,0
410270,0,1,0,0,0,0,0,0,0,0,0,0
410270,1,1,0,0,0,0,0,0,0,0,0,0
410271,1,1,29,10,12,19,0,0,0,17,0,0
410272,1,1,0,0,0,0,0,0,0,0,0,0
410272,2,1,0,0,0,0,0,0,0,0,0,0
410273,1,1,0,20,0,0,0,27,0,0,11,0
410273,2,1,0,0,20,0,0,0,0,0,0,0
410274,1,1,0,0,0,0,0,7,0,14,0,0
410275,1,1,0,0,0,0,0,0,0,0,0,0
410276,1,1,0,0,0,0,0,0,0,0,0,0
410276,2,1,0,0,0,0,0,0,0,0,0,0
410277,1,1,19,19,19,19,19,19,19,19,19,19
410278,1,1,0,0,0,0,0,0,0,0,0,0
410278,2,1,0,0,0,0,0,0,0,0,0,0
410279,1,1,13,13,13,13,13,13,13,13,13,13
410279,2,1,22,0,0,0,0,0,0,18,17,0
410280,1,1,4,4,4,4,4,4,4,4,4,4
410281,0,1,0,0,0,0,0,0,0,0,0,0
410281,1,1,0,0,0,7,0,0,0,0,0,0
410282,1,1,4,3,28,24,0,0,25,18,0,20
410283,1,1,5,5,5,5,5,5,5,5,5,5
410283,2,1,0,0,0,0,0,0,0,0,0,0
410284,0,1,0,0,0,0,0,0,0,0,0,0
410284,1,1,0,21,19,17,0,0,0,15,17,0
410285,1,1,0,0,0,0,0,0,0,0,0,0
410286,1,1,0,0,0,0,0,0,0,0,0,0
410286,2,1,20,0,0,0,0,0,0,0,0,0
410287,1,1,17,17,17,17,17,17,17,17,17,17
410287,2,1,0,0,11,31,14,0,0,0,0,0
410288,1,1,17,6,9,0,0,0,0,11,0,0
410288,2,1,0,0,0,0,8,0,0,0,0,0
410289,1,1,22,22,22,22,22,22,22,22,22,22
410290,1,1,0,0,0,0,0,0,0,0,0,0
410290,2,1,0,0,0,0,0,0,0,0,0,0
410291,1,1,31,31,31,31,31,31,31,31,31,31
410292,0,1,0,0,0,0,0,0,0,0,0,0
410292,1,1,0,0,0,0,0,0,0,0,0,18
410293,1,1,19,11,0,0,0,11,0,0,0,7
410293,2,1,0,0,0,0,0,0,0,0,0,0
410294,1,1,12,12,12,12,12,12,12,12,12,12
410295,1,1,0,0,0,0,0,0,0,0,0,0
410295,2,1,0,0,0,0,0,0,0,0,0,0
410296,1,1,18,18,18,18,18,18,18,18,18,18
410297,1,1,0,7,0,20,0,0,12,0,0,0
410297,2,1,0,6,0,0,0,0,0,0,0,0
410298,0,1,0,0,21,0,0,0,0,0,0,0
410298,1,1,0,0,0,0,0,0,0,0,0,0
410299,0,1,0,0,0,0,0,0,0,0,0,0
410299,1,1,0,0,0,10,0,14,0,0,0,0
410301,1,1,0,16,0,10,0,14,40,8,6,0
410302,1,1,3,40,17,11,6,8,0,24,7,5
410303,0,1,7,0,0,0,0,0,7,0,0,20
410303,1,1,0,20,17,0,13,9,0,14,2,30
410303,2,1,6,16,6,23,33,0,0,2,14,9
410304,1,1,18,18,18,18,18,18,18,18,18,18
410305,1,1,0,0,0,3,15,11,22,9,19,0
410305,2,1,10,10,0,0,8,19,6,0,0,2
410305,3,1,19,0,7,0,0,0,9,0,0,0
410306,1,1,0,0,19,0,0,13,4,0,0,10
410307,1,1,0,0,0,0,0,0,0,0,0,0
410308,1,1,9,0,14,0,11,21,33,8,9,0
410309,1,1,0,0,0,0,0,0,9,0,0,0
410309,2,1,0,0,0,0,0,0,0,0,0,0
410309,3,1,0,0,0,0,0,0,0,15,0,0
410310,1,1,19,19,19,19,19,19,19,19,19,19
410310,2,1,16,0,0,8,16,0,0,0,0,0
410310,3,1,19,0,0,0,0,23,0,21,13,16
410311,0,1,0,0,0,0,0,0,0,0,0,0
410311,1,1,0,0,9,21,35,34,43,9,0,0
410312,1,1,30,0,0,0,0,0,0,0,0,0
410313,1,1,23,27,0,0,15,21,0,0,0,30
410314,1,1,0,0,0,0,0,0,0,0,0,0
410314,2,1,0,0,0,0,0,0,0,0,0,0
410315,1,1,17,34,13,16,0,0,10,0,17,16
410316,1,1,0,0,0,0,0,24,18,0,0,0
410317,1,1,19,19,19,19,19,19,19,19,19,19
410318,1,1,0,0,0,0,0,0,0,0,0,0
410318,2,1,0,0,0,0,0,0,0,0,0,0
410319,1,1,12,0,0,0,0,0,15,6,0,45
410319,2,1,0,0,0,14,0,0,0,0,0,0
410320,1,1,0,0,0,0,0,0,0,0,0,0
410321,1,1,0,0,0,0,0,0,0,0,0,0
410322,1,1,0,0,0,0,0,0,0,0,0,0
410322,2,1,16,0,0,0,0,0,0,0,0,0
410322,3,1,0,0,0,0,0,0,0,0,0,0
410322,4,1,0,0,0,0,0,0,0,0,0,0
410323,1,1,0,0,0,0,16,0,0,0,0,0
410324,1,1,0,0,0,12,0,0,0,0,0,0
410324,2,1,0,0,0,0,12,0,0,19,0,0
410324,3,1,26,0,0,0,0,0,0,0,0,0
410325,1,1,0,34,0,0,8,0,0,9,21,32
410326,0,1,31,0,0,19,0,0,0,0,0,13
410326,1,1,19,17,0,0,11,0,33,0,9,0
410327,1,1,0,0,0,0,16,0,0,0,0,0
410327,2,1,0,0,0,0,0,0,0,0,0,0
410328,1,1,30,6,22,11,21,20,21,12,19,23
410329,0,1,0,0,38,22,0,0,0,0,21,0
410329,1,1,0,13,0,0,12,0,0,13,27,15
410330,1,1,33,19,0,0,18,0,0,15,12,24
410331,1,1,12,15,23,18,32,14,24,19,40,13
410332,0,1,0,0,0,0,0,0,0,0,0,0
410332,1,1,0,0,0,17,0,0,0,0,0,0
410333,1,1,0,0,12,0,0,0,0,0,0,0
410333,2,1,0,0,0,0,0,0,0,0,0,0
410334,1,1,0,28,0,24,15,0,0,0,0,22
410335,1,1,0,0,0,12,0,0,17,25,0,18
410336,1,1,6,23,21,0,0,19,18,4,0,16
410337,0,1,0,0,18,0,0,0,0,29,0,0
410337,1,1,0,9,0,0,0,10,11,0,19,13
410338,1,1,11,0,0,21,0,0,8,0,0,7
410339,0,1,0,0,0,17,7,0,0,0,7,33
410339,1,1,19,19,0,30,13,10,0,5,0,0
410340,0,1,10,0,0,0,12,14,0,0,0,21
410340,1,1,9,0,12,0,14,21,30,6,22,11
410341,1,1,0,0,21,5,0,0,16,13,22,9
410342,1,1,12,12,12,12,12,12,12,12,12,12
410343,0,1,0,0,10,0,0,0,0,5,0,27
410343,1,1,0,0,0,0,0,0,0,0,9,0
410343,2,1,7,16,4,22,8,7,0,4,13,18
410344,1,1,0,0,18,0,0,0,0,0,0,0
410345,0,1,0,0,0,24,0,0,0,21,0,12
410345,1,1,21,0,0,0,0,0,0,0,18,0
410346,1,1,41,6,0,17,13,0,13,12,11,13
410348,1,1,9,0,0,25,0,24,16,15,14,24
410349,1,1,18,18,18,18,18,18,18,18,18,18
410350,0,1,0,10,0,20,0,0,0,0,0,0
410350,1,1,0,21,0,0,0,0,11,0,0,0
410351,1,1,15,15,15,15,15,15,15,15,15,15
410351,2,1,0,0,0,0,0,9,0,0,12,0
410352,1,1,5,0,0,0,0,4,0,0,0,0
410352,2,1,0,8,0,0,14,5,0,0,0,0
410353,1,1,11,24,0,4,0,0,0,11,4,20
410354,1,1,5,13,0,11,19,33,43,0,35,0
410355,0,1,0,0,0,36,21,18,0,0,0,12
410355,1,1,0,0,0,0,23,0,0,0,0,0
410356,0,1,17,9,12,29,23,0,0,0,25,0
410356,1,1,0,18,15,20,0,0,0,15,12,0
410357,1,1,0,0,0,0,0,0,0,0,0,29
410357,2,1,17,12,0,0,0,0,0,0,0,0
410358,1,1,19,8,10,19,0,0,0,3,7,0
410358,2,1,8,8,8,8,8,8,8,8,8,8
410359,1,1,25,22,0,10,25,0,0,0,0,0
410360,1,1,0,0,0,0,0,0,4,0,0,11
410360,2,1,0,0,21,0,0,0,0,0,0,0
410360,3,1,0,18,0,0,0,0,0,0,0,0
410361,0,1,0,0,0,0,0,0,0,0,0,20
410361,1,1,0,0,0,0,0,0,24,18,28,0
410362,0,1,0,0,0,0,0,0,0,0,0,0
410362,1,1,0,0,6,18,13,0,0,0,0,0
410363,1,1,0,0,19,0,15,21,30,26,35,0
410364,1,1,0,16,0,0,21,11,0,0,0,0
410365,0,1,0,32,0,7,0,0,0,0,0,9
410365,1,1,20,0,15,21,0,20,0,31,0,0
410366,1,1,0,0,0,0,0,17,0,0,0,0
410367,0,1,6,0,0,0,6,0,28,0,11,0
410367,1,1,0,23,19,4,0,0,0,0,0,19
410368,1,1,0,0,0,0,0,0,0,0,0,0
410368,2,1,0,0,14,0,10,0,0,0,0,16
410368,3,1,0,9,0,0,0,0,0,14,34,0
410368,4,1,0,0,0,0,0,14,0,0,0,0
410368,5,1,0,0,0,0,0,0,0,0,0,0
410368,6,1,11,0,0,0,16,0,0,0,0,0
410369,0,1,0,0,0,0,0,0,0,0,0,0
410369,1,1,19,0,15,0,0,0,0,16,0,11
410370,1,1,26,0,13,8,15,17,0,15,21,28
410371,1,1,0,0,0,0,0,0,0,0,0,0
410371,2,1,0,0,0,0,0,0,0,0,0,0
410372,1,1,0,14,17,14,13,0,19,0,6,12
410372,2,1,5,18,0,0,0,0,16,3,0,0
410373,1,1,23,0,21,15,15,0,0,0,0,0
410373,2,1,7,0,0,0,0,0,0,18,0,36
410374,0,1,0,0,0,0,0,0,0,20,13,0
410374,1,1,0,0,0,0,0,0,0,0,0,0
410375,1,1,0,0,0,0,0,0,0,0,0,0
410375,2,1,0,11,0,0,0,0,0,0,0,0
410376,1,1,0,0,0,0,11,0,0,0,0,0
410376,2,1,0,0,12,0,8,0,0,0,0,0
410376,3,1,0,0,0,0,0,0,0,0,0,0
410377,0,1,0,0,16,0,0,19,0,0,0,0
410377,1,1,0,0,0,0,12,0,6,0,0,0
410378,0,1,0,0,0,0,0,18,0,0,0,0
410378,1,1,0,0,17,11,0,0,0,0,0,0
410380,1,1,21,16,0,0,5,0,0,16,2,9
410380,2,1,0,10,0,0,6,19,0,0,0,0
410381,0,1,30,0,0,0,0,17,31,0,17,0
410381,1,1,0,13,27,0,0,14,0,0,0,0
410382,1,1,0,0,0,0,17,0,10,0,0,14
410382,2,1,5,0,0,0,0,0,0,0,0,0
410384,1,1,2,0,12,0,0,0,0,0,0,0
410384,2,1,0,0,26,15,12,0,0,23,28,0
410385,0,1,0,11,0,16,24,31,0,0,0,0
410385,1,1,0,10,24,0,21,19,0,14,0,9
410386,1,1,0,0,0,0,4,0,0,0,0,0
410386,2,1,0,0,0,0,0,10,0,0,0,0
410387,1,1,0,9,0,4,20,0,0,0,0,28
410388,1,1,0,0,0,0,15,0,15,0,0,0
410388,2,1,0,0,0,27,0,0,0,17,0,0
410389,0,1,0,0,6,0,13,0,0,0,0,2
410389,1,1,0,0,0,0,0,0,5,0,32,0
410390,1,1,0,0,25,13,0,4,21,0,0,0
410390,2,1,0,0,0,0,0,0,0,0,0,3
410392,1,1,0,0,0,0,0,0,0,0,0,0
410392,2,1,0,0,0,0,0,0,10,0,0,0
410394,1,1,38,14,0,0,33,7,10,0,0,30
410395,1,1,0,11,12,4,22,0,0,0,0,0
410395,2,1,0,0,0,0,0,0,0,0,0,0
410396,1,1,16,0,19,0,0,0,0,0,0,0
410396,2,1,0,24,0,0,0,0,0,0,7,0
410397,1,1,0,13,0,8,25,0,0,0,0,0
410397,2,1,11,0,0,2,8,3,0,0,0,0
410398,1,1,0,0,0,0,0,0,0,0,0,0
410398,2,1,0,0,0,0,0,16,0,0,0,0
410398,3,1,0,0,0,0,0,0,0,0,0,0
410399,0,1,0,4,24,0,0,2,0,0,17,0
410399,1,1,7,0,0,0,15,0,0,0,0,0
410400,0,1,18,24,22,0,7,0,0,0,0,30
410400,1,1,0,0,0,0,0,0,0,0,19,0
410401,0,1,26,0,0,25,0,24,0,0,0,0
410401,1,1,0,13,0,0,0,0,17,0,0,0
410402,1,1,0,0,10,0,0,16,0,0,0,0
410402,2,1,0,22,0,0,20,0,0,0,11,10
410403,1,1,12,12,12,12,12,12,12,12,12,12
410404,1,1,0,26,18,0,0,17,24,28,27,0
410405,0,1,0,25,0,0,0,14,0,27,0,14
410405,1,1,21,11,0,6,9,16,4,9,0,0
410406,1,1,0,0,0,0,13,8,0,0,21,0
410407,0,1,0,0,55,4,20,0,0,0,0,0
410407,1,1,14,5,13,21,6,48,0,0,0,15
410408,0,1,0,0,22,0,0,0,0,0,0,0
410408,1,1,0,0,0,0,0,0,0,0,0,0
410409,1,1,14,11,19,12,31,5,13,7,10,9
410412,1,1,0,0,0,23,0,0,0,0,0,0
410412,2,1,0,0,0,0,0,0,0,0,0,0
410413,1,1,0,0,0,0,14,0,0,0,0,0
410413,2,1,0,0,0,0,0,0,0,10,0,0
410414,1,1,0,0,0,0,0,0,0,0,0,0
410414,2,1,0,0,0,21,0,0,0,0,0,0
410415,0,1,0,0,23,0,0,0,0,0,0,0
410415,1,1,0,0,0,0,0,0,0,0,0,0
410416,1,1,0,17,0,0,12,29,0,0,0,0
410417,0,1,30,31,6,14,11,15,23,32,7,0
410417,1,1,17,17,17,17,17,17,17,17,17,17
410418,1,1,0,0,0,0,0,0,0,0,0,0
410419,1,1,0,0,0,0,0,0,0,0,0,0
410419,2,1,0,0,0,8,0,16,0,0,0,0
410420,1,1,13,4,18,0,0,0,0,2,6,12
410420,2,1,0,0,0,17,0,0,24,11,0,0
410421,0,1,0,0,0,11,22,0,0,0,0,0
410421,1,1,0,0,0,0,13,0,18,13,0,0
410422,1,1,0,0,19,0,18,27,0,28,13,25
410423,1,1,15,14,18,0,0,9,19,21,30,27
410424,1,1,0,0,0,0,0,0,0,0,0,0
410425,0,1,7,0,0,22,0,0,0,0,0,0
410425,1,1,16,29,0,21,0,0,0,19,9,0
410426,1,1,0,0,0,0,0,29,0,0,19,27
410427,1,1,14,14,14,14,14,14,14,14,14,14
410427,2,1,0,0,16,0,0,4,0,0,8,0
410428,1,1,0,0,0,0,0,0,0,0,0,0
410428,2,1,0,0,0,0,0,0,15,0,0,0
410429,1,1,0,0,0,27,0,0,0,0,8,0
410429,2,1,0,24,0,0,0,20,0,0,0,0
410429,3,1,0,0,0,0,2,31,0,0,0,0
410430,1,1,0,13,13,10,13,16,12,23,0,0
410430,2,1,0,0,0,0,0,0,0,0,0,0
410431,1,1,8,8,8,8,8,8,8,8,8,8
410431,2,1,0,0,0,0,0,0,0,0,0,0
410431,3,1,0,0,0,0,0,0,0,0,0,0
410431,4,1,0,0,16,0,0,0,0,0,0,0
410431,5,1,0,0,0,0,0,0,0,0,0,0
410432,1,1,0,25,47,19,0,0,0,0,0,0
410433,1,1,26,26,26,26,26,26,26,26,26,26
410434,1,1,0,0,0,0,0,0,0,0,0,0
410435,1,1,0,0,28,0,0,0,0,0,0,0
410435,2,1,0,0,0,0,0,0,0,0,0,0
410435,3,1,0,0,0,0,0,0,0,26,6,0
410436,1,1,4,11,14,6,0,0,17,5,10,3
410436,2,1,6,15,22,0,0,0,0,0,0,0
410436,3,1,0,0,0,16,0,0,0,0,0,0
410436,4,1,11,0,5,0,0,0,18,0,7,5
410437,1,1,0,18,12,0,0,20,0,5,15,5
410437,2,1,0,0,0,0,0,0,0,0,0,0
410438,1,1,9,9,9,9,9,9,9,9,9,9
410438,2,1,14,14,14,14,14,14,14,14,14,14
410439,1,1,29,29,29,29,29,29,29,29,29,29
410440,1,1,16,0,0,0,0,0,0,0,0,0
410440,2,1,0,0,0,0,0,0,0,0,0,0
410440,3,1,0,0,0,0,0,0,0,0,0,0