ST_CASE,VEH_NO,PER_NO,P1,P2,P3,P4,P5,P6,P7,P8,P9,P10
450072,2,1,0,0,0,0,0,0,0,0,0,0
450073,1,1,0,0,0,0,0,11,0,0,0,0
450073,2,1,15,15,15,15,15,15,15,15,15,15
450074,1,1,26,26,26,26,26,26,26,26,26,26
450075,1,1,0,0,0,0,0,0,0,0,0,0
450075,2,1,0,0,0,0,0,0,0,0,0,0
450076,0,1,0,0,0,0,0,0,0,0,0,0
450076,1,1,6,6,6,6,6,6,6,6,6,6
450078,1,1,28,28,28,28,28,28,28,28,28,28
450079,1,1,13,13,13,13,13,13,13,13,13,13
450080,1,1,11,11,11,11,11,11,11,11,11,11
450081,1,1,0,0,0,0,0,0,0,0,0,0
450081,2,1,0,0,0,0,0,0,0,0,0,0
450082,1,1,0,0,0,0,21,0,0,0,0,0
450082,2,1,0,0,0,0,0,0,0,0,0,0
450083,1,1,8,8,8,8,8,8,8,8,8,8
450084,1,1,19,19,19,19,19,19,19,19,19,19
450085,1,1,0,0,0,0,0,0,0,0,0,0
450085,2,1,8,8,8,8,8,8,8,8,8,8
450086,1,1,0,0,0,0,0,0,0,0,0,0
450086,2,1,26,26,26,26,26,26,26,26,26,26
450087,1,1,0,0,0,0,0,0,0,0,0,0
450087,2,1,0,0,0,0,0,0,0,0,0,0
450088,1,1,0,0,0,0,0,0,0,0,0,0
450088,2,1,0,0,0,0,0,0,0,0,0,0
450089,1,1,0,0,0,0,0,0,0,0,0,0
450089,2,1,0,0,0,0,0,0,0,0,0,0
450090,1,1,15,15,15,15,15,15,15,15,15,15
450091,1,1,0,0,0,0,0,0,0,0,0,0
450091,2,1,0,0,0,0,0,0,0,0,0,0
450092,1,1,0,0,0,0,0,0,0,0,0,0
450092,2,1,0,0,0,0,0,0,0,0,0,0
450092,3,1,0,0,0,0,0,0,0,0,0,19
450093,1,1,0,0,0,0,0,0,0,0,0,0
450093,2,1,29,29,29,29,29,29,29,29,29,29
450094,1,1,0,0,0,0,0,0,0,0,0,0
450094,2,1,0,0,0,0,0,0,0,0,0,0
450094,3,1,0,0,0,0,0,0,0,0,0,0
450095,1,1,0,0,0,0,0,0,0,0,0,0
450096,1,1,0,0,0,0,0,12,0,0,0,0
450096,2,1,17,17,17,17,17,17,17,17,17,17
450097,1,1,0,0,0,0,0,0,13,0,0,0
450097,2,1,0,0,18,0,0,0,0,0,0,0
450098,1,1,0,0,0,0,0,0,0,16,0,0
450099,1,1,0,0,0,0,13,0,0,0,0,0
450100,1,1,0,0,0,0,0,0,0,0,0,0
450100,2,1,7,7,7,7,7,7,7,7,7,7
450101,1,1,20,20,20,20,20,20,20,20,20,20
450102,1,1,0,0,0,0,0,0,0,0,0,0
450102,2,1,0,0,0,0,0,0,0,0,0,0
450102,3,1,0,0,0,0,0,0,0,0,0,0
450103,1,1,0,0,0,0,0,0,0,0,0,0
450104,1,1,0,0,0,0,0,0,0,0,0,0
450104,2,1,0,0,0,0,0,0,0,0,0,0
450105,1,1,0,0,0,0,0,0,0,0,0,0
450105,2,1,0,0,0,0,0,0,0,0,0,0
450105,3,1,0,19,0,0,0,0,18,0,0,0
450105,4,1,0,0,0,0,0,0,0,0,0,0
450106,1,1,0,0,0,0,0,0,0,0,13,0
450106,2,1,0,0,0,0,0,0,0,0,0,0
450107,0,1,0,0,0,0,0,0,0,0,0,0
450107,1,1,0,0,15,0,0,0,0,0,0,0
450108,1,1,1,1,1,1,1,1,1,1,1,1
450108,2,1,0,0,0,0,0,0,0,0,0,0
450109,1,1,20,20,20,20,20,20,20,20,20,20
450110,0,1,0,17,0,0,5,0,12,0,0,0
450110,1,1,0,0,12,0,0,0,15,0,0,0
450111,0,1,13,10,26,0,0,50,0,0,18,0
450111,0,2,0,0,0,0,26,34,0,0,0,0
450111,2,1,34,0,0,0,0,0,0,0,0,0
450112,0,1,28,28,28,28,28,28,28,28,28,28
450112,1,1,0,0,0,0,0,0,0,0,0,0
450113,1,1,0,0,0,0,0,0,0,0,0,0
450113,2,1,0,0,0,0,0,0,0,0,0,0
450114,1,1,11,11,11,11,11,11,11,11,11,11
450116,1,1,0,0,0,0,0,0,0,0,0,0
450117,1,1,0,0,0,0,0,0,0,0,0,0
450117,2,1,0,0,0,15,0,0,0,0,28,0
450117,3,1,0,0,0,0,0,0,37,0,0,11
450118,1,1,0,0,0,0,0,0,0,0,0,0
450118,2,1,0,0,0,0,0,0,0,0,0,0
450119,1,1,0,0,0,0,0,0,0,0,0,0
450120,1,1,0,0,0,0,0,0,0,0,0,0
450120,2,1,0,0,0,0,0,0,0,0,0,0
450121,1,1,0,0,0,0,0,0,0,0,0,0
450121,2,1,10,10,10,10,10,10,10,10,10,10
450122,1,1,18,18,18,18,18,18,18,18,18,18
450123,1,1,27,27,27,27,27,27,27,27,27,27
450124,1,1,17,17,17,17,17,17,17,17,17,17
450124,2,1,0,0,22,0,0,0,0,0,0,0
450125,1,1,0,0,0,0,6,0,0,0,0,0
450125,2,1,0,0,0,0,0,0,0,0,0,0
450126,0,1,38,38,38,38,38,38,38,38,38,38
450126,1,1,0,0,0,0,0,10,18,0,17,0
450128,1,1,26,26,26,26,26,26,26,26,26,26
450129,1,1,0,20,0,0,0,0,0,0,0,0
450130,0,1,14,14,14,14,14,14,14,14,14,14
450130,1,1,0,0,0,0,0,0,0,0,0,0
450131,1,1,17,17,17,17,17,17,17,17,17,17
450132,1,1,0,0,0,0,0,0,0,0,0,0
450132,2,1,0,0,0,0,0,0,0,0,0,0
450133,0,1,0,0,0,0,0,15,0,0,0,0
450133,1,1,0,0,0,0,0,0,0,0,0,0
450134,0,1,16,16,16,16,16,16,16,16,16,16
450134,1,1,0,11,0,0,0,15,0,10,0,0
450135,1,1,0,0,0,0,0,0,0,0,0,0
450135,2,1,0,0,0,0,0,0,0,0,0,0
450136,0,1,0,0,0,0,0,14,0,0,0,0
450136,1,1,0,0,0,0,0,0,0,0,0,0
450136,2,1,0,0,0,0,0,0,0,0,0,0
450137,0,1,30,30,30,30,30,30,30,30,30,30
450137,1,1,0,0,0,0,0,0,0,0,3,0
450138,1,1,0,0,0,0,0,0,0,0,0,0
450138,2,1,0,0,0,0,0,0,0,0,0,0
450139,1,1,15,15,15,15,15,15,15,15,15,15
450140,1,1,0,0,0,0,0,0,0,0,0,0
450140,2,1,0,0,0,0,0,0,0,0,0,0
450141,0,1,0,0,0,0,0,0,0,0,0,0
450141,1,1,0,0,0,0,0,0,0,0,0,0
450142,1,1,26,26,26,26,26,26,26,26,26,26
450142,2,1,0,0,0,9,23,0,0,0,0,0
450143,0,1,23,23,23,23,23,23,23,23,23,23
450143,1,1,0,0,0,0,0,0,4,0,0,0
450144,1,1,0,0,0,0,0,0,0,0,0,11
450145,1,1,0,0,0,0,0,0,0,0,0,0
450145,2,1,0,0,0,0,0,0,0,0,0,0
450145,3,1,0,0,0,0,0,0,0,0,0,0
450146,1,1,19,19,19,19,19,19,19,19,19,19
450146,2,1,0,0,0,0,0,0,0,0,0,0
450147,1,1,22,0,0,0,0,0,0,0,0,0
450147,2,1,0,0,0,0,0,0,0,0,0,0
450148,0,1,0,0,0,0,0,0,0,0,0,0
450148,1,1,0,13,0,0,0,0,0,0,0,0
450149,1,1,1,1,1,1,1,1,1,1,1,1
450150,1,1,0,0,0,0,0,0,0,0,0,0
450151,0,1,20,20,20,20,20,20,20,20,20,20
450151,1,1,0,0,0,11,0,0,0,0,0,0
450152,1,1,18,18,18,18,18,18,18,18,18,18
450153,1,1,0,0,0,0,0,0,0,0,0,0
450153,2,1,0,0,0,0,0,0,0,0,0,0
450154,1,1,0,0,0,17,0,0,0,0,0,0
450155,0,1,0,0,0,0,0,0,0,0,0,0
450155,1,1,0,26,0,0,0,0,0,0,0,0
450156,1,1,18,18,18,18,18,18,18,18,18,18
450157,1,1,0,0,0,0,12,0,0,0,0,0
450157,2,1,0,0,0,0,0,0,0,0,0,0
450158,1,1,0,0,0,0,0,0,0,0,0,0
450158,2,1,0,0,0,0,0,0,0,0,0,0
450159,0,1,0,0,0,0,0,0,0,0,0,0
450159,1,1,13,0,0,0,0,0,0,0,7,0
450160,1,1,16,17,7,10,11,20,1,11,23,13
450161,1,1,0,0,0,0,0,0,0,0,0,0
450161,2,1,0,0,0,0,0,0,0,6,0,0
450162,1,1,0,0,0,0,0,0,0,0,0,0
450162,2,1,14,0,0,0,0,0,0,0,0,0
450163,1,1,0,0,0,21,0,0,0,0,0,0
450163,2,1,0,0,0,0,0,0,0,0,0,0
450164,0,1,0,0,0,0,0,0,0,0,0,0
450164,1,1,0,0,0,0,0,0,0,0,0,0
450164,2,1,0,0,0,0,0,0,0,0,0,0
450165,1,1,9,0,19,0,0,0,0,0,0,0
450165,2,1,18,18,18,18,18,18,18,18,18,18
450166,1,1,19,19,19,19,19,19,19,19,19,19
450167,1,1,0,0,13,0,0,0,0,0,0,0
450167,2,1,0,0,0,4,0,0,0,0,0,0
450168,1,1,0,0,0,0,0,0,0,0,0,0
450169,1,1,0,0,0,0,0,0,0,0,0,0
450169,2,1,0,0,0,0,0,0,0,0,0,0
450170,0,1,0,0,0,0,0,0,0,0,0,0
450170,1,1,0,0,0,0,0,0,0,0,0,0
450170,2,1,0,14,0,0,0,0,0,0,0,0
450170,3,1,0,0,0,0,0,0,27,0,0,0
450171,1,1,17,17,17,17,17,17,17,17,17,17
450172,1,1,18,18,18,18,18,18,18,18,18,18
450173,1,1,19,19,19,19,19,19,19,19,19,19
450174,1,1,37,37,37,37,37,37,37,37,37,37
450175,1,1,0,0,0,0,0,15,0,0,0,0
450176,0,1,0,0,0,0,0,0,0,0,0,0
450176,1,1,0,0,0,0,0,0,0,0,0,0
450177,1,1,0,0,0,0,0,0,0,0,0,0
450177,2,1,0,0,0,0,0,0,4,0,0,0
450178,1,1,14,14,14,14,14,14,14,14,14,14
450179,1,1,13,13,13,13,13,13,13,13,13,13
450180,1,1,1,1,1,1,1,1,1,1,1,1
450181,1,1,0,4,0,0,21,9,0,0,0,0
450182,1,1,2,2,2,2,2,2,2,2,2,2
450183,0,1,0,0,0,0,0,0,0,0,0,0
450183,1,1,0,0,0,0,0,0,0,0,0,43
450184,1,1,9,9,9,9,9,9,9,9,9,9
450185,1,1,0,0,0,0,0,0,0,0,0,0
450186,1,1,0,0,0,0,0,0,0,0,0,0
450187,1,1,4,4,4,4,4,4,4,4,4,4
450188,0,1,0,0,0,0,0,0,0,0,0,0
450188,1,1,2,2,2,2,2,2,2,2,2,2
450189,1,1,20,25,13,15,7,11,13,44,18,14
450190,1,1,5,5,5,5,5,5,5,5,5,5
450190,2,1,0,0,0,0,0,0,0,0,0,0
450191,1,1,0,0,0,0,0,0,0,0,0,0
450191,2,1,15,15,15,15,15,15,15,15,15,15
450192,1,1,0,0,0,26,0,0,0,0,0,0
450192,2,1,0,0,0,0,0,0,0,0,0,0
450193,1,1,0,0,0,0,0,0,0,0,0,0
450194,1,1,18,18,18,18,18,18,18,18,18,18
450195,1,1,0,0,0,0,0,0,0,0,0,0
450195,2,1,0,0,0,0,0,0,0,0,0,0
450196,1,1,0,0,0,0,0,0,0,0,0,0
450196,2,1,0,0,0,0,0,0,11,0,0,0
450197,0,1,2,2,2,2,2,2,2,2,2,2
450197,1,1,7,0,3,2,0,5,0,0,0,0
450198,1,1,0,0,0,0,0,0,0,0,0,0
450198,2,1,0,0,0,0,0,0,0,0,0,0
450199,1,1,0,0,0,0,0,0,0,0,0,0
450200,1,1,0,0,23,0,0,0,0,0,0,5
450201,1,1,0,0,0,0,0,0,0,0,0,0
450201,2,1,24,0,0,0,0,0,0,0,0,0
450202,1,1,0,0,0,0,0,0,0,0,0,0
450202,2,1,4,4,4,4,4,4,4,4,4,4
450203,1,1,0,0,0,0,0,0,0,0,0,0
450204,1,1,0,0,0,3,13,0,0,4,0,0
450204,2,1,8,0,0,0,0,0,0,11,0,0
450205,1,1,16,16,16,16,16,16,16,16,16,16
450206,1,1,0,0,0,0,0,0,0,0,0,0
450206,2,1,0,0,0,0,0,0,0,0,0,0
450207,1,1,0,0,0,0,0,0,0,0,0,0
450208,1,1,18,18,18,18,18,18,18,18,18,18
450209,1,1,0,0,0,0,0,0,0,0,0,0
450210,1,1,0,0,0,0,0,0,0,0,0,0
450212,2,1,20,20,20,20,20,20,20,20,20,20
450213,1,1,0,0,0,0,0,0,0,0,0,0
450214,1,1,25,25,25,25,25,25,25,25,25,25
450215,1,1,0,0,0,0,0,0,0,0,0,0
450216,2,1,0,0,0,0,0,0,0,0,0,0
450216,3,1,0,0,0,0,0,0,0,0,0,0
450217,1,1,0,0,0,0,0,0,0,0,0,0
450217,2,1,0,0,0,0,0,0,0,0,0,0
450217,3,1,0,0,0,0,0,0,0,0,0,0
450218,0,1,0,0,0,0,0,0,0,0,0,0
450218,1,1,0,12,0,0,0,0,0,0,0,0
450219,1,1,0,0,0,0,0,0,0,0,0,0
450220,1,1,0,0,0,0,0,0,0,0,0,0
450220,2,1,0,0,0,0,0,0,0,0,0,0
450221,1,1,17,17,17,17,17,17,17,17,17,17
450222,0,1,0,0,0,0,0,0,0,0,0,0
450222,1,1,12,9,17,18,0,0,17,0,20,26
450223,1,1,0,0,0,0,0,0,0,0,0,0
450223,2,1,0,0,0,0,0,0,0,0,0,0
450224,0,1,0,0,0,0,0,0,0,0,0,0
450224,1,1,0,0,16,0,0,0,0,0,0,0
450225,1,1,0,0,0,0,0,0,0,0,0,0
450225,2,1,0,0,0,0,0,0,0,0,0,0
450226,1,1,0,0,0,0,0,0,0,0,0,0
450226,2,1,0,0,0,0,0,0,0,0,0,0
450227,1,1,0,0,0,0,0,0,0,0,0,0
450228,1,1,0,9,0,0,24,0,0,0,27,0
450229,1,1,17,17,17,17,17,17,17,17,17,17
450230,1,1,0,0,0,17,0,22,23,0,20,13
450231,1,1,0,0,0,0,0,0,0,0,0,0
450232,0,1,10,10,10,10,10,10,10,10,10,10
450232,1,1,0,0,0,0,0,0,0,0,0,0
450233,1,1,0,0,0,0,0,0,0,0,0,0
450234,0,1,0,0,0,0,0,0,0,0,0,0
450234,1,1,0,0,0,0,9,0,0,0,0,0
450235,0,1,0,0,0,0,0,0,0,0,0,0
450235,1,1,0,0,0,0,0,0,0,0,0,0
450236,1,1,0,0,0,0,0,0,0,0,0,0
450237,1,1,0,0,0,0,0,0,0,0,0,0
450238,1,1,31,31,31,31,31,31,31,31,31,31
450239,1,1,16,29,6,5,15,3,25,14,15,11
450239,2,1,5,11,24,0,28,0,25,16,4,43
450240,1,1,16,20,7,0,13,16,0,25,25,18
450241,1,1,0,0,0,0,21,0,0,12,0,0
450242,1,1,0,0,0,0,0,0,0,0,0,0
450243,0,1,0,0,0,0,0,0,0,0,0,0
450243,1,1,0,0,0,0,0,0,0,0,0,0
450243,2,1,0,0,0,0,0,0,0,0,0,0
450244,1,1,0,0,0,0,0,0,0,0,0,0
450245,1,1,0,0,0,0,0,0,0,0,0,0
450245,2,1,0,38,20,11,27,22,28,15,19,13
450246,1,1,20,20,20,20,20,20,20,20,20,20
450247,0,1,0,0,33,0,0,0,0,0,0,0
450247,1,1,0,0,0,0,0,0,0,0,0,0
450248,1,1,0,0,0,0,0,0,0,0,0,0
450249,1,1,0,0,0,0,0,0,0,0,0,0
450250,1,1,0,0,0,0,0,0,0,0,0,0
450251,1,1,0,0,0,0,0,0,0,0,0,0
450252,1,1,9,9,9,9,9,9,9,9,9,9
450253,1,1,3,3,3,3,3,3,3,3,3,3
450253,2,1,14,14,14,14,14,14,14,14,14,14
450254,1,1,28,28,28,28,28,28,28,28,28,28
450254,2,1,0,0,0,0,0,0,0,0,0,0
450255,1,1,0,0,0,0,0,0,18,0,0,0
450256,0,1,36,36,36,36,36,36,36,36,36,36
450256,1,1,0,0,0,0,0,0,0,0,0,0
450257,1,1,0,0,4,0,0,0,0,0,0,0
450258,0,1,0,0,0,0,0,0,0,0,0,0
450258,1,1,0,0,0,0,0,0,0,0,0,0
450259,1,1,30,30,30,30,30,30,30,30,30,30
450260,1,1,0,0,0,0,0,0,0,0,0,0
450261,1,1,0,0,0,0,0,0,0,0,0,0
450262,1,1,0,0,0,0,0,0,0,0,0,0
450263,1,1,0,0,0,0,0,0,24,0,0,0
450264,1,1,23,23,23,23,23,23,23,23,23,23
450265,1,1,0,0,0,0,0,0,0,0,0,23
450265,2,1,16,16,16,16,16,16,16,16,16,16
450266,1,1,0,0,0,0,0,0,0,0,0,0
450266,2,1,0,0,0,0,0,0,0,20,0,0
450267,1,1,0,0,0,0,0,0,0,0,0,0
450267,2,1,0,0,0,0,0,0,0,0,0,0
450268,1,1,1,1,1,1,1,1,1,1,1,1
450268,2,1,0,0,0,0,0,0,0,0,0,0
450269,1,1,0,0,0,0,0,0,0,0,0,0
450269,2,1,0,0,0,0,0,0,0,0,0,0
450269,3,1,0,0,0,0,0,0,0,0,0,0
450270,1,1,14,0,0,0,0,0,17,0,0,0
450270,2,1,16,16,16,16,16,16,16,16,16,16
450271,1,1,38,38,38,38,38,38,38,38,38,38
450272,1,1,0,0,0,0,0,0,0,0,0,0
450272,2,1,0,0,0,0,0,0,0,0,0,0
450272,3,1,0,0,0,0,0,0,0,0,0,0
450273,1,1,0,0,0,0,0,0,0,0,0,0
450273,2,1,0,0,0,0,0,0,0,0,0,0
450274,1,1,0,0,0,0,0,0,0,0,0,0
450275,1,1,46,46,46,46,46,46,46,46,46,46
450276,1,1,0,0,0,0,0,0,0,0,0,0
450276,2,1,0,0,0,0,0,0,0,0,0,0
450276,3,1,0,0,0,0,0,0,0,0,0,0
450277,1,1,0,0,23,0,0,0,0,0,0,0
450277,2,1,0,0,0,0,0,0,0,0,0,0
450278,1,1,19,19,19,19,19,19,19,19,19,19
450278,2,1,17,17,17,17,17,17,17,17,17,17
450279,0,1,0,0,0,0,0,0,0,0,0,0
450279,1,1,0,0,0,0,0,32,0,0,0,0
450280,0,1,0,0,0,0,0,0,0,0,0,0
450280,1,1,0,0,0,0,27,0,0,0,0,0
450281,1,1,0,0,0,0,0,0,0,0,0,0
450282,1,1,0,0,0,0,0,0,0,0,0,0
450283,1,1,21,21,21,21,21,21,21,21,21,21
450284,1,1,9,9,9,9,9,9,9,9,9,9
450285,1,1,18,18,18,18,18,18,18,18,18,18
450286,1,1,19,9,24,0,18,28,10,0,33,12
450287,1,1,18,18,18,18,18,18,18,18,18,18
450288,1,1,0,0,0,0,0,0,0,0,0,0
450288,2,1,0,0,0,0,0,0,0,0,0,0
450289,1,1,0,0,0,0,0,0,0,0,0,0
450289,2,1,6,6,6,6,6,6,6,6,6,6
450289,3,1,16,16,16,16,16,16,16,16,16,16
450290,1,1,1,1,1,1,1,1,1,1,1,1
450291,1,1,0,0,0,0,0,0,0,0,0,0
450292,0,1,20,20,20,20,20,20,20,20,20,20
450292,1,1,0,0,0,0,0,0,0,0,0,0
450293,1,1,0,0,0,0,0,0,0,0,0,0
450293,2,1,0,0,0,0,0,0,0,0,0,0
450294,1,1,20,0,0,0,0,0,0,0,0,0
450295,1,1,0,0,0,0,0,0,0,0,0,21
450295,2,1,0,0,0,0,0,0,0,0,0,0
450296,0,1,0,0,0,0,0,0,0,0,24,0
450296,1,1,0,0,0,0,0,0,0,0,0,0
450297,1,1,0,0,0,0,0,0,0,0,0,0
450297,2,1,0,0,0,0,0,0,0,0,0,0
450299,1,1,0,0,0,0,0,0,0,0,0,0
450300,0,1,0,0,0,0,0,0,0,0,0,0
450300,1,1,0,0,0,0,0,0,0,0,0,0
450301,0,1,0,0,0,0,0,0,0,0,0,0
450301,1,1,0,0,0,0,0,0,0,0,0,14
450301,2,1,0,0,0,0,0,0,0,0,0,10
450302,0,1,0,0,0,0,0,0,0,0,0,0
450302,1,1,0,0,0,0,0,0,0,0,0,0
450303,0,1,10,10,10,10,10,10,10,10,10,10
450303,3,1,0,0,0,0,30,0,0,0,0,0
450304,1,1,8,8,8,8,8,8,8,8,8,8
450305,1,1,0,0,0,0,0,0,0,0,0,0
450305,2,1,0,0,0,0,0,0,0,0,0,0
450306,1,1,10,10,10,10,10,10,10,10,10,10
450306,2,1,0,0,0,0,0,0,0,0,0,0
450307,0,1,0,0,0,0,0,0,0,0,0,0
450307,1,1,0,0,0,0,0,0,0,0,0,0
450308,0,1,0,0,0,0,11,0,0,0,0,0
450308,1,1,0,0,0,0,0,0,0,0,0,0
450309,1,1,0,0,0,0,0,0,0,0,0,0
450309,2,1,0,0,0,0,0,0,0,0,0,0
450309,3,1,0,0,0,0,0,0,0,0,0,0
450309,4,1,0,0,0,0,0,0,0,0,0,0
450310,1,1,20,0,0,0,0,0,33,0,0,0
450310,2,1,0,0,7,0,0,0,0,0,0,0
450311,1,1,0,0,0,0,0,0,0,0,0,0
450312,1,1,0,0,0,0,0,0,0,0,0,0
450313,1,1,0,0,0,0,0,0,0,0,0,0
450313,2,1,0,0,0,0,0,0,0,0,0,0
450314,1,1,0,0,0,0,0,0,0,0,0,0
450314,2,1,0,0,0,0,0,0,0,0,0,0
450315,1,1,0,0,0,0,0,0,0,0,0,0
450315,2,1,0,0,0,0,0,0,0,0,0,0
450316,1,1,0,0,24,0,0,14,0,13,5,16
450317,0,1,37,37,37,37,37,37,37,37,37,37
450317,1,1,8,0,8,25,9,0,0,13,0,0
450318,1,1,0,24,0,0,0,0,0,0,0,0
450319,1,1,0,0,0,0,0,0,0,0,0,0
450320,1,1,0,0,0,21,0,0,0,0,0,0
450320,2,1,0,0,0,0,0,0,0,0,0,0
450321,1,1,0,0,0,0,0,0,0,0,0,0
450321,2,1,0,0,0,0,0,0,0,0,0,0
450322,1,1,22,22,22,22,22,22,22,22,22,22
450323,0,1,0,0,0,0,20,0,0,0,0,0
450323,1,1,0,0,0,0,0,0,0,0,0,19
450324,0,1,12,12,12,12,12,12,12,12,12,12
450324,1,1,3,0,0,0,0,6,0,0,0,0
450325,1,1,28,28,28,28,28,28,28,28,28,28
450326,1,1,0,0,0,0,0,14,0,0,18,0
450327,2,1,0,0,0,0,0,0,0,0,0,0
450327,3,1,0,0,0,0,0,0,0,0,0,0
450328,1,1,0,0,0,0,0,0,0,0,0,0
450329,1,1,8,8,8,8,8,8,8,8,8,8
450330,1,1,0,0,0,0,0,0,0,0,0,0
450331,1,1,0,0,0,0,0,0,0,0,0,0
450331,2,1,0,0,0,0,0,0,0,0,0,0
450332,1,1,0,0,8,0,0,32,14,0,0,0
450333,1,1,14,14,14,14,14,14,14,14,14,14
450334,1,1,0,0,0,0,0,0,0,0,0,0
450334,2,1,0,23,0,0,15,0,0,0,0,0
450336,1,1,15,15,15,15,15,15,15,15,15,15
450337,1,1,1,1,1,1,1,1,1,1,1,1
450338,1,1,0,28,0,0,0,0,0,0,0,0
450339,0,1,17,17,17,17,17,17,17,17,17,17
450339,1,1,0,0,0,0,0,0,0,0,0,18
450340,0,1,2,2,2,2,2,2,2,2,2,2
450340,1,1,9,0,0,0,0,0,3,0,0,0
450341,1,1,0,0,0,0,4,0,0,0,0,0
450341,2,1,0,0,0,22,11,0,0,0,0,0
450341,3,1,23,23,23,23,23,23,23,23,23,23
450342,1,1,0,0,0,0,0,0,0,0,0,0
450343,1,1,0,0,0,0,0,0,0,0,0,0
450343,2,1,21,21,21,21,21,21,21,21,21,21
450344,1,1,0,27,27,16,7,0,5,0,23,0
450345,1,1,4,4,4,4,4,4,4,4,4,4
450346,0,1,0,0,0,0,0,0,0,0,0,0
450346,1,1,0,0,0,0,0,0,0,0,0,0
450347,1,1,0,0,0,0,0,0,0,0,0,0
450347,2,1,0,0,0,0,0,0,0,0,0,0
450347,3,1,0,0,0,0,0,0,11,0,0,0
450348,1,1,9,9,9,9,9,9,9,9,9,9
450348,2,1,0,0,0,0,21,0,0,0,0,0
450349,1,1,0,0,0,0,0,0,0,0,0,0
450349,2,1,10,10,10,10,10,10,10,10,10,10
450349,3,1,0,0,0,0,0,0,0,0,14,0
450350,1,1,0,0,0,0,0,0,0,0,0,0
450350,2,1,0,0,0,0,0,0,0,0,0,0
450351,1,1,0,0,12,0,0,0,0,0,0,0
450352,1,1,0,0,0,0,0,0,0,0,0,0
450352,2,1,0,0,0,0,0,0,0,0,0,0
450353,1,1,0,0,0,0,0,0,0,0,0,0
450353,2,1,0,0,0,13,0,12,0,0,0,0
450354,1,1,10,10,10,10,10,10,10,10,10,10
450355,1,1,21,21,21,21,21,21,21,21,21,21
450356,1,1,0,0,0,0,0,0,0,0,0,0
450357,1,1,0,0,0,0,0,0,0,0,0,0
450357,2,1,0,0,0,0,0,0,0,0,0,0
450357,3,1,0,0,0,0,0,0,0,0,0,0
450358,0,1,0,0,0,0,0,0,0,0,0,0
450358,1,1,36,36,36,36,36,36,36,36,36,36
450359,1,1,0,0,0,0,0,0,0,0,0,0
450359,2,1,0,0,0,0,0,0,0,0,0,0
450360,1,1,29,29,29,29,29,29,29,29,29,29
450361,1,1,0,0,0,0,0,0,0,0,0,0
450361,2,1,0,0,0,0,0,0,0,0,16,0
450362,1,1,12,12,12,12,12,12,12,12,12,12
450363,1,1,0,0,0,0,0,0,0,0,0,0
450364,1,1,18,18,18,18,18,18,18,18,18,18
450364,2,1,0,0,0,0,0,0,0,0,0,9
450365,1,1,9,9,9,9,9,9,9,9,9,9
450366,1,1,0,0,0,0,0,0,0,0,0,0
450366,2,1,0,0,0,0,0,0,0,0,0,0
450367,1,1,6,6,6,6,6,6,6,6,6,6
450368,1,1,4,12,52,0,0,0,13,0,15,0
450369,1,1,0,0,0,0,0,0,0,0,0,0
450370,1,1,0,0,0,0,0,0,0,0,0,0
450370,2,1,0,0,0,0,0,0,0,0,0,0
450371,1,1,0,0,0,0,0,0,0,0,0,0
450372,1,1,0,28,6,0,0,9,0,0,0,23
450372,2,1,6,3,3,13,0,0,5,0,9,13
450373,1,1,0,0,0,0,0,0,0,0,0,0
450373,2,1,11,11,11,11,11,11,11,11,11,11
450374,1,1,0,0,0,0,0,0,0,0,0,0
450374,2,1,26,26,26,26,26,26,26,26,26,26
450375,0,1,27,27,27,27,27,27,27,27,27,27
450375,1,1,0,0,0,0,0,0,0,0,0,0
450376,1,1,24,24,24,24,24,24,24,24,24,24
450377,1,1,0,0,0,0,0,0,0,0,0,0
450377,2,1,0,0,0,0,0,0,0,0,0,0
450377,3,1,0,0,0,0,0,0,0,0,0,0
450378,1,1,0,0,0,0,0,0,0,0,0,0
450378,2,1,0,0,0,0,0,0,0,0,0,0
450379,1,1,17,17,17,17,17,17,17,17,17,17
450380,0,1,0,0,0,0,0,0,0,0,0,0
450380,1,1,0,0,0,0,0,0,0,3,0,0
450381,1,1,0,0,0,0,0,0,0,0,0,0
450381,2,1,19,11,21,29,20,19,24,28,20,34
450382,1,1,0,0,0,0,0,0,0,0,0,0
450382,2,1,0,0,0,0,0,0,0,0,0,0
450383,0,1,16,16,16,16,16,16,16,16,16,16
450383,1,1,0,0,0,0,0,0,0,0,0,0
450384,1,1,0,0,0,9,0,8,0,0,16,0
450385,1,1,0,0,0,0,0,0,0,0,0,0
450386,1,1,0,0,0,0,0,0,0,0,0,0
450386,2,1,0,0,0,0,0,0,0,0,0,0
450386,3,1,0,0,0,0,0,30,0,0,0,0