ST_CASE,VEH_NO,PER_NO,P1,P2,P3,P4,P5,P6,P7,P8,P9,P10
480838,1,1,0,0,0,0,0,0,0,0,0,0
480838,2,1,0,0,0,0,0,0,0,0,0,0
480839,1,1,0,0,0,0,0,0,0,0,0,0
480840,1,1,0,0,0,0,15,8,0,4,0,0
480840,2,1,0,0,0,0,0,0,17,0,23,0
480841,1,1,6,0,0,0,16,32,0,0,0,0
480841,2,1,0,0,0,0,0,0,0,0,0,0
480842,1,1,0,0,0,0,0,0,11,0,0,0
480842,2,1,0,0,0,0,0,0,0,0,0,0
480843,1,1,2,2,2,2,2,2,2,2,2,2
480843,2,1,0,0,0,0,0,0,0,0,0,0
480844,1,1,0,0,0,0,0,0,0,0,0,0
480844,2,1,0,0,0,0,0,33,0,0,0,0
480845,1,1,24,0,0,0,24,0,0,0,0,0
480846,1,1,10,0,0,0,22,0,0,0,0,0
480846,2,1,0,0,0,0,0,0,0,0,0,0
480847,1,1,0,0,0,0,0,0,0,0,0,0
480847,2,1,0,0,20,0,0,0,17,0,0,0
480848,1,1,11,0,0,0,13,15,11,10,39,0
480849,1,1,0,0,0,0,0,0,0,0,0,0
480849,2,1,0,0,0,0,0,0,0,0,0,0
480850,1,1,0,0,0,0,0,0,0,0,0,0
480850,2,1,0,0,0,0,0,0,7,6,0,0
480850,3,1,10,0,0,0,0,0,0,0,15,0
480851,1,1,22,22,22,22,22,22,22,22,22,22
480852,1,1,0,19,0,0,20,6,7,16,0,27
480852,2,1,0,0,0,0,0,0,0,0,0,0
480853,1,1,0,0,0,0,0,0,0,0,0,0
480853,2,1,37,37,37,37,37,37,37,37,37,37
480854,1,1,0,0,0,0,0,0,0,0,0,0
480855,1,1,23,23,23,23,23,23,23,23,23,23
480856,1,1,24,24,24,24,24,24,24,24,24,24
480856,2,1,14,6,5,0,14,14,28,0,7,0
480857,0,1,11,11,11,11,11,11,11,11,11,11
480857,1,1,3,0,0,16,16,0,0,3,0,11
480858,1,1,0,0,6,0,0,0,0,0,0,0
480858,2,1,0,2,0,10,0,0,0,0,0,21
480859,1,1,25,0,0,10,19,29,0,0,0,0
480860,1,1,19,19,19,19,19,19,19,19,19,19
480861,0,1,0,0,0,0,0,0,0,0,0,0
480861,1,1,0,0,0,0,0,0,0,0,0,0
480862,1,1,0,0,0,0,0,7,0,0,0,0
480862,2,1,14,0,10,0,0,0,0,11,19,15
480863,1,1,0,0,14,0,0,0,0,0,5,0
480863,2,1,0,0,0,0,0,0,0,0,0,0
480864,1,1,16,16,16,16,16,16,16,16,16,16
480865,1,1,20,20,20,20,20,20,20,20,20,20
480865,2,1,5,5,5,5,5,5,5,5,5,5
480866,1,1,0,0,13,20,15,13,0,0,0,25
480867,1,1,11,0,11,33,41,0,0,9,0,0
480868,1,1,18,0,0,0,0,0,0,13,0,0
480868,2,1,0,0,17,0,0,0,0,0,0,0
480869,1,1,0,0,0,0,0,19,17,0,0,0
480869,2,1,0,0,0,0,0,0,11,8,12,7
480869,3,1,0,0,0,0,0,11,0,0,0,7
480870,0,1,0,0,0,0,0,0,0,0,0,0
480870,1,1,0,22,31,0,0,0,0,0,15,0
480871,1,1,0,0,0,0,0,0,0,0,0,0
480872,1,1,19,16,0,3,22,6,10,26,34,8
480873,1,1,21,0,0,0,24,25,0,0,0,0
480873,2,1,0,12,8,0,0,16,0,4,0,10
480874,1,1,20,20,20,20,20,20,20,20,20,20
480875,1,1,0,0,5,0,21,0,0,5,0,0
480876,1,1,15,11,0,20,12,13,0,0,0,0
480876,2,1,0,0,0,0,0,25,0,0,0,0
480877,0,1,0,0,0,0,0,0,0,0,0,0
480877,1,1,0,0,0,0,0,0,0,0,4,0
480878,0,1,13,0,6,25,0,0,0,0,0,30
480878,1,1,0,0,0,0,8,6,21,17,13,0
480879,0,1,0,0,0,15,49,0,0,0,0,0
480879,1,1,8,0,0,0,18,0,20,21,0,10
480880,0,1,0,0,0,0,0,0,0,0,0,0
480880,1,1,0,3,0,11,0,0,18,9,9,0
480881,1,1,11,11,11,11,11,11,11,11,11,11
480882,1,1,10,19,9,22,20,7,9,19,30,20
480883,1,1,41,0,0,0,0,0,0,0,18,0
480883,2,1,0,0,0,0,0,0,0,0,0,0
480884,1,1,0,0,0,0,0,0,0,0,0,0
480884,2,1,5,41,19,0,9,0,0,0,0,0
480885,1,1,0,0,0,0,0,0,0,0,0,0
480886,1,1,0,0,0,0,0,0,0,0,0,0
480886,2,1,0,0,0,0,0,0,0,0,0,0
480887,1,1,17,17,17,17,17,17,17,17,17,17
480887,2,1,0,0,0,0,0,0,0,0,0,0
480888,1,1,0,0,0,0,0,0,0,0,0,0
480889,1,1,5,6,0,10,16,16,11,0,13,23
480890,1,1,13,0,0,6,0,0,0,0,12,0
480892,1,1,15,15,15,15,15,15,15,15,15,15
480893,1,1,18,18,18,18,18,18,18,18,18,18
480893,2,1,0,0,0,0,0,0,0,0,0,0
480893,3,1,0,0,0,0,16,15,0,0,0,0
480894,1,1,0,0,0,0,0,0,0,0,0,0
480895,1,2,0,0,0,0,0,0,29,0,0,0
480896,0,1,0,0,0,0,0,0,0,0,0,0
480896,0,2,0,0,0,0,0,0,0,0,0,0
480896,0,3,0,12,0,0,18,33,0,0,16,15
480896,1,1,0,0,0,0,0,0,0,0,0,0
480896,3,1,0,0,0,0,17,0,0,0,0,0
480897,1,1,0,18,36,0,6,23,30,0,17,22
480898,0,1,28,28,28,28,28,28,28,28,28,28
480898,1,1,0,0,0,0,0,0,0,0,0,17
480899,1,1,0,14,0,0,0,0,0,0,0,0
480899,2,1,0,0,0,0,0,0,0,0,0,0
480899,3,1,0,0,0,0,23,13,0,0,19,0
480899,4,1,0,11,0,0,0,0,0,0,0,0
480899,5,1,0,0,0,0,0,0,0,0,0,0
480900,0,1,0,0,0,0,0,0,0,0,0,0
480900,1,1,0,0,0,19,0,0,0,0,0,0
480901,0,1,0,0,0,0,0,0,0,0,0,0
480901,1,1,7,0,0,0,0,0,0,0,0,0
480902,1,1,0,17,0,0,0,0,0,0,0,0
480902,2,1,11,0,0,0,0,0,0,0,0,0
480903,1,1,0,0,0,0,15,0,0,0,0,0
480903,2,1,0,0,0,0,0,0,0,0,0,0
480904,0,1,0,27,0,25,0,0,0,18,17,11
480904,1,1,0,0,0,9,0,0,0,0,13,0
480905,1,1,37,37,37,37,37,37,37,37,37,37
480905,2,1,0,0,0,0,0,3,0,0,0,0
480906,0,1,11,11,11,11,11,11,11,11,11,11
480906,1,1,9,0,0,0,0,0,0,0,22,0
480907,1,1,12,12,12,12,12,12,12,12,12,12
480908,0,1,15,0,14,0,21,0,28,18,0,0
480908,1,1,0,0,0,0,0,0,0,0,0,0
480909,0,1,11,8,13,0,0,0,26,11,17,16
480909,1,1,0,0,0,0,0,0,0,0,0,0
480910,0,1,23,0,0,23,5,0,25,0,0,0
480910,1,1,4,0,0,13,12,0,0,0,9,0
480911,1,1,14,12,8,16,20,23,35,30,25,0
480912,1,1,0,0,0,0,0,0,0,0,0,0
480912,2,1,0,0,0,0,0,0,0,0,0,0
480913,1,1,0,0,0,14,0,0,0,0,0,0
480913,2,1,0,0,0,0,0,0,12,0,0,0
480914,1,1,0,0,0,0,0,0,0,0,0,0
480914,2,1,0,0,0,0,0,0,0,0,0,5
480914,3,1,0,0,0,0,0,0,0,0,0,20
480915,1,1,4,9,0,0,0,0,6,19,0,0
480915,2,1,0,0,0,0,0,0,0,0,0,0
480916,1,1,0,0,0,0,0,0,0,0,0,0
480916,2,1,0,0,0,0,0,12,0,0,0,0
480916,3,1,0,0,0,0,0,0,0,0,0,0
480916,4,1,0,0,0,31,0,0,0,0,0,0
480916,5,1,0,0,0,0,0,0,0,21,0,0
480916,6,1,0,0,0,0,0,0,7,0,0,0
480916,7,1,0,0,27,0,0,0,0,0,0,0
480917,1,1,19,19,19,19,19,19,19,19,19,19
480918,0,1,0,13,0,0,18,0,0,0,13,0
480918,0,2,20,27,0,0,0,0,0,0,0,0
480918,1,1,6,6,6,6,6,6,6,6,6,6
480919,1,1,0,0,0,0,0,0,0,0,0,18
480919,2,1,0,0,0,0,0,0,0,0,0,0
480920,1,1,14,14,14,14,14,14,14,14,14,14
480920,2,1,0,0,11,0,0,0,0,0,0,0
480920,3,1,0,0,0,7,19,14,0,0,15,0
480922,0,1,15,15,15,15,15,15,15,15,15,15
480922,1,1,0,8,0,20,0,0,0,0,14,0
480923,1,1,10,0,0,0,0,17,0,0,0,0
480925,1,1,0,35,0,14,0,25,10,26,28,20
480925,2,1,0,0,0,0,0,0,0,0,0,0
480926,0,1,0,0,0,0,0,0,0,0,0,0
480926,1,1,0,0,0,0,0,0,0,0,0,0
480927,1,1,0,0,0,0,26,14,0,0,17,12
480928,1,1,0,0,0,0,0,0,0,2,0,0
480928,2,1,0,0,0,0,0,0,0,0,0,0
480928,3,1,0,0,23,0,0,11,0,0,0,0
480929,0,1,22,22,22,22,22,22,22,22,22,22
480929,1,1,16,22,0,18,29,29,19,0,13,0
480930,1,1,0,0,0,0,0,0,0,0,0,0
480930,2,1,0,0,0,0,0,0,0,0,0,0
480930,3,1,0,0,0,0,0,0,0,0,0,0
480931,1,1,0,0,0,8,0,0,13,0,22,16
480931,2,1,11,0,0,0,0,15,0,0,15,0
480932,0,1,0,0,22,12,13,0,0,16,7,0
480932,1,1,0,0,0,0,0,0,0,0,0,0
480933,1,1,0,0,0,0,0,0,0,0,23,0
480934,1,1,0,0,0,0,31,0,26,0,0,0
480935,1,1,0,0,0,0,0,0,16,0,0,0
480936,1,1,0,0,0,0,0,0,0,0,0,0
480936,2,1,0,0,0,0,0,6,0,0,0,0
480936,3,1,0,0,0,0,0,0,0,0,0,0
480937,0,1,1,1,1,1,1,1,1,1,1,1
480937,1,1,0,0,0,0,0,0,0,6,0,0
480937,2,1,0,0,0,0,3,0,25,0,0,0
480938,1,1,0,0,0,0,0,0,0,0,0,0
480939,1,1,9,9,9,9,9,9,9,9,9,9
480939,2,1,0,0,0,0,0,0,0,0,0,0
480940,1,1,0,8,0,0,0,0,7,6,0,0
480940,2,1,0,0,0,0,0,0,0,0,0,0
480942,1,1,25,0,0,19,0,0,0,0,0,0
480943,1,1,0,13,0,0,0,0,0,0,0,0
480944,1,1,8,22,0,16,26,0,11,10,0,0
480945,1,1,0,0,0,0,0,0,0,0,0,0
480945,2,1,0,0,0,0,0,0,0,0,0,0
480946,1,1,0,0,0,12,0,0,18,0,0,27
480947,1,1,11,12,9,15,12,0,0,0,16,12
480948,1,1,0,8,0,0,0,18,0,0,0,0
480948,2,1,0,0,0,0,0,0,0,28,0,0
480949,0,1,16,16,16,16,16,16,16,16,16,16
480949,1,1,15,0,0,0,26,10,0,0,17,0
480950,0,1,0,0,0,0,14,0,0,0,0,0
480950,1,1,14,0,8,0,0,0,21,6,0,0
480951,1,1,16,16,16,16,16,16,16,16,16,16
480952,0,1,0,0,0,0,17,0,0,0,0,0
480952,1,1,0,20,21,0,0,0,17,0,15,0
480953,0,1,0,0,0,0,0,0,0,0,0,0
480953,1,1,0,0,0,13,0,0,0,0,12,0
480954,1,1,8,31,14,10,0,10,0,11,0,0
480955,1,1,16,13,0,0,21,0,0,0,0,0
480955,2,1,0,25,0,0,0,0,14,26,9,9
480956,1,1,0,0,0,0,4,5,9,10,17,18
480957,1,1,38,11,17,11,31,20,15,13,30,5
480958,0,1,0,0,0,0,0,0,0,0,0,0
480958,1,1,0,0,0,0,0,0,0,0,0,0
480960,1,1,0,0,0,0,0,0,0,0,0,0
480961,1,1,18,0,0,0,0,0,17,0,0,0
480961,2,1,0,0,10,0,0,0,0,13,25,0
480961,3,1,0,0,0,0,0,0,0,0,0,0
480962,1,1,0,0,18,0,7,0,0,8,15,29
480963,0,1,0,0,0,0,0,16,0,0,0,0
480963,1,1,0,0,0,0,0,0,0,0,13,0
480964,1,1,0,0,0,0,0,0,0,0,0,0
480964,2,1,0,0,0,0,0,0,0,0,0,0
480965,1,1,20,20,20,20,20,20,20,20,20,20
480966,1,1,19,10,9,21,0,12,0,11,16,14
480966,2,1,0,0,0,0,0,5,0,0,13,18
480967,1,1,15,15,15,15,15,15,15,15,15,15
480968,1,1,0,0,16,0,0,11,0,0,14,0
480969,1,1,13,13,13,13,13,13,13,13,13,13
480970,1,1,27,0,0,0,14,0,0,0,0,0
480970,2,1,0,0,0,0,10,0,0,11,0,0
480971,1,1,19,19,19,19,19,19,19,19,19,19
480972,0,1,0,0,0,0,0,0,0,11,0,0
480972,1,1,40,0,0,0,0,0,0,15,0,0
480973,1,1,19,11,0,5,16,0,27,9,0,0
480974,1,1,0,0,0,0,0,0,0,16,0,27
480974,2,1,0,0,0,0,0,0,0,0,0,0
480975,0,1,0,0,0,0,0,0,0,0,0,0
480975,1,1,26,14,0,7,12,0,0,0,6,22
480976,1,1,0,7,0,0,0,0,0,0,0,0
480977,1,1,0,0,0,0,0,0,0,0,0,0
480977,2,1,0,0,0,0,0,0,0,0,0,0
480977,3,1,0,0,0,0,0,0,0,0,0,0
480978,1,1,16,14,14,23,11,0,14,16,28,15
480979,1,1,0,0,0,0,0,0,0,0,0,0
480979,2,1,0,0,0,0,0,0,0,0,0,0
480980,1,1,0,0,0,0,0,0,0,0,0,0
480981,1,1,10,0,0,0,0,0,0,0,0,0
480981,2,1,0,0,0,0,0,0,0,0,0,0
480982,1,1,0,0,0,0,41,24,9,2,19,0
480982,2,1,0,0,0,0,0,0,0,0,0,0
480983,0,1,0,0,0,0,0,0,16,0,11,0
480983,1,1,0,0,0,0,0,0,0,0,0,12
480984,1,1,0,18,0,0,0,0,0,0,8,0
480985,1,1,0,0,0,0,0,0,0,0,0,0
480985,2,1,0,0,0,0,0,0,0,0,0,0
480986,1,1,3,16,14,0,13,0,10,0,0,0
480986,2,1,0,0,0,0,0,0,0,0,18,0
480987,1,1,19,0,4,7,0,13,6,0,0,0
480987,2,1,0,0,0,0,0,0,0,0,0,0
480988,1,1,0,0,17,0,0,0,0,0,33,0
480989,1,1,10,10,10,10,10,10,10,10,10,10
480990,0,1,0,0,0,0,0,24,0,26,0,0
480990,1,1,0,0,0,0,0,0,0,0,0,0
480991,1,1,0,0,0,0,0,0,29,0,0,12
480991,2,1,0,0,0,0,0,0,0,0,0,0
480992,0,1,0,0,15,0,9,0,0,28,0,0
480992,1,1,0,0,0,0,0,0,0,0,0,0
480993,1,1,0,0,0,0,0,0,0,17,20,16
480993,2,1,9,0,0,0,7,0,4,0,0,20
480994,0,1,0,17,13,0,11,20,0,34,0,0
480994,1,1,0,0,17,0,6,0,0,0,27,0
480996,0,1,6,6,6,6,6,6,6,6,6,6
480996,0,2,0,0,0,0,0,17,52,24,0,0
480996,1,1,2,14,19,0,0,0,0,0,0,0
480997,0,1,16,33,35,10,0,15,26,0,0,0
480997,1,1,20,20,20,20,20,20,20,20,20,20
480998,1,1,18,18,18,18,18,18,18,18,18,18
480998,2,1,0,0,22,7,0,0,0,0,0,0
480999,1,1,4,4,4,4,4,4,4,4,4,4
480999,2,1,0,0,0,0,0,0,0,0,0,0
481000,1,1,0,0,0,0,0,0,0,0,0,0
481001,1,1,0,15,8,0,0,0,0,7,13,4
481002,1,1,0,20,0,0,0,0,0,0,30,0
481002,2,1,21,0,18,0,0,15,23,0,0,0
481003,1,1,14,14,14,14,14,14,14,14,14,14
481004,1,1,0,0,14,40,0,16,0,0,0,0
481004,2,1,0,0,0,0,0,0,0,0,0,0
481005,1,1,26,0,0,16,0,0,18,0,0,0
481006,1,1,0,0,0,0,0,8,0,0,5,0
481006,2,1,4,0,0,0,0,0,18,18,0,0
481007,1,1,0,23,12,11,20,14,7,0,23,14
481008,1,1,12,9,27,9,18,19,21,24,26,25
481009,1,1,41,26,18,13,5,11,12,13,37,17
481010,1,1,0,0,0,0,0,0,0,0,0,0
481011,1,1,4,4,4,4,4,4,4,4,4,4
481012,1,1,0,0,25,11,0,0,0,0,5,0
481012,2,1,0,0,0,0,0,0,12,0,0,0
481013,1,1,15,0,6,0,9,32,0,8,33,28
481014,0,1,0,0,0,0,0,0,0,0,0,0
481014,1,1,0,0,0,0,6,0,0,0,0,0
481015,1,1,0,0,0,0,22,0,0,23,7,0
481016,1,1,2,2,2,2,2,2,2,2,2,2
481016,2,1,0,0,0,21,0,12,0,0,8,0
481016,3,1,20,0,0,0,0,0,0,10,0,9
481017,1,1,7,5,0,0,0,3,0,0,0,0
481017,2,1,0,0,0,0,0,23,0,29,0,0
481017,3,1,0,0,0,0,0,0,0,0,0,0
481018,1,1,0,0,0,0,0,0,0,0,0,0
481018,2,1,0,0,0,0,0,0,0,0,0,0
481019,1,1,8,13,0,39,0,0,12,10,12,7
481020,1,1,0,0,0,0,0,0,0,0,0,0
481022,1,1,6,0,0,0,0,0,0,0,0,0
481022,2,1,0,5,4,0,0,0,10,0,0,0
481022,3,1,0,0,0,0,0,0,0,0,0,0
481023,1,1,21,21,21,21,21,21,21,21,21,21
481024,1,1,0,0,0,0,4,0,0,0,0,0
481024,2,1,0,0,0,0,0,0,0,3,0,0
481025,1,1,0,0,0,0,0,0,0,0,0,0
481025,2,1,0,0,0,30,3,0,0,0,0,0
481026,1,1,0,0,0,31,0,0,28,16,21,31
481026,2,1,0,0,0,0,0,0,0,0,0,0
481027,0,1,0,0,0,0,0,0,0,0,0,0
481027,2,1,0,0,0,0,0,0,0,0,0,0
481028,0,1,0,0,0,11,0,22,0,0,0,0
481028,1,1,0,15,0,0,0,12,0,24,0,0
481028,2,1,5,5,5,5,5,5,5,5,5,5
481029,1,1,0,0,0,0,0,0,0,0,0,0
481029,2,1,0,21,0,0,0,16,8,0,13,0
481029,3,1,0,0,0,0,0,9,0,0,26,0
481029,4,1,0,0,0,0,0,0,0,0,0,0
481030,0,1,0,0,0,0,0,0,0,0,0,0
481030,1,1,12,12,12,12,12,12,12,12,12,12
481031,0,1,16,0,0,0,18,3,19,4,26,22
481031,1,1,23,19,0,33,0,16,27,9,29,9
481032,0,1,0,0,0,0,0,0,0,0,0,0
481032,1,1,0,6,17,0,3,15,0,19,12,17
481033,1,1,23,23,23,23,23,23,23,23,23,23
481033,2,1,0,7,0,0,0,23,0,0,0,0
481034,1,1,7,0,22,0,0,0,0,0,15,0
481034,2,1,0,0,0,21,0,0,0,0,0,0
481035,1,1,0,12,0,0,0,0,13,0,0,0
481036,1,1,0,0,0,0,0,0,25,0,0,0
481037,0,1,0,0,20,0,0,0,0,39,0,0
481037,1,1,13,4,0,0,0,0,24,0,0,0
481038,1,1,0,0,0,0,0,0,0,0,0,0
481038,2,1,0,0,10,0,13,32,0,0,0,0
481039,0,1,42,42,42,42,42,42,42,42,42,42
481039,1,1,10,0,0,28,0,0,0,0,23,23
481040,1,1,1,1,1,1,1,1,1,1,1,1
481040,2,1,0,0,0,0,0,0,0,0,0,0
481040,3,1,0,0,19,0,0,0,15,21,0,0
481040,4,1,0,0,0,0,0,0,0,0,19,0
481040,5,1,0,0,0,8,0,30,0,0,0,17
481040,6,1,0,0,0,0,0,0,0,0,0,0
481041,1,1,11,8,12,18,3,6,13,9,17,12
481041,2,1,0,0,0,11,0,0,0,0,19,0
481042,1,1,0,0,0,0,0,0,0,0,0,8
481042,2,1,0,0,0,0,0,0,0,0,0,0
481042,3,1,0,0,0,0,0,0,0,0,0,0
481043,0,1,0,24,16,0,0,0,0,0,0,0
481043,1,1,0,0,0,0,0,0,0,0,12,0
481044,1,1,10,10,10,10,10,10,10,10,10,10
481044,2,1,0,0,0,0,0,0,0,0,0,0
481045,1,1,29,29,29,29,29,29,29,29,29,29
481046,1,1,0,0,15,22,0,0,0,0,9,10
481047,1,1,20,20,20,20,20,20,20,20,20,20
481048,1,1,0,0,0,0,0,0,0,0,0,0
481048,2,1,0,0,0,0,0,0,0,0,0,0
481049,1,1,0,0,0,0,0,0,24,0,0,0
481049,2,1,0,0,0,0,0,0,0,0,0,0
481050,1,1,0,0,21,0,0,0,11,0,28,0
481050,2,1,0,0,0,0,0,6,0,0,0,0
481050,3,1,0,0,0,0,0,0,0,0,0,0
481050,4,1,0,0,0,0,0,0,0,0,0,23
481051,1,1,0,14,0,0,0,16,0,16,0,0
481051,2,1,9,0,0,0,0,0,12,0,6,11
481052,0,1,0,20,14,0,0,25,21,0,38,27
481053,1,1,14,14,14,14,14,14,14,14,14,14
481054,1,1,24,6,0,0,0,0,0,13,25,8
481055,1,1,0,0,0,0,0,0,0,15,0,0
481055,2,1,0,0,0,0,0,0,0,0,0,0
481056,1,1,0,0,0,22,0,0,0,0,0,0
481057,1,1,25,25,25,25,25,25,25,25,25,25
481057,2,1,0,0,0,0,0,0,0,0,0,0
481058,1,1,0,0,0,0,0,0,0,0,0,13
481058,2,1,0,0,0,0,0,0,0,0,0,4
481059,0,1,34,34,34,34,34,34,34,34,34,34
481059,1,1,0,0,0,0,0,0,0,0,0,0
481060,1,1,16,16,16,16,16,16,16,16,16,16
481060,2,1,0,0,0,0,0,0,0,0,0,0
481061,1,1,9,0,0,0,4,0,25,0,11,0
481062,0,1,21,21,21,21,21,21,21,21,21,21
481062,1,1,0,0,0,0,0,12,0,13,14,25
481063,1,1,13,19,0,0,18,0,0,0,0,0
481063,2,1,0,0,0,0,0,0,0,0,0,0
481064,1,1,0,0,0,24,17,0,0,0,16,17
481064,2,1,0,0,0,0,0,0,0,0,0,0
481065,1,1,0,0,0,0,0,0,0,0,0,0
481066,1,1,0,0,21,0,0,31,0,0,41,31
481066,2,1,0,0,0,0,0,0,0,0,0,0
481067,1,1,27,0,0,0,0,7,0,0,0,0
481067,2,1,0,0,0,0,0,0,0,0,0,0
481067,3,1,0,0,0,0,0,20,0,0,12,13
481068,1,1,33,33,33,33,33,33,33,33,33,33
481069,1,1,0,0,0,0,0,0,0,0,0,0
481070,1,1,0,0,0,0,0,0,0,0,0,0
481070,2,1,0,0,0,0,0,0,0,0,0,0
481070,3,1,0,0,0,0,0,0,0,12,0,21
481071,1,1,0,0,0,0,0,0,0,0,0,9
481072,1,1,19,19,19,19,19,19,19,19,19,19
481073,1,1,15,15,15,15,15,15,15,15,15,15
481074,1,1,0,0,30,0,0,19,0,0,0,0
481075,1,1,20,16,0,5,0,0,0,0,0,0
481076,1,1,0,0,0,0,0,20,0,0,13,0
481076,2,1,0,0,0,0,4,0,0,0,0,0
481076,3,1,0,0,0,0,0,0,0,0,0,0
481077,1,1,0,0,0,0,0,0,0,0,0,0
481077,2,1,0,0,0,0,0,0,0,0,0,0
481078,1,1,38,0,0,0,30,0,0,16,0,0
481078,2,1,0,0,0,0,0,3,29,0,0,0
481079,1,1,24,0,26,14,3,7,3,0,14,14
481080,1,1,0,0,0,0,0,0,0,0,0,0
481080,2,1,0,0,0,0,0,0,0,0,0,0
481081,1,1,13,6,24,23,12,26,17,32,8,18
481081,2,1,0,0,0,0,0,0,0,0,0,0
481082,1,1,12,12,12,12,12,12,12,12,12,12
481083,0,1,0,0,0,0,0,0,0,0,0,0
481083,1,1,0,0,4,9,0,0,0,0,0,0
481083,2,1,0,0,0,0,0,0,0,0,0,0
481085,1,1,19,0,0,0,0,22,15,0,0,0
481086,1,1,20,20,20,20,20,20,20,20,20,20
481087,1,1,24,0,11,15,27,15,0,0,0,0
481087,2,1,0,0,0,0,0,0,0,0,0,0
481088,1,1,16,0,0,0,0,0,0,0,0,0
481088,2,1,0,0,0,0,0,8,12,0,0,0
481089,1,1,20,20,20,20,20,20,20,20,20,20
481090,1,1,0,22,0,17,0,0,9,0,12,0
481090,2,1,0,14,0,0,20,0,0,3,7,0
481091,0,1,0,0,0,0,0,0,0,0,0,0
481091,1,1,0,0,0,0,0,0,0,0,0,0
481092,1,1,1,1,1,1,1,1,1,1,1,1
481092,2,1,0,0,0,0,0,0,0,0,0,0
481093,1,1,0,0,0,0,0,0,0,0,0,0
481093,2,1,0,9,0,0,0,0,0,0,0,0
481094,1,1,0,0,0,2,15,0,4,0,7,0
481095,1,1,6,6,6,6,6,6,6,6,6,6
481095,2,1,0,0,25,0,0,0,0,0,0,0
481096,1,1,0,0,0,0,0,0,0,0,0,0
481097,0,1,13,13,13,13,13,13,13,13,13,13
481097,1,1,0,19,0,0,9,20,0,0,0,17
481098,1,1,0,0,0,0,0,6,0,11,6,0
481098,2,1,0,0,17,0,0,0,11,18,0,0
481098,3,1,0,0,0,0,11,0,12,0,0,0
481099,0,1,8,8,8,8,8,8,8,8,8,8
481099,1,1,24,20,0,0,0,8,0,0,14,22
481100,0,1,1,1,1,1,1,1,1,1,1,1
481100,1,1,24,13,0,0,8,12,0,0,0,4
481101,0,1,18,18,18,18,18,18,18,18,18,18
481101,1,1,0,0,9,6,0,0,0,0,13,33
481102,1,1,0,15,13,16,18,15,0,0,24,0
481103,1,1,0,0,14,30,21,0,22,17,0,0
481103,2,1,17,11,0,13,0,0,13,0,0,0
481104,1,1,0,22,0,0,0,11,28,0,6,0
481104,2,1,0,12,9,0,0,7,5,27,0,0
481105,1,1,0,0,0,0,0,0,0,0,0,0
481106,1,1,0,0,0,0,0,0,0,0,0,0
481107,1,1,20,20,20,20,20,20,20,20,20,20
481108,0,1,0,0,4,0,0,0,0,0,0,0
481108,1,1,0,0,0,0,0,11,0,0,0,0
481109,1,1,0,0,0,0,0,0,0,0,0,0
481109,2,1,0,0,0,0,0,0,0,0,0,0
481110,1,1,0,0,0,32,0,0,0,12,0,25
481110,2,1,0,0,0,0,0,0,0,0,0,0
481111,1,1,0,0,0,0,0,0,0,0,0,0
481111,2,1,0,0,16,0,15,0,13,3,0,0
481112,1,1,0,0,0,0,0,0,0,0,0,0
481113,0,1,14,35,7,33,0,38,29,24,26,24
481113,1,1,0,0,0,0,0,0,0,0,0,0
481114,1,1,29,29,29,29,29,29,29,29,29,29
481115,0,1,0,0,0,0,0,0,0,0,0,0
481115,1,1,0,0,22,0,0,13,0,0,0,15
481116,1,1,33,9,0,0,0,5,0,15,25,8
481117,0,1,14,14,14,14,14,14,14,14,14,14
481117,1,1,0,0,0,0,0,9,0,0,0,17
481118,1,1,8,8,8,8,8,8,8,8,8,8
481119,0,1,18,18,18,18,18,18,18,18,18,18
481119,1,1,0,23,0,0,0,0,0,0,0,0
481120,1,1,0,0,0,0,0,0,0,0,0,0
481120,2,1,0,0,0,0,0,11,0,0,0,17
481121,1,1,0,0,0,0,0,0,0,0,0,0
481121,2,1,0,0,0,0,0,0,0,0,0,0
481121,3,1,0,0,0,0,0,0,0,0,33,0
481122,1,1,0,0,0,0,0,0,0,0,0,0
481122,2,1,0,0,0,0,0,0,0,0,0,0
481123,0,1,0,0,0,0,0,0,0,0,0,0
481123,1,1,24,31,14,17,0,0,4,20,21,9
481124,1,1,0,0,0,0,0,0,0,0,0,0
481124,2,1,19,19,19,19,19,19,19,19,19,19
481124,3,1,0,18,5,20,0,11,0,0,0,13
481125,1,1,0,0,0,0,0,0,0,0,0,0
481125,2,1,0,0,0,0,0,0,0,0,0,0
481127,1,1,16,16,16,16,16,16,16,16,16,16