ST_CASE,VEH_NO,PER_NO,P1,P2,P3,P4,P5,P6,P7,P8,P9,P10
481127,2,1,24,0,0,0,23,0,18,0,13,25
481128,1,1,15,15,15,15,15,15,15,15,15,15
481129,1,1,0,0,0,0,0,0,0,0,0,0
481130,0,1,2,0,0,0,0,0,17,0,0,41
481130,1,1,0,38,11,12,3,42,0,0,16,0
481131,1,1,0,0,27,0,3,22,18,8,12,0
481131,2,1,0,34,0,0,0,0,0,0,0,0
481132,1,1,5,5,5,5,5,5,5,5,5,5
481133,1,1,27,13,0,14,0,0,10,0,0,27
481134,1,1,14,14,14,14,14,14,14,14,14,14
481135,1,1,22,22,22,22,22,22,22,22,22,22
481136,1,1,0,0,0,0,0,0,0,0,0,0
481137,0,1,23,23,23,23,23,23,23,23,23,23
481137,1,1,0,0,0,0,0,0,0,0,0,0
481138,1,1,18,18,18,18,18,18,18,18,18,18
481139,2,1,0,0,0,0,0,0,0,0,0,4
481140,1,1,23,0,25,0,0,16,0,0,6,0
481141,1,1,17,17,17,17,17,17,17,17,17,17
481141,2,1,0,0,0,0,0,0,0,0,0,0
481141,3,1,0,0,9,13,24,0,0,0,0,0
481141,4,1,0,16,0,0,0,21,0,0,0,0
481142,1,1,0,0,0,27,0,0,0,12,0,18
481143,1,1,0,0,0,0,0,0,0,0,0,0
481143,2,1,7,7,7,7,7,7,7,7,7,7
481144,1,1,32,7,0,5,0,0,0,0,0,2
481145,1,1,0,0,0,15,0,0,0,0,0,0
481146,1,1,0,0,0,0,0,0,0,0,0,0
481146,2,1,0,0,0,0,0,0,0,0,0,0
481147,1,1,0,0,0,0,0,0,0,0,0,0
481147,2,1,0,0,0,0,15,0,0,0,0,0
481148,1,1,0,0,0,0,0,0,0,0,0,0
481148,2,1,0,0,0,0,0,17,0,0,0,0
481149,1,1,13,0,15,4,9,0,2,21,28,0
481150,1,1,0,0,0,0,0,0,0,0,0,0
481151,1,1,0,0,0,38,0,0,0,0,0,0
481152,1,1,17,17,17,17,17,17,17,17,17,17
481153,0,1,10,10,10,10,10,10,10,10,10,10
481153,1,1,0,0,9,0,0,0,0,0,23,0
481154,1,1,21,21,21,21,21,21,21,21,21,21
481155,1,1,6,23,1,17,20,42,16,34,34,11
481156,1,1,0,0,0,0,0,0,0,0,0,0
481157,1,1,12,12,12,12,12,12,12,12,12,12
481157,2,1,18,18,18,18,18,18,18,18,18,18
481158,1,1,26,26,26,26,26,26,26,26,26,26
481158,2,1,0,0,0,0,0,0,0,0,0,0
481159,0,1,0,0,0,0,0,0,0,0,0,0
481159,1,1,0,11,0,31,0,8,18,0,0,20
481160,1,1,33,33,33,33,33,33,33,33,33,33
481161,1,1,14,0,0,0,0,0,0,0,0,0
481161,2,1,0,0,0,0,0,0,0,0,0,0
481162,1,1,16,16,16,16,16,16,16,16,16,16
481164,0,1,0,11,8,0,0,0,0,0,0,20
481164,1,1,0,0,0,39,0,19,0,14,0,14
481165,1,1,15,15,15,15,15,15,15,15,15,15
481167,0,1,0,0,27,0,0,0,0,0,0,0
481167,1,1,0,0,0,0,0,0,0,0,0,0
481168,1,1,11,11,11,11,11,11,11,11,11,11
481169,1,1,23,19,9,27,21,0,0,15,0,6
481170,1,1,0,3,0,0,0,0,17,0,0,0
481170,2,1,10,0,0,0,10,10,0,0,15,0
481170,3,1,0,0,0,0,0,28,0,0,0,0
481171,0,1,0,0,0,0,0,0,27,0,23,0
481171,0,2,0,0,0,13,0,0,0,0,0,0
481171,1,1,0,0,0,0,0,0,0,0,0,0
481172,0,1,23,21,0,0,0,0,0,0,0,32
481172,1,1,29,29,29,29,29,29,29,29,29,29
481172,2,1,0,0,0,0,0,0,0,0,0,0
481173,1,1,14,14,14,14,14,14,14,14,14,14
481174,0,1,0,0,30,0,0,0,0,0,23,0
481174,1,1,0,0,0,0,0,0,0,0,0,0
481175,1,1,0,0,0,0,0,0,0,0,0,0
481176,1,1,0,0,0,0,0,0,0,0,0,0
481177,1,1,0,0,0,0,0,0,0,0,0,0
481178,2,1,0,0,0,0,0,0,0,0,0,0
481179,1,1,0,0,0,0,0,0,0,0,0,0
481180,0,1,0,0,0,0,0,0,0,0,0,0
481180,1,1,0,14,18,10,0,0,0,0,0,0
481181,1,1,18,17,9,17,6,13,10,17,8,12
481181,2,1,0,0,0,0,0,0,9,0,0,0
481181,3,1,0,0,0,0,0,0,0,0,0,0
481182,1,1,33,5,11,0,0,27,18,32,0,0
481183,1,1,0,0,0,0,0,0,0,0,0,0
481184,0,1,1,1,1,1,1,1,1,1,1,1
481184,1,1,0,0,0,0,0,0,0,10,0,0
481185,1,1,0,0,0,0,0,0,0,0,8,0
481185,2,1,0,0,14,9,0,28,0,6,0,0
481186,1,1,0,0,19,0,30,13,0,0,11,0
481187,1,1,0,0,0,0,0,0,0,0,0,0
481187,2,1,5,8,18,8,0,7,14,10,13,8
481187,3,1,0,0,0,0,0,0,0,0,0,0
481188,1,1,0,0,0,0,0,0,0,0,0,0
481188,2,1,0,0,0,0,0,0,6,0,0,0
481189,1,1,27,13,0,14,17,0,21,0,30,0
481190,1,1,11,11,11,11,11,11,11,11,11,11
481191,1,1,0,0,0,0,0,0,0,0,0,0
481191,2,1,0,0,0,19,21,0,8,13,0,0
481191,3,1,15,0,0,0,0,0,0,0,0,0
481191,4,1,12,0,0,5,0,0,0,11,0,0
481192,1,1,14,0,0,0,52,0,30,0,26,0
481193,1,1,0,0,0,0,0,0,6,0,0,0
481193,2,1,0,0,5,0,0,0,0,0,15,0
481194,1,1,0,0,0,0,0,0,0,0,0,15
481194,2,1,5,0,0,12,0,0,17,0,0,0
481195,0,1,0,0,0,0,0,0,0,0,0,0
481195,1,1,0,0,0,6,0,0,27,0,0,0
481196,1,1,0,0,0,0,0,0,0,0,0,0
481197,1,1,18,0,6,0,0,0,0,13,22,0
481197,2,1,0,25,23,9,0,7,18,0,0,0
481198,1,1,0,0,0,0,0,0,0,0,0,0
481198,2,1,0,0,0,0,0,0,0,0,0,0
481199,1,1,0,0,0,0,0,0,0,0,0,0
481200,1,1,0,0,0,0,0,0,0,0,0,0
481201,1,1,0,0,0,0,0,0,0,0,0,0
481201,2,1,0,0,0,0,0,0,0,0,0,0
481202,0,1,0,0,0,0,0,0,0,0,0,0
481202,1,1,0,0,0,0,0,0,0,0,0,0
481203,1,1,0,0,0,0,0,0,0,0,0,0
481204,1,1,0,0,0,0,0,0,19,0,0,0
481204,2,1,0,0,18,0,14,0,0,0,0,0
481205,0,1,0,0,0,9,0,5,0,0,0,35
481205,1,1,36,0,15,0,13,40,0,3,18,9
481206,1,1,0,0,0,0,0,0,0,0,0,0
481207,1,1,0,0,0,0,0,0,0,0,0,0
481208,1,1,15,15,15,15,15,15,15,15,15,15
481209,0,1,19,19,19,19,19,19,19,19,19,19
481209,1,1,6,6,6,6,6,6,6,6,6,6
481210,1,1,13,13,13,13,13,13,13,13,13,13
481210,2,1,36,36,36,36,36,36,36,36,36,36
481211,1,1,9,9,9,9,9,9,9,9,9,9
481211,2,1,0,0,0,23,0,0,0,0,0,0
481212,1,1,13,13,13,13,13,13,13,13,13,13
481213,0,1,6,6,6,6,6,6,6,6,6,6
481213,1,1,0,13,0,24,16,0,0,0,21,15
481214,1,1,14,0,0,16,11,0,0,0,16,0
481215,1,1,15,16,19,19,13,11,16,14,0,0
481215,2,1,12,12,12,12,12,12,12,12,12,12
481216,1,1,0,0,0,0,0,0,0,0,0,0
481217,1,1,0,12,0,0,26,0,0,14,17,14
481218,1,1,0,0,0,0,0,0,0,0,0,0
481218,2,1,0,0,0,29,0,0,0,0,0,0
481219,1,1,0,0,0,0,19,12,10,23,0,0
481220,1,1,0,8,0,10,0,0,0,0,9,0
481221,1,1,0,0,0,12,0,0,0,0,0,0
481221,2,1,0,0,0,0,0,0,0,0,0,0
481222,0,1,0,0,0,28,0,0,0,0,30,0
481222,1,1,13,18,0,16,28,0,31,31,17,19
481223,1,1,15,15,15,15,15,15,15,15,15,15
481224,1,1,0,0,0,0,0,0,0,0,0,0
481225,1,1,11,12,8,19,0,19,27,26,28,28
481225,2,1,18,0,0,0,22,11,0,0,0,0
481225,3,1,0,0,0,0,0,0,9,0,0,25
481225,4,1,20,0,0,0,0,0,20,20,0,0
481226,1,1,0,0,0,0,0,0,0,0,0,0
481226,2,1,0,0,0,0,19,20,0,0,10,0
481227,1,1,16,9,12,10,7,16,7,8,14,15
481228,1,1,25,25,25,25,25,25,25,25,25,25
481228,2,1,19,17,26,21,7,0,27,20,10,8
481229,1,1,0,0,0,0,0,0,0,0,0,0
481229,2,1,0,9,0,0,13,0,0,0,0,0
481229,3,1,16,0,14,0,0,0,0,0,0,0
481230,1,1,12,0,0,25,12,16,11,3,17,13
481231,0,1,28,31,17,15,21,0,18,0,0,17
481231,1,1,0,0,19,0,0,0,38,0,0,0
481232,1,1,4,0,0,0,0,0,0,7,0,12
481233,0,1,14,14,14,14,14,14,14,14,14,14
481233,1,1,0,0,0,0,0,19,16,0,5,31
481234,1,1,0,0,0,0,0,21,0,23,0,0
481234,2,1,0,0,0,0,0,0,0,0,0,0
481235,1,1,0,33,0,0,18,3,5,0,0,0
481236,1,1,0,0,0,0,0,0,0,0,0,0
481237,1,1,0,5,0,12,11,0,0,25,0,14
481238,1,1,0,0,0,0,0,0,7,10,0,0
481239,1,1,0,0,0,0,0,11,0,0,0,0
481239,2,1,0,0,0,0,0,0,12,12,0,0
481240,1,1,12,12,12,12,12,12,12,12,12,12
481240,2,1,0,0,0,0,0,0,0,0,0,0
481241,1,1,11,11,11,11,11,11,11,11,11,11
481242,0,1,0,0,0,0,0,0,0,0,26,0
481242,1,1,0,5,0,14,18,12,21,0,9,13
481243,1,1,0,0,0,0,0,0,0,0,0,0
481243,2,1,0,0,0,0,0,0,0,0,0,0
481243,3,1,0,0,10,11,17,0,18,10,0,3
481244,1,1,0,0,0,0,0,0,0,25,0,0
481245,1,1,0,0,0,0,0,0,0,0,0,0
481245,2,1,0,0,0,38,0,0,0,0,0,0
481246,1,1,0,0,0,0,0,0,0,0,0,0
481247,1,1,0,0,0,0,0,0,0,0,0,0
481247,2,1,17,0,12,0,20,0,0,0,0,0
481248,1,1,0,0,0,0,0,0,0,0,12,0
481249,1,1,21,21,21,21,21,21,21,21,21,21
481249,2,1,0,0,0,0,0,0,0,0,0,0
481250,1,1,0,0,0,0,0,0,0,23,0,0
481250,2,1,0,0,0,0,0,0,0,0,0,0
481251,1,1,43,11,22,0,0,13,24,0,29,0
481252,0,1,0,0,0,0,0,0,0,0,0,0
481252,1,1,0,14,0,0,0,0,21,0,0,0
481253,0,1,0,0,0,22,17,23,13,0,24,0
481253,1,1,0,0,0,0,0,0,0,0,0,0
481253,2,1,0,0,0,0,9,0,0,0,0,0
481254,0,1,23,23,23,23,23,23,23,23,23,23
481254,1,1,0,0,0,0,0,20,0,0,0,0
481255,1,1,9,15,10,5,10,9,30,13,18,24
481255,2,1,0,21,0,10,0,0,0,0,0,0
481256,0,1,14,28,0,0,0,0,12,0,8,0
481256,1,1,0,30,14,16,22,21,12,13,8,12
481256,2,1,0,0,0,0,0,0,0,0,0,0
481257,1,1,0,10,4,28,0,0,0,0,23,0
481258,1,1,16,16,16,16,16,16,16,16,16,16
481259,1,1,0,0,0,0,0,0,0,0,0,0
481259,2,1,7,7,7,7,7,7,7,7,7,7
481260,1,1,0,0,0,0,0,0,0,0,0,0
481260,2,1,13,13,13,13,13,13,13,13,13,13
481260,3,1,14,10,15,0,11,0,19,0,0,14
481261,1,1,0,0,0,0,0,0,0,0,16,0
481261,2,1,0,0,0,0,0,0,0,0,0,0
481262,1,1,21,21,21,21,21,21,21,21,21,21
481263,1,1,0,0,0,0,0,0,0,0,0,0
481263,2,1,12,0,4,0,0,9,0,0,0,0
481264,1,1,0,0,0,0,0,0,0,0,0,0
481265,1,1,0,0,0,0,0,0,0,0,0,0
481265,2,1,30,12,0,0,0,0,0,0,17,0
481266,1,1,0,0,0,0,16,0,0,19,0,0
481266,2,1,28,12,0,14,0,0,18,0,12,0
481266,3,1,0,0,0,0,0,12,6,0,26,4
481267,1,1,0,0,0,0,0,0,0,0,0,0
481267,2,1,5,12,0,0,0,10,3,0,0,0
481268,1,1,0,0,0,0,0,0,0,0,0,0
481268,2,1,14,0,0,7,0,3,22,8,0,0
481268,3,1,0,0,0,0,0,0,0,0,0,0
481270,0,1,0,0,0,0,0,0,0,0,0,0
481270,1,1,17,0,0,19,0,0,0,0,12,0
481271,1,1,0,14,0,0,23,0,0,0,0,0
481272,1,1,22,22,22,22,22,22,22,22,22,22
481274,1,1,18,16,0,16,0,17,35,0,19,9
481275,0,1,0,0,0,0,0,0,0,0,0,0
481275,1,1,6,0,3,13,0,0,0,0,0,10
481276,0,1,0,0,0,0,0,0,0,0,7,0
481276,1,1,0,18,0,0,4,0,11,0,0,0
481277,1,1,2,7,3,0,10,0,0,19,0,13
481277,2,1,14,0,15,14,4,18,19,22,0,7
481278,1,1,17,17,17,17,17,17,17,17,17,17
481279,0,1,0,0,0,0,0,0,0,0,0,0
481279,1,1,20,0,0,0,0,15,0,0,0,0
481280,1,1,23,23,23,23,23,23,23,23,23,23
481280,2,1,0,31,0,8,23,27,17,2,12,0
481281,1,1,0,0,0,0,0,0,0,0,0,0
481281,2,1,0,0,0,0,0,0,0,0,0,0
481282,1,1,9,0,0,0,0,0,0,0,0,0
481282,2,1,0,0,0,0,0,0,0,0,0,0
481282,3,1,0,0,0,10,0,0,0,0,0,0
481283,1,1,0,19,0,0,42,21,0,25,32,0
481284,1,1,0,0,0,0,0,0,0,0,0,0
481284,2,1,0,30,4,0,13,0,12,8,0,0
481285,1,1,0,0,0,0,0,0,0,0,0,0
481285,2,1,19,14,0,0,0,0,0,0,0,0
481286,0,1,0,24,0,7,20,0,0,24,0,0
481286,1,1,0,0,0,21,0,26,0,0,0,0
481287,1,1,0,0,0,11,0,0,0,0,9,0
481287,2,1,0,0,0,0,0,0,0,0,0,0
481288,1,1,0,0,0,0,0,0,0,4,0,0
481288,2,1,0,8,44,0,16,0,27,0,26,0
481289,1,1,0,0,0,0,0,0,0,0,0,0
481289,2,1,0,0,0,0,0,0,0,0,0,0
481290,1,1,0,0,0,0,0,0,0,0,0,0
481290,2,1,0,0,0,0,6,0,0,0,0,0
481291,1,1,0,8,16,22,20,0,0,0,0,0
481292,1,1,12,12,12,12,12,12,12,12,12,12
481293,1,1,5,5,5,5,5,5,5,5,5,5
481294,1,1,0,0,27,32,20,0,0,0,17,0
481296,0,1,12,20,0,0,0,0,0,0,0,0
481296,0,2,0,0,0,0,0,0,0,0,0,0
481296,1,1,0,0,20,0,0,0,0,15,0,0
481297,0,1,0,9,0,0,11,8,0,30,0,0
481297,1,1,0,0,19,0,33,0,0,0,0,11
481298,1,1,0,0,0,0,0,0,0,0,0,0
481299,0,1,36,36,36,36,36,36,36,36,36,36
481299,1,1,0,0,0,21,0,0,0,0,0,0
481300,1,1,0,0,8,0,0,0,0,0,0,0
481300,2,1,0,26,0,3,0,0,0,0,0,16
481301,1,1,27,0,0,0,0,0,0,0,0,0
481302,1,1,0,0,0,0,0,0,0,0,0,0
481302,2,1,9,9,9,9,9,9,9,9,9,9
481303,1,1,0,0,0,0,0,11,0,8,26,0
481303,2,1,0,0,0,0,0,0,0,0,0,0
481304,1,1,14,19,0,0,0,9,0,11,0,0
481305,1,1,18,18,18,18,18,18,18,18,18,18
481305,2,1,0,0,0,0,0,0,0,3,3,31
481306,1,1,17,11,21,20,21,11,28,8,19,22
481306,2,1,0,0,0,0,0,11,25,0,0,21
481307,1,1,19,28,0,0,0,25,16,16,0,0
481308,1,1,16,19,0,13,0,0,0,24,0,15
481309,1,1,10,10,10,10,10,10,10,10,10,10
481310,1,1,7,7,7,7,7,7,7,7,7,7
481311,1,1,23,12,10,15,6,28,21,11,8,25
481311,2,1,0,0,0,14,0,0,0,0,0,21
481312,1,1,0,0,0,0,0,0,0,0,0,0
481312,2,1,0,0,0,0,0,0,0,0,0,0
481313,1,1,0,0,0,0,0,0,0,0,0,0
481313,2,1,0,0,0,0,0,0,0,7,0,0
481314,1,1,21,21,21,21,21,21,21,21,21,21
481314,2,1,0,0,0,0,11,0,15,30,0,17
481315,1,1,19,19,19,19,19,19,19,19,19,19
481315,2,1,0,0,0,0,0,0,0,0,0,0
481316,1,1,0,0,0,0,0,0,0,0,0,0
481317,0,1,31,31,31,31,31,31,31,31,31,31
481317,1,1,31,31,31,31,31,31,31,31,31,31
481318,1,1,20,0,24,10,0,14,20,9,0,29
481319,1,1,0,0,0,0,0,0,21,20,0,0
481319,2,1,0,0,0,0,0,0,0,0,0,0
481320,1,1,0,0,11,0,36,16,31,0,0,0
481321,1,1,25,25,25,25,25,25,25,25,25,25
481322,1,1,0,7,11,11,0,3,17,0,0,7
481322,2,1,0,0,14,0,0,10,0,22,0,0
481323,1,1,0,0,0,0,0,0,0,0,0,0
481323,2,1,0,0,17,0,0,12,0,0,0,0
481324,1,1,23,23,23,23,23,23,23,23,23,23
481325,1,1,11,0,8,6,0,0,3,0,8,17
481325,2,1,0,0,0,0,0,0,0,0,0,0
481325,3,1,0,0,0,21,0,0,0,0,0,0
481326,1,1,0,0,0,0,0,0,0,0,0,17
481327,1,1,11,11,11,11,11,11,11,11,11,11
481328,1,1,4,0,0,20,0,30,0,16,23,0
481328,2,1,0,0,0,0,0,18,0,10,0,0
481329,1,1,0,0,0,0,4,0,0,0,0,0
481329,2,1,0,13,0,0,0,0,0,0,0,15
481330,1,1,0,0,0,13,0,0,0,0,0,0
481330,2,1,0,0,0,0,0,0,0,0,0,0
481331,1,1,20,20,20,20,20,20,20,20,20,20
481332,1,1,0,0,0,0,0,0,0,0,0,0
481332,2,1,0,0,0,0,0,0,0,0,0,0
481332,3,1,0,0,0,0,0,0,0,0,0,0
481332,4,1,0,10,0,0,0,0,0,0,12,0
481333,1,1,15,15,15,15,15,15,15,15,15,15
481334,1,1,10,10,10,10,10,10,10,10,10,10
481335,1,1,9,23,0,14,0,14,16,18,21,5
481336,1,1,38,38,38,38,38,38,38,38,38,38
481337,1,1,22,22,22,22,22,22,22,22,22,22
481337,2,1,0,0,0,0,0,0,0,0,0,0
481338,1,1,0,0,0,0,11,0,0,0,0,9
481338,2,1,0,5,10,0,0,0,0,0,0,0
481339,0,1,0,0,0,0,0,0,0,0,0,0
481339,0,2,0,0,0,0,0,0,0,0,0,0
481339,1,1,0,27,0,0,0,0,0,0,0,28
481340,0,1,27,16,18,0,4,25,0,0,0,10
481340,1,1,0,0,0,21,0,13,0,7,0,0
481341,1,1,0,0,7,0,0,7,0,0,0,0
481342,1,1,0,27,10,11,12,0,0,0,29,9
481343,1,1,13,13,13,13,13,13,13,13,13,13
481344,1,1,0,0,0,14,0,19,18,23,0,15
481344,2,1,0,17,21,0,0,0,0,0,9,0
481344,3,1,0,4,0,0,0,0,0,0,0,0
481344,4,1,0,0,0,12,0,0,0,0,0,0
481345,1,1,28,28,28,28,28,28,28,28,28,28
481347,0,1,0,36,4,0,0,29,29,23,17,25
481347,1,1,0,0,0,0,0,0,0,0,0,0
481348,1,1,0,0,0,0,0,0,0,0,0,0
481349,1,1,10,24,0,18,20,0,0,0,0,0
481350,1,1,0,18,0,0,0,0,0,24,0,0
481350,2,1,0,0,0,0,0,0,0,0,3,19
481351,0,1,0,8,37,7,0,0,0,6,13,0
481351,1,1,25,0,0,0,0,0,27,0,0,21
481352,0,1,17,18,0,0,38,17,35,33,15,0
481352,1,1,0,0,0,0,0,0,0,0,0,0
481353,1,1,0,0,0,0,0,0,0,0,0,0
481353,2,1,0,0,0,0,0,0,0,0,0,0
481354,1,1,18,18,18,18,18,18,18,18,18,18
481355,1,1,0,0,0,0,6,0,0,0,0,0
481355,2,1,0,0,0,8,0,0,0,0,0,0
481356,1,1,21,21,21,21,21,21,21,21,21,21
481356,2,1,0,0,0,0,0,0,19,0,0,7
481357,0,1,0,41,0,0,0,0,22,13,0,35
481357,1,1,1,1,1,1,1,1,1,1,1,1
481358,1,1,21,21,21,21,21,21,21,21,21,21
481359,1,1,0,0,0,0,0,0,0,0,0,0
481360,1,1,0,0,0,0,0,0,0,0,0,0
481361,1,1,0,0,0,0,0,0,0,0,0,0
481362,0,1,5,17,0,0,0,0,0,26,0,0
481362,1,1,0,0,18,20,0,0,0,0,31,0
481363,0,1,31,31,31,31,31,31,31,31,31,31
481363,0,2,0,0,0,0,0,0,0,0,0,0
481363,1,1,0,11,0,0,0,16,24,14,15,0
481364,0,1,0,0,0,0,0,0,0,0,0,0
481364,1,1,11,0,9,37,0,0,0,0,20,11
481365,1,1,14,14,14,14,14,14,14,14,14,14
481366,0,1,16,16,16,16,16,16,16,16,16,16
481366,1,1,0,0,0,0,0,0,0,0,0,0
481367,1,1,0,0,0,0,0,0,0,0,0,0
481367,2,1,0,0,0,0,0,0,7,0,11,0
481368,1,1,0,0,0,0,0,0,0,0,0,0
481369,1,1,0,0,0,0,0,0,0,24,0,0
481369,2,1,0,0,0,0,0,0,0,17,0,0
481370,1,1,7,7,7,7,7,7,7,7,7,7
481371,1,1,0,0,27,0,0,0,0,0,0,0
481371,2,1,0,0,0,0,0,18,0,0,0,0
481372,1,1,27,0,0,0,0,0,27,0,0,0
481372,2,1,16,0,25,21,0,0,24,0,13,22
481373,1,1,26,26,26,26,26,26,26,26,26,26
481373,2,1,0,0,0,0,0,0,0,0,0,0
481374,1,1,24,24,24,24,24,24,24,24,24,24
481375,0,1,0,0,21,0,40,0,0,16,0,0
481375,1,1,19,13,0,0,0,11,0,13,9,0
481376,1,1,18,16,0,1,13,13,35,12,9,13
481376,2,1,0,0,0,0,0,0,0,0,0,0
481377,0,1,29,29,29,29,29,29,29,29,29,29
481377,1,1,0,0,0,0,0,0,0,0,0,0
481378,1,1,19,19,19,19,19,19,19,19,19,19
481379,1,3,8,0,9,0,0,0,21,0,0,0
481380,1,1,0,0,0,0,0,0,0,0,0,0
481381,1,1,13,13,13,13,13,13,13,13,13,13
481381,2,1,0,0,0,0,0,0,0,0,18,0
481381,3,1,0,0,0,0,0,0,42,0,0,0
481382,1,1,0,17,0,18,23,0,0,0,0,10
481383,1,1,0,0,0,0,0,0,0,0,0,0
481383,2,1,0,0,0,21,0,0,0,0,0,0
481384,1,1,20,20,20,20,20,20,20,20,20,20
481385,1,1,19,0,25,0,0,0,19,9,0,0
481386,1,1,0,0,0,0,0,0,0,0,0,0
481386,2,1,0,0,0,0,0,0,0,0,0,0
481387,0,1,28,10,40,6,42,0,0,0,0,0
481387,1,1,0,0,0,0,14,0,18,0,0,13
481388,1,1,0,0,13,0,0,0,0,31,0,0
481388,2,1,0,0,0,0,0,0,0,0,0,0
481389,0,1,0,0,0,0,18,0,0,0,0,0
481389,1,1,0,0,0,0,11,0,0,0,0,0
481389,2,1,0,0,0,0,0,0,13,0,0,0
481389,3,1,0,0,0,17,0,0,0,0,0,0
481389,4,1,0,0,0,0,0,0,0,0,0,0
481390,1,1,0,0,0,24,0,0,21,8,29,38
481392,1,1,0,0,0,0,0,0,0,0,0,0
481392,2,1,2,0,0,0,0,0,0,0,0,0
481393,0,1,0,0,20,0,0,0,0,0,7,0
481393,1,1,0,0,0,0,0,0,0,0,0,0
481393,2,1,0,0,0,0,0,12,0,0,0,0
481394,0,1,26,0,0,7,0,0,0,22,0,0
481394,0,2,0,25,0,0,0,0,0,8,0,20
481394,1,1,0,0,12,29,0,0,0,0,34,0
481395,1,1,0,0,0,0,0,0,0,0,0,0
481395,2,1,7,0,0,10,6,11,0,17,0,13
481396,1,1,21,21,21,21,21,21,21,21,21,21
481397,0,1,13,20,28,24,0,23,15,0,15,21
481397,1,1,0,0,0,3,8,0,0,0,0,0
481398,1,1,0,0,0,0,21,0,0,0,0,0
481398,2,1,0,0,0,0,0,0,0,0,0,0
481399,1,1,0,0,0,0,0,0,0,0,0,0
481399,2,1,0,0,0,14,0,0,0,0,0,0
481400,1,1,0,0,0,0,0,22,0,0,0,0
481400,2,1,0,0,18,0,0,0,21,0,0,0
481401,1,1,23,0,20,35,9,0,0,0,0,0
481402,0,1,0,0,0,0,0,0,0,0,0,0
481402,1,1,2,2,2,2,2,2,2,2,2,2
481403,1,1,0,0,0,0,0,0,0,0,1,26
481404,1,1,0,0,20,0,25,15,14,0,19,12
481405,1,1,15,0,10,0,0,4,20,32,0,23
481405,2,1,0,0,21,19,22,29,8,0,0,16
481405,3,1,0,0,0,0,0,0,20,0,0,0
481405,4,1,0,4,0,0,0,0,7,0,7,0
481405,5,1,0,0,22,5,20,20,9,0,0,0
481405,6,1,12,0,30,14,0,0,10,0,16,6
481405,7,1,10,14,21,0,14,22,0,15,22,11
481406,0,1,0,0,0,0,0,0,0,0,0,0
481406,1,1,0,18,0,0,0,0,0,0,0,0
481406,2,1,0,0,0,0,4,0,0,0,0,7
481407,1,1,21,21,21,21,21,21,21,21,21,21
481407,2,1,0,0,0,0,0,0,0,0,0,0
481408,1,1,0,0,0,26,0,0,0,0,0,0
481408,2,1,0,0,0,0,0,0,0,0,0,8
481408,3,1,0,0,0,0,0,0,0,0,0,0
481409,1,1,0,0,0,0,0,17,0,0,0,0
481409,2,1,0,0,21,0,0,0,18,0,0,0
481409,3,1,0,0,0,13,0,0,0,21,0,0
481410,1,1,37,12,0,15,0,28,9,6,0,14
481411,1,1,24,24,24,24,24,24,24,24,24,24
481411,2,1,0,0,24,0,0,0,0,0,0,0
481412,1,1,0,12,21,0,0,24,25,0,14,15
481413,1,1,11,11,11,11,11,11,11,11,11,11
481414,1,1,0,0,0,0,0,10,0,0,0,0
481414,2,1,0,0,0,0,0,0,0,0,0,0
481415,0,1,31,0,31,0,0,0,21,0,8,14
481415,0,2,0,0,15,30,15,12,0,18,0,0
481415,1,1,18,18,18,18,18,18,18,18,18,18
481416,1,1,0,0,0,0,0,0,0,0,0,0
481416,2,1,0,7,0,7,0,0,18,14,0,0
481417,1,1,15,14,0,9,24,0,8,6,0,11
481417,2,1,0,0,0,10,0,0,0,0,8,0
481418,1,1,0,0,0,0,0,0,0,0,0,0
481418,2,1,7,0,0,0,0,0,0,0,0,0
481419,1,1,0,0,0,0,0,0,0,0,0,0
481419,2,1,0,0,0,0,0,0,0,0,0,0
481420,1,1,0,0,0,0,0,0,19,15,10,12
481420,2,1,0,0,0,0,0,0,0,0,0,0
481421,1,1,0,0,26,0,0,4,0,0,12,0
481421,2,1,14,0,32,23,24,0,0,0,0,15
481422,1,1,29,0,0,0,0,0,43,0,0,0
481422,2,1,0,0,0,27,0,0,0,0,0,9