ST_CASE,VEH_NO,PER_NO,P1,P2,P3,P4,P5,P6,P7,P8,P9,P10
481988,1,1,10,0,0,0,7,0,0,0,0,0
481989,1,1,0,0,0,0,28,0,0,0,38,10
481989,2,1,0,0,0,0,0,0,0,0,0,0
481990,1,1,17,17,17,17,17,17,17,17,17,17
481991,0,1,0,40,32,0,0,0,0,0,0,16
481991,1,1,0,19,2,14,17,11,6,0,0,0
481992,1,1,0,0,0,0,0,0,0,0,0,0
481992,2,1,0,17,0,0,0,12,0,0,13,11
481993,1,1,0,0,0,0,0,0,0,0,0,0
481994,0,1,0,0,0,0,0,0,0,0,0,0
481994,1,1,14,9,0,4,10,0,0,4,0,0
481995,1,1,0,0,0,0,0,0,0,0,0,0
481995,2,1,0,8,0,0,0,0,0,0,0,0
481996,1,1,19,19,19,19,19,19,19,19,19,19
481996,2,1,1,1,1,1,1,1,1,1,1,1
481997,1,1,17,17,17,17,17,17,17,17,17,17
481998,0,1,0,0,0,0,0,0,0,0,0,0
481998,1,1,0,0,19,0,0,0,0,0,0,5
481999,1,1,25,8,11,44,0,0,0,0,0,0
481999,2,1,0,0,0,0,0,0,0,0,0,0
482000,1,1,0,0,0,0,28,0,7,0,0,0
482000,2,1,0,0,0,0,0,0,0,0,0,0
482001,1,1,8,8,8,8,8,8,8,8,8,8
482002,1,1,0,13,0,0,24,0,0,0,0,0
482002,2,1,0,0,0,0,0,0,0,0,26,0
482003,1,1,17,18,0,0,0,18,16,0,0,0
482003,2,1,0,0,0,0,0,0,0,0,0,0
482003,3,1,0,5,0,0,0,5,0,0,0,0
482004,1,1,0,0,0,0,0,0,0,0,0,0
482005,1,1,24,24,24,24,24,24,24,24,24,24
482005,2,1,0,14,0,0,12,12,0,0,0,0
482006,1,1,19,19,19,19,19,19,19,19,19,19
482007,1,1,0,0,0,0,0,0,0,0,0,0
482008,0,1,0,0,0,0,0,0,0,42,0,0
482008,1,1,0,13,0,0,0,0,7,0,0,0
482009,1,1,0,17,0,0,0,0,0,0,0,0
482009,2,1,0,0,0,0,0,0,0,0,0,0
482010,1,1,23,23,23,23,23,23,23,23,23,23
482011,1,1,0,0,29,14,0,0,0,26,0,0
482011,2,1,21,17,0,0,0,0,0,0,0,0
482012,1,1,22,0,19,24,0,19,0,6,21,0
482012,2,1,0,13,0,0,0,0,0,0,20,0
482013,1,1,0,0,14,20,25,23,10,0,36,17
482014,0,1,0,0,0,0,0,0,0,0,0,0
482014,1,1,0,0,0,0,0,0,0,0,0,0
482015,2,1,0,0,0,0,0,0,0,0,0,0
482016,1,1,2,2,2,2,2,2,2,2,2,2
482017,0,1,0,0,0,0,0,0,0,0,0,0
482017,0,2,0,17,0,0,0,0,0,22,52,0
482017,1,1,18,24,7,14,14,28,41,13,23,34
482018,1,1,0,0,12,0,18,0,0,0,0,0
482018,2,1,0,0,0,0,0,0,0,0,0,0
482019,0,1,0,14,0,0,0,0,0,0,0,0
482019,1,1,0,0,0,0,0,0,9,0,0,0
482020,1,1,0,0,0,0,0,0,0,0,0,0
482021,1,1,0,0,0,0,0,0,0,0,0,0
482021,2,1,0,0,0,0,0,0,0,0,0,0
482022,1,1,22,0,0,11,0,0,7,18,0,0
482024,1,1,0,0,0,0,0,0,0,0,0,0
482024,2,1,0,0,0,0,0,0,0,0,0,0
482025,1,1,0,0,13,19,0,0,0,15,0,0
482025,2,1,0,0,0,0,0,0,57,0,0,0
482026,1,1,7,0,0,0,13,0,15,0,0,0
482027,1,1,29,29,29,29,29,29,29,29,29,29
482028,0,1,0,0,0,0,14,0,0,6,0,0
482028,1,1,0,27,0,0,0,0,5,0,0,0
482029,0,1,0,0,0,0,0,0,0,0,0,0
482029,1,1,0,0,0,0,0,0,0,0,0,0
482030,1,1,5,5,5,5,5,5,5,5,5,5
482031,0,1,17,17,17,17,17,17,17,17,17,17
482031,1,1,0,17,0,0,0,24,25,28,0,0
482032,1,1,22,0,0,0,0,0,0,10,23,0
482032,2,1,17,17,17,17,17,17,17,17,17,17
482033,1,1,25,17,37,26,23,23,16,22,5,23
482034,0,1,0,17,7,0,0,0,21,15,0,0
482034,1,1,0,0,0,0,0,0,0,0,0,0
482035,1,1,20,8,0,10,6,25,10,19,0,16
482036,1,1,0,0,0,0,0,0,0,0,4,2
482037,0,1,0,0,0,0,0,0,0,0,0,0
482037,0,2,0,0,0,0,0,0,0,0,0,0
482037,1,1,15,15,15,15,15,15,15,15,15,15
482038,1,1,0,16,0,0,0,31,0,0,0,0
482039,1,1,0,0,0,0,0,0,0,0,0,0
482039,2,1,0,0,0,0,0,0,0,0,0,0
482040,1,1,6,0,12,0,0,0,0,0,0,0
482040,2,1,0,18,0,0,0,0,0,0,0,17
482041,0,1,0,15,0,0,0,0,0,0,0,0
482041,1,1,0,0,13,0,0,0,0,8,0,0
482042,1,1,21,21,21,21,21,21,21,21,21,21
482043,1,1,16,16,16,16,16,16,16,16,16,16
482044,1,1,0,26,13,0,0,0,0,0,0,0
482044,2,1,0,11,13,0,0,0,8,0,0,0
482045,1,1,0,0,0,0,0,0,13,0,0,0
482045,2,1,0,0,0,0,0,0,14,0,0,0
482046,1,1,0,0,0,0,0,0,0,0,0,0
482046,2,1,0,0,0,0,0,0,0,0,0,0
482048,1,1,0,0,0,0,0,0,0,0,0,0
482049,1,1,0,22,22,4,0,0,0,24,0,0
482052,1,1,18,18,18,18,18,18,18,18,18,18
482053,1,1,0,0,0,0,0,0,0,0,0,0
482054,0,1,0,0,20,0,0,17,16,0,19,0
482054,1,1,0,0,0,0,0,0,0,24,13,0
482054,2,1,0,0,0,0,0,6,0,0,14,0
482055,1,1,0,0,0,0,0,0,0,0,0,0
482055,2,1,0,0,0,0,0,0,11,0,0,0
482056,1,1,12,0,3,9,0,0,0,21,0,14
482057,1,1,24,24,24,24,24,24,24,24,24,24
482058,1,1,0,0,0,0,18,0,0,0,0,0
482059,0,1,0,0,23,10,0,0,0,17,17,30
482059,1,1,0,0,0,0,0,0,0,0,0,0
482060,1,1,0,0,0,0,0,0,0,0,0,0
482060,2,1,0,0,0,31,0,0,9,0,13,17
482061,0,1,30,0,0,0,0,31,0,0,0,0
482061,1,1,0,0,11,0,16,0,0,0,0,0
482062,1,1,24,0,10,17,13,18,13,0,33,16
482063,1,1,0,15,17,25,23,30,0,0,0,0
482063,2,1,17,9,23,0,0,0,0,0,0,7
482064,1,1,18,18,18,18,18,18,18,18,18,18
482064,2,1,0,11,13,10,0,0,21,0,0,0
482065,1,1,4,4,4,4,4,4,4,4,4,4
482065,2,1,0,0,0,0,0,0,0,0,0,0
482065,3,1,0,0,0,0,0,0,0,0,0,0
482065,4,1,0,0,0,0,0,0,11,0,0,0
482066,1,1,0,0,0,0,0,0,0,0,0,0
482066,2,1,0,0,0,0,0,0,0,0,0,0
482067,1,1,28,28,28,28,28,28,28,28,28,28
482068,1,1,0,0,0,0,0,0,0,0,0,0
482069,1,1,0,0,0,0,16,0,0,0,0,0
482070,1,1,25,25,25,25,25,25,25,25,25,25
482071,1,1,25,25,25,25,25,25,25,25,25,25
482072,1,1,0,0,2,16,0,0,11,0,0,0
482072,2,1,19,0,0,0,0,0,0,3,0,0
482073,1,1,7,7,7,7,7,7,7,7,7,7
482074,1,1,0,0,0,0,0,0,0,0,0,0
482074,2,1,0,0,0,19,0,0,0,0,0,0
482075,1,1,0,12,18,0,19,11,4,12,0,0
482076,1,1,0,12,0,0,0,0,0,0,0,0
482077,1,1,0,0,0,0,0,0,0,0,5,6
482077,2,1,1,1,1,1,1,1,1,1,1,1
482077,3,1,13,0,0,10,0,29,0,0,0,0
482078,1,1,18,18,18,18,18,18,18,18,18,18
482079,1,1,16,16,16,16,16,16,16,16,16,16
482079,2,1,0,0,7,0,0,9,0,0,0,0
482080,1,1,0,0,0,0,0,0,0,0,0,0
482080,2,1,0,0,16,0,22,2,0,0,0,0
482081,1,1,0,0,0,0,0,0,0,0,0,0
482081,2,1,0,0,0,11,0,0,0,0,11,0
482082,1,1,15,0,0,16,0,0,0,0,0,0
482083,1,1,0,0,0,0,0,0,0,0,0,0
482084,1,1,0,0,0,0,0,0,0,0,0,0
482085,1,1,0,0,0,0,3,0,0,0,0,0
482085,2,1,0,0,0,0,10,0,0,0,0,0
482086,1,1,0,0,0,0,0,0,0,0,0,0
482086,2,1,0,0,0,0,0,0,0,11,0,0
482088,1,1,0,0,0,0,0,0,0,0,0,0
482088,2,1,0,0,0,0,0,0,0,0,0,0
482089,1,1,18,18,18,18,18,18,18,18,18,18
482090,1,1,0,0,0,0,0,0,0,0,0,0
482091,1,1,4,0,0,0,0,0,0,0,0,0
482091,2,1,0,0,0,0,0,0,0,0,0,0
482092,1,1,5,5,5,5,5,5,5,5,5,5
482093,1,1,0,0,0,0,0,0,20,0,0,0
482093,2,1,0,0,0,0,0,0,0,0,22,0
482093,3,1,21,7,0,0,0,32,0,0,19,11
482093,4,1,0,0,0,0,0,0,0,0,0,0
482094,1,1,0,0,0,15,0,0,0,0,0,0
482094,2,1,0,0,0,0,0,0,0,0,0,0
482095,0,1,0,8,0,0,0,2,0,0,11,0
482095,1,1,0,0,0,30,0,0,0,0,0,0
482096,1,1,23,23,23,23,23,23,23,23,23,23
482097,1,1,9,0,9,0,0,0,0,0,14,10
482097,2,1,0,0,0,0,0,0,0,0,11,0
482098,1,1,0,0,0,0,0,0,0,0,0,0
482099,1,1,0,0,14,25,11,0,10,12,14,0
482100,1,1,3,27,20,42,16,18,35,0,0,20
482101,1,1,0,0,0,0,0,0,0,0,0,0
482101,2,1,5,5,5,5,5,5,5,5,5,5
482102,1,1,0,0,0,0,0,0,0,0,0,0
482103,1,1,11,31,0,0,28,24,0,9,0,0
482103,2,1,0,0,0,0,0,0,0,0,0,0
482104,1,1,0,0,0,0,0,0,0,0,0,0
482104,2,1,0,0,0,0,0,0,0,0,0,0
482105,1,1,23,23,23,23,23,23,23,23,23,23
482106,1,1,0,0,30,21,41,30,19,11,14,14
482106,2,1,14,0,0,0,22,0,26,0,30,0
482107,1,1,0,0,0,0,0,0,12,0,0,0
482107,2,1,6,0,0,0,0,0,0,0,0,0
482108,1,1,28,28,28,28,28,28,28,28,28,28
482109,1,1,0,0,0,0,0,0,0,0,0,30
482110,1,1,0,0,0,0,0,0,0,50,0,0
482110,2,1,0,0,18,0,0,0,0,13,0,0
482111,1,1,21,21,21,21,21,21,21,21,21,21
482112,1,1,0,0,0,0,0,0,9,0,0,0
482112,2,1,0,0,0,0,0,0,0,0,0,0
482113,0,1,0,33,0,30,0,23,18,0,0,0
482113,1,1,0,0,0,0,0,0,0,0,0,0
482114,1,1,9,0,0,0,0,29,0,0,0,0
482114,2,1,0,0,10,19,0,8,0,10,0,12
482115,1,1,20,20,20,20,20,20,20,20,20,20
482116,0,1,0,0,5,0,24,9,33,0,42,21
482116,1,1,10,0,0,24,0,13,0,0,0,10
482117,1,1,0,0,22,0,15,0,0,0,0,0
482117,2,1,0,0,0,0,0,0,0,0,0,24
482117,3,1,10,0,10,0,0,0,0,0,26,22
482118,1,1,0,0,0,0,10,0,0,0,0,0
482118,2,1,0,0,0,0,0,0,0,0,0,0
482119,1,1,16,18,29,0,19,0,19,0,34,12
482120,1,1,0,0,0,0,0,0,0,0,0,0
482120,2,1,0,16,14,10,0,32,0,0,14,16
482121,0,1,0,0,0,0,0,0,0,0,0,0
482121,1,1,0,0,6,0,2,23,0,0,6,0
482122,1,1,0,0,0,0,0,0,0,0,0,0
482122,2,1,0,0,0,0,0,0,0,0,0,0
482122,3,1,0,0,0,0,0,0,0,0,0,0
482123,1,1,18,18,18,18,18,18,18,18,18,18
482124,0,1,0,0,0,0,0,0,11,28,13,0
482124,1,1,0,0,0,0,0,16,0,0,13,25
482125,0,1,0,0,0,28,17,14,17,0,25,0
482125,1,1,0,13,0,0,0,0,13,0,0,0
482126,1,1,33,33,33,33,33,33,33,33,33,33
482126,2,1,0,0,0,0,0,0,0,0,0,0
482127,1,1,0,0,17,0,16,30,31,15,19,0
482128,1,1,0,0,0,0,0,0,0,0,0,0
482128,2,1,0,0,0,0,0,0,0,0,0,0
482129,0,1,0,0,0,0,0,0,0,0,0,0
482129,0,2,17,17,17,17,17,17,17,17,17,17
482129,1,1,0,0,0,0,0,0,5,0,0,0
482130,0,1,0,0,0,0,0,5,0,0,0,0
482130,1,1,0,11,15,15,0,0,6,0,26,6
482131,1,1,22,0,4,0,0,0,0,0,0,21
482131,2,1,0,0,0,23,27,0,19,16,0,17
482133,1,1,21,0,0,0,0,0,0,0,0,0
482134,0,1,0,0,0,29,16,0,14,0,0,17
482134,1,1,0,0,14,0,18,0,4,0,0,28
482135,1,1,0,0,0,0,0,0,0,0,0,0
482135,2,1,0,0,0,0,0,0,0,0,0,9
482136,1,1,0,13,0,0,0,0,0,17,0,11
482137,0,1,4,4,4,4,4,4,4,4,4,4
482137,1,1,0,0,0,11,0,27,0,0,0,0
482138,1,1,0,0,0,0,0,0,0,0,0,0
482138,2,1,0,0,0,0,0,0,0,0,0,36
482139,0,1,6,0,47,0,7,0,0,30,0,0
482139,1,1,29,0,0,7,44,0,0,6,16,0
482140,1,1,0,0,0,0,0,0,0,0,0,0
482140,2,1,0,0,0,0,0,0,0,0,0,0
482141,1,1,0,7,0,31,0,0,0,0,0,0
482142,1,1,11,0,0,0,13,14,0,0,0,0
482142,2,1,0,0,0,15,0,8,0,8,0,7
482142,3,1,0,0,0,10,0,0,15,0,11,0
482143,1,1,0,11,0,0,0,0,0,9,0,0
482143,2,1,0,0,0,0,0,0,0,0,0,0
482144,1,1,6,6,6,6,6,6,6,6,6,6
482144,2,1,0,0,0,0,0,0,0,0,0,0
482145,1,1,0,0,0,0,22,0,0,0,12,0
482146,1,1,0,0,0,0,0,0,0,0,0,0
482146,2,1,1,1,1,1,1,1,1,1,1,1
482147,0,1,1,1,1,1,1,1,1,1,1,1
482147,1,1,17,0,19,12,0,16,0,0,0,0
482147,2,1,0,0,0,0,2,0,0,7,0,0
482147,3,1,0,0,11,9,17,8,3,0,12,0
482147,4,1,0,0,0,0,0,0,0,0,0,0
482147,5,1,5,0,3,4,0,0,0,2,0,9
482148,1,1,0,0,0,0,0,0,15,0,0,0
482149,1,1,0,9,16,36,0,32,0,0,0,22
482149,2,1,17,0,21,0,0,32,5,0,22,9
482149,3,1,0,0,0,0,9,0,0,0,23,0
482150,1,1,9,11,21,35,35,27,6,17,32,24
482151,1,1,16,0,24,0,19,19,0,0,0,0
482152,1,1,4,0,0,0,10,0,0,0,63,0
482153,1,1,0,0,0,0,0,20,0,0,15,0
482154,1,1,0,0,0,0,0,0,0,0,0,0
482154,2,1,0,10,0,0,0,15,19,19,0,18
482155,0,1,32,32,32,32,32,32,32,32,32,32
482155,1,1,29,0,20,0,0,0,0,0,0,12
482156,0,1,9,0,0,48,0,0,9,0,0,0
482156,0,2,0,0,0,6,8,0,0,0,0,31
482156,1,1,0,0,0,0,0,0,0,0,0,0
482157,1,1,0,18,23,0,0,0,0,0,0,13
482158,1,1,0,0,18,0,0,0,0,20,11,8
482159,0,1,0,0,0,0,0,0,0,0,0,0
482159,1,1,22,0,0,6,0,0,19,0,20,8
482160,1,1,4,4,4,4,4,4,4,4,4,4
482160,2,1,0,0,0,0,0,0,0,0,20,0
482160,3,1,11,11,11,11,11,11,11,11,11,11
482161,1,1,0,0,0,0,9,0,0,0,0,0
482161,2,1,0,0,10,0,0,0,3,0,0,8
482162,1,1,27,27,27,27,27,27,27,27,27,27
482163,1,1,0,0,0,0,0,0,0,0,0,0
482163,2,1,0,0,0,0,0,0,0,0,0,0
482164,1,1,16,16,16,16,16,16,16,16,16,16
482165,1,1,23,23,23,23,23,23,23,23,23,23
482165,2,1,5,0,0,11,0,0,0,0,0,0
482166,1,1,10,0,0,0,0,26,6,0,2,29
482167,0,1,16,19,26,0,0,14,12,0,0,0
482167,1,1,0,6,11,0,0,0,0,0,10,0
482168,1,1,4,4,4,4,4,4,4,4,4,4
482169,1,1,0,15,0,0,0,11,0,0,0,0
482169,2,1,30,0,0,0,0,0,0,0,0,14
482169,3,1,0,0,0,0,0,0,0,0,8,0
482170,1,1,0,0,0,0,0,2,0,0,12,0
482170,2,1,0,0,0,0,0,0,0,0,0,0
482170,3,1,0,0,0,0,0,0,31,0,0,0
482170,4,1,0,0,0,0,0,15,0,0,0,0
482171,1,1,29,0,0,24,26,0,21,0,0,35
482172,1,1,0,0,0,18,0,0,0,0,0,0
482172,2,1,0,0,0,0,0,0,0,14,0,0
482172,3,1,0,0,0,0,0,0,0,0,0,0
482172,4,1,0,0,0,18,0,0,0,0,0,0
482172,5,1,0,0,0,0,0,0,0,0,0,0
482173,0,1,0,0,25,0,17,0,34,32,0,15
482173,1,1,0,0,10,29,3,0,0,21,0,12
482174,1,1,31,31,31,31,31,31,31,31,31,31
482175,1,1,0,0,0,0,0,0,0,0,0,0
482176,1,1,18,18,18,18,18,18,18,18,18,18
482177,0,1,2,0,0,0,0,0,0,0,0,0
482177,0,2,0,0,0,0,0,0,0,0,0,0
482177,1,1,0,0,0,0,0,18,0,0,0,0
482178,1,1,0,0,0,0,0,0,0,0,0,0
482179,1,1,0,0,0,0,0,0,0,0,0,0
482180,1,1,24,0,0,0,16,12,0,7,0,0
482180,2,1,10,10,10,10,10,10,10,10,10,10
482181,0,1,16,0,21,22,31,0,0,0,30,0
482181,1,1,0,0,0,0,0,0,0,0,0,0
482182,1,1,32,0,0,0,0,0,0,0,0,0
482182,2,1,0,0,0,0,0,0,0,0,0,0
482183,1,1,0,0,0,32,14,10,0,0,0,0
482183,2,1,0,0,0,0,0,0,0,0,0,0
482184,0,1,0,0,0,0,0,0,0,0,0,0
482184,1,1,0,0,0,0,19,23,14,20,0,22
482185,1,1,0,0,0,0,0,27,0,0,0,0
482185,2,1,0,0,13,0,0,0,0,0,0,23
482186,1,1,12,0,0,0,0,0,11,0,15,0
482187,1,1,0,0,0,0,0,0,17,0,0,0
482187,2,1,0,0,0,0,12,0,0,0,0,0
482188,1,1,18,0,0,0,0,4,14,0,0,2
482188,2,1,0,0,0,0,4,0,0,0,0,0
482189,1,1,0,14,22,0,0,0,0,0,0,0
482189,2,1,18,0,0,0,0,0,0,0,0,5
482190,1,1,5,5,5,5,5,5,5,5,5,5
482190,2,1,0,0,0,0,0,0,0,0,0,25
482190,3,1,0,0,0,4,0,0,0,0,0,0
482191,1,1,0,0,20,0,0,0,23,0,7,0
482191,2,1,0,0,13,0,16,15,0,0,0,0
482192,0,1,0,15,0,0,0,0,0,0,0,0
482192,1,1,0,0,0,0,0,0,0,23,0,0
482192,3,1,0,23,0,12,0,0,29,0,0,0
482192,4,1,0,0,0,0,0,0,0,0,0,0
482193,1,1,16,16,16,16,16,16,16,16,16,16
482193,2,1,10,12,0,0,0,15,0,0,10,8
482193,3,1,37,16,14,0,0,0,12,16,0,0
482193,4,1,0,0,0,0,0,29,15,0,0,0
482194,1,1,0,10,10,2,0,11,0,0,15,0
482194,2,1,0,0,0,0,0,0,0,0,0,0
482195,0,1,14,22,0,32,0,28,13,0,0,0
482195,1,1,0,0,0,23,22,0,9,0,18,0
482196,0,1,0,0,18,0,9,0,0,0,0,0
482196,1,1,0,0,0,8,18,0,0,0,0,0
482197,1,1,0,0,25,0,0,23,0,16,0,0
482197,2,1,0,15,12,0,0,15,0,0,9,0
482198,1,1,0,0,0,0,0,0,0,0,0,0
482198,2,1,0,0,0,0,0,0,0,0,0,0
482198,3,1,0,0,0,0,0,0,0,0,0,0
482199,1,1,0,0,0,0,0,0,0,0,0,0
482199,2,1,0,0,0,0,0,17,0,0,0,17
482200,0,1,11,0,0,27,0,17,0,0,0,0
482200,1,1,0,0,0,22,0,0,13,0,6,11
482200,4,1,0,0,0,0,0,0,0,0,33,15
482200,5,1,0,15,0,0,0,0,2,0,13,0
482201,1,1,13,13,13,13,13,13,13,13,13,13
482202,1,1,0,0,0,0,37,0,28,18,19,0
482203,1,1,17,20,9,7,16,25,0,11,0,0
482204,0,1,0,0,0,0,0,0,0,0,0,0
482204,1,1,0,10,0,0,19,0,0,0,0,7
482205,1,1,0,0,0,0,0,0,0,0,0,0
482205,2,1,0,0,0,0,0,0,0,0,0,0
482206,1,1,6,19,11,21,29,12,24,20,0,18
482207,0,1,0,0,0,0,0,17,13,30,0,0
482207,1,1,22,0,27,0,12,0,0,0,0,21
482208,0,1,0,0,22,0,7,0,0,0,0,15
482208,1,1,6,8,7,0,0,16,8,13,0,24
482208,2,1,5,37,0,0,0,0,0,0,6,0
482209,1,1,20,19,0,17,0,0,0,0,0,0
482209,2,1,2,0,0,17,18,0,7,12,0,9
482210,1,1,0,0,0,0,0,0,0,0,0,0
482210,2,1,0,0,0,25,0,0,0,0,0,0
482211,1,2,12,0,0,0,27,0,5,0,8,13
482212,1,1,0,0,0,0,0,0,0,0,0,0
482213,1,1,21,21,21,21,21,21,21,21,21,21
482214,1,1,0,29,0,0,0,6,14,9,0,0
482215,0,1,0,0,0,27,0,0,0,0,0,0
482215,1,1,0,0,0,0,0,0,0,0,0,0
482216,1,1,0,0,0,15,0,14,0,0,0,0
482216,2,1,0,6,0,0,0,0,0,0,0,0
482216,3,1,0,0,0,0,0,0,0,0,0,0
482217,1,1,18,18,18,18,18,18,18,18,18,18
482218,1,1,0,13,0,0,0,0,0,0,0,0
482218,2,1,0,0,0,0,0,0,0,0,0,0
482219,1,1,0,0,0,0,0,0,0,0,0,0
482220,1,1,21,0,0,0,4,17,0,0,0,0
482221,1,1,15,15,15,15,15,15,15,15,15,15
482222,1,1,0,0,0,0,0,21,0,0,0,0
482223,1,1,0,0,0,0,0,0,0,0,0,0
482223,2,1,0,11,0,0,0,0,0,0,0,0
482223,3,1,0,0,0,0,0,0,0,0,0,0
482223,4,1,0,0,0,0,0,0,0,0,0,0
482224,1,1,0,17,0,0,0,16,0,8,2,0
482224,2,1,0,0,0,0,18,0,0,0,10,0
482225,1,1,0,17,0,0,0,0,0,0,0,30
482225,2,1,0,0,0,0,0,0,0,0,0,0
482226,1,1,0,0,0,0,0,11,0,0,0,0
482227,0,1,31,0,22,0,19,0,51,0,0,6
482227,1,1,15,15,15,15,15,15,15,15,15,15
482228,1,1,0,0,0,0,0,0,0,0,0,0
482228,2,1,0,0,0,0,0,0,0,0,0,0
482229,1,1,21,21,21,21,21,21,21,21,21,21
482230,1,1,0,0,0,0,0,0,16,0,0,0
482230,2,1,8,8,8,8,8,8,8,8,8,8
482231,1,1,13,0,0,0,0,0,0,7,16,0
482231,2,1,0,15,0,0,0,0,0,0,0,0
482232,1,1,0,0,0,0,0,0,0,0,0,0
482232,2,1,0,12,11,0,0,0,0,0,0,0
482233,1,1,19,0,0,0,0,0,0,0,15,0
482233,2,1,0,0,0,0,21,30,0,7,0,0
482235,1,1,18,18,18,18,18,18,18,18,18,18
482236,1,1,9,0,0,0,0,0,0,0,10,25
482237,1,1,22,22,22,22,22,22,22,22,22,22
482238,0,1,16,16,16,16,16,16,16,16,16,16
482238,1,1,0,0,0,20,0,0,0,0,0,0
482239,1,1,7,26,0,12,15,31,0,15,11,30
482240,1,1,0,0,0,0,0,0,0,0,0,0
482241,1,1,0,0,18,0,23,0,0,0,0,0
482241,2,1,0,0,0,0,0,0,0,0,0,0
482242,1,1,0,0,0,0,0,0,0,11,0,0
482242,2,1,0,0,0,0,0,9,0,0,10,13
482243,1,1,22,26,11,13,24,12,18,15,20,7
482244,1,1,0,0,0,0,13,0,0,0,0,22
482245,1,1,30,30,30,30,30,30,30,30,30,30
482246,1,1,0,11,18,17,16,13,21,18,20,11
482247,1,1,15,15,15,15,15,15,15,15,15,15
482248,1,1,20,12,0,30,0,23,22,14,15,34
482249,1,1,0,0,0,0,0,0,0,0,0,0
482249,2,1,11,0,0,5,9,0,8,0,4,0
482250,1,1,0,15,0,0,15,18,11,0,0,0
482250,2,1,15,8,0,0,0,2,0,14,0,0
482250,3,1,23,0,0,0,0,10,0,0,22,0
482251,1,1,0,0,0,0,5,0,0,10,0,0
482252,0,1,0,0,0,0,0,0,0,0,0,0
482252,1,1,11,6,0,2,9,0,0,0,6,0
482253,1,1,0,0,0,0,14,11,0,0,9,0
482253,2,1,0,0,0,0,0,0,0,0,24,18
482254,1,1,0,0,0,0,0,0,0,0,13,0
482254,2,1,0,0,0,4,0,0,20,0,0,0
482255,0,1,36,0,0,44,29,0,0,18,15,14
482255,1,1,0,0,0,13,0,0,0,0,0,0
482256,1,1,0,0,0,0,0,0,0,0,0,0
482257,0,1,0,27,0,0,0,0,4,0,0,0
482257,0,2,1,1,1,1,1,1,1,1,1,1
482257,0,3,0,0,0,19,0,0,13,32,18,17
482257,1,1,17,17,17,17,17,17,17,17,17,17
482258,0,1,0,0,0,0,0,0,0,0,0,0
482258,1,1,0,0,0,0,0,0,0,0,0,0
482259,1,1,0,4,0,0,0,0,0,0,21,0
482259,2,1,0,0,12,0,0,0,0,0,0,0
482260,1,1,16,16,16,16,16,16,16,16,16,16
482260,2,1,0,0,0,0,7,0,0,0,7,0
482261,0,1,0,0,0,0,0,0,0,0,0,0
482261,1,1,15,8,0,0,0,9,0,18,0,0
482262,0,1,10,13,13,20,3,6,24,0,11,18
482262,1,1,0,16,15,14,10,0,0,11,0,15
482263,1,1,0,13,0,0,0,0,0,0,0,0
482263,2,1,0,0,0,0,0,0,0,0,0,0
482264,1,1,0,0,0,0,0,0,0,0,0,0
482264,2,1,0,0,0,0,2,0,0,0,0,0
482265,1,1,5,10,20,30,16,0,9,8,21,0
482266,1,1,0,16,0,11,0,0,9,0,14,17
482267,1,1,0,0,0,0,0,0,0,0,0,0
482268,1,1,0,0,13,0,0,0,0,0,0,0
482268,2,1,0,0,29,0,21,0,0,0,0,0
482268,3,1,0,0,0,0,0,0,0,0,0,0
482269,1,1,0,0,0,0,0,0,0,0,0,0
482269,2,1,8,5,28,32,0,0,29,0,0,0
482270,1,1,0,0,0,0,0,0,0,0,0,0
482270,2,1,0,0,0,0,10,0,15,0,7,0
482271,1,1,0,0,0,0,0,0,0,0,0,0
482272,1,1,0,0,0,0,0,0,0,0,0,0
482272,2,1,0,0,0,0,0,0,0,0,0,0
482274,0,1,0,0,0,0,0,0,0,0,0,0
482274,1,1,20,0,0,0,0,0,0,0,0,8
482275,1,1,39,30,11,26,9,23,10,8,19,23
482276,0,1,18,20,18,0,18,0,0,0,31,0
482276,1,1,10,12,0,0,0,0,0,0,0,0
482277,1,1,0,0,0,0,0,0,0,0,0,0
482277,2,1,9,0,0,0,0,0,0,0,0,0
482278,1,1,0,0,0,0,18,0,0,15,12,0
482279,0,1,5,5,5,5,5,5,5,5,5,5
482279,1,1,0,0,0,0,0,0,3,0,10,0
482280,1,1,0,0,0,0,0,0,0,0,0,0
482280,2,1,0,0,0,0,0,32,25,11,0,0
482280,3,1,0,14,0,0,24,0,0,0,0,0
482281,1,1,0,0,0,0,15,22,0,0,0,0
482281,2,1,0,19,0,0,0,0,16,0,0,0