ST_CASE,VEH_NO,PER_NO,P1,P2,P3,P4,P5,P6,P7,P8,P9,P10
482282,1,1,0,17,12,0,21,0,0,0,28,0
482282,2,1,0,0,0,0,0,0,14,0,26,0
482283,0,1,26,5,33,15,0,15,0,10,7,0
482283,1,1,0,0,0,0,8,0,0,0,0,14
482284,1,1,0,0,0,0,0,0,5,0,0,0
482284,2,1,0,0,12,10,0,0,0,0,0,0
482285,1,1,0,0,0,23,0,0,17,0,8,9
482285,2,1,0,16,0,0,15,11,18,0,0,0
482286,1,1,0,0,0,0,0,0,0,0,0,0
482287,1,1,8,23,21,19,8,32,25,24,7,15
482288,1,1,0,0,0,0,7,0,11,0,0,0
482289,1,1,0,0,12,0,0,0,0,0,0,4
482290,1,1,13,13,13,13,13,13,13,13,13,13
482291,1,1,0,0,0,0,0,0,0,0,0,0
482291,2,1,0,0,0,0,0,0,0,0,0,0
482292,1,1,0,0,0,0,0,0,0,0,0,0
482293,1,1,0,0,0,0,0,0,0,0,0,0
482294,1,1,0,0,0,0,0,0,0,0,0,0
482294,2,1,0,14,0,0,0,0,0,0,0,0
482295,1,1,0,0,0,0,0,0,0,0,0,0
482295,2,1,0,0,0,0,0,0,0,0,0,0
482296,1,1,7,7,7,7,7,7,7,7,7,7
482297,0,1,0,0,0,0,0,0,0,0,0,0
482297,1,1,0,12,0,0,0,28,0,0,0,8
482298,1,1,4,13,0,13,12,8,0,21,13,6
482298,2,1,0,0,0,0,5,0,0,0,0,0
482298,3,1,0,0,0,0,0,0,0,0,0,0
482298,4,1,0,0,0,14,0,0,26,0,0,0
482298,5,1,0,0,0,0,0,0,0,0,0,0
482298,6,1,0,0,0,0,0,0,0,0,0,19
482299,0,1,36,0,0,0,0,40,27,0,9,4
482299,1,1,0,0,0,35,0,0,0,0,0,0
482300,1,1,0,18,0,0,0,9,0,0,33,17
482301,0,1,0,11,0,0,0,0,0,0,0,0
482301,0,2,0,0,0,0,0,0,0,0,0,0
482301,1,1,0,0,12,0,0,0,0,0,0,0
482302,1,1,20,16,21,18,27,13,11,16,15,17
482302,2,1,0,0,0,0,0,0,0,0,0,0
482303,1,1,22,9,0,0,5,17,7,0,0,0
482304,0,1,31,31,31,31,31,31,31,31,31,31
482304,1,1,14,15,20,0,13,0,3,0,25,0
482305,1,1,25,25,25,25,25,25,25,25,25,25
482305,2,1,27,30,0,11,0,0,0,15,0,14
482306,1,1,14,14,14,14,14,14,14,14,14,14
482307,1,1,9,9,9,9,9,9,9,9,9,9
482308,1,1,0,0,19,0,0,0,11,0,0,28
482308,2,1,28,0,14,0,3,12,0,0,0,29
482309,1,1,0,0,0,0,0,0,27,23,0,18
482310,0,1,0,0,0,0,0,0,0,0,0,0
482310,1,1,0,0,0,20,0,0,0,19,0,0
482311,1,1,0,0,0,0,0,0,16,0,0,0
482312,0,1,0,0,0,0,0,0,0,0,0,0
482312,1,1,0,0,0,0,0,0,0,0,0,0
482313,1,1,0,14,29,0,0,0,0,10,0,29
482314,1,1,0,0,0,9,0,0,0,0,0,0
482314,2,1,0,0,0,0,0,0,0,0,0,0
482315,1,1,0,22,0,0,0,0,0,0,12,0
482315,2,1,0,20,9,0,0,0,0,12,0,1
482315,3,1,7,15,0,0,0,28,0,0,0,0
482316,1,1,0,0,0,0,0,0,14,0,0,0
482316,2,1,0,0,0,0,0,0,0,9,0,0
482316,3,1,16,7,0,8,0,10,0,0,11,0
482317,1,1,53,0,0,0,14,18,0,0,0,0
482317,2,1,0,11,0,0,0,0,46,0,0,0
482318,1,1,0,0,0,0,0,0,0,0,0,0
482318,2,1,0,0,0,0,0,0,0,0,0,0
482318,3,1,0,0,0,0,0,21,0,9,26,20
482318,4,1,0,28,0,0,15,0,0,0,0,0
482319,1,1,17,0,18,21,0,11,0,0,13,0
482320,1,1,0,0,0,0,6,0,0,0,0,0
482320,2,1,0,0,0,0,0,0,0,0,0,0
482321,1,1,10,19,20,33,28,28,14,20,16,23
482322,1,1,25,23,0,0,13,0,0,3,0,9
482322,2,1,0,0,0,0,0,0,0,0,0,0
482324,1,1,0,0,0,0,0,0,0,0,0,0
482324,2,1,22,0,0,0,27,22,0,0,0,12
482325,1,1,0,0,0,0,0,0,0,0,0,0
482325,2,1,21,0,0,0,0,0,0,0,0,15
482327,1,1,14,14,14,14,14,14,14,14,14,14
482328,1,1,0,0,0,0,0,0,0,0,0,0
482328,2,1,0,0,0,0,0,0,0,0,0,0
482329,1,1,0,0,0,0,0,0,0,0,0,0
482329,2,1,0,0,0,0,0,0,0,0,0,0
482330,1,1,8,8,0,20,20,14,12,19,30,21
482331,1,1,0,0,0,0,0,17,0,0,0,0
482331,2,1,0,0,0,0,0,0,5,0,0,0
482331,3,1,0,0,0,0,0,0,0,0,0,0
482332,1,1,6,6,6,6,6,6,6,6,6,6
482334,1,1,0,0,0,0,0,0,0,0,0,0
482335,1,1,0,0,0,0,0,7,24,0,0,0
482336,1,1,12,7,15,7,18,19,18,1,0,20
482336,2,1,0,5,6,6,8,0,9,0,0,17
482337,1,1,9,8,0,0,0,0,18,0,0,11
482337,2,1,8,10,0,0,0,0,5,0,0,0
482338,0,1,11,7,23,21,16,0,18,0,11,0
482338,1,1,13,23,11,36,16,14,24,2,4,3
482339,1,1,34,16,27,0,0,0,0,11,0,18
482340,1,1,0,0,0,0,0,0,0,0,0,0
482340,2,1,0,13,0,36,0,0,0,8,32,0
482340,3,1,0,13,12,22,0,13,0,0,0,0
482340,4,1,0,0,0,0,0,23,0,43,17,0
482341,1,1,0,0,0,0,0,0,0,0,0,0
482341,2,1,4,8,0,0,5,29,9,0,0,0
482341,3,1,0,25,0,0,0,0,8,0,0,0
482343,0,1,0,0,0,0,0,0,0,0,0,0
482343,1,1,0,0,0,0,0,0,31,0,12,0
482344,0,1,0,0,0,0,0,0,0,0,0,0
482344,1,1,7,0,0,0,0,0,0,0,0,0
482345,1,1,0,0,0,0,0,28,0,5,0,0
482345,2,1,0,0,0,0,0,0,0,0,0,0
482346,1,1,0,12,0,32,16,10,0,6,0,2
482347,1,1,25,15,11,8,0,0,0,0,0,10
482347,2,1,0,0,0,0,0,0,0,0,0,0
482348,0,1,0,0,0,0,0,0,0,0,0,0
482348,1,1,28,6,14,0,11,18,11,0,22,0
482349,0,1,2,2,2,2,2,2,2,2,2,2
482349,1,1,13,0,12,12,17,9,10,4,0,23
482350,1,1,0,23,0,0,0,0,0,0,0,0
482350,2,1,0,2,0,0,0,8,0,0,10,12
482351,1,1,22,22,22,22,22,22,22,22,22,22
482352,0,1,0,0,0,0,0,0,17,24,0,0
482352,1,1,0,0,12,13,0,13,33,0,21,6
482352,2,1,5,8,10,16,0,12,8,0,6,32
482353,1,1,0,0,0,14,0,14,0,0,31,0
482354,1,1,6,12,11,3,10,0,0,0,0,0
482355,1,1,11,6,26,0,0,14,0,20,0,27
482356,0,1,19,0,0,0,0,0,0,0,16,0
482356,1,1,0,0,14,17,0,0,0,0,11,0
482357,1,1,21,0,0,0,0,33,0,0,0,0
482357,2,1,0,0,0,0,0,0,0,0,0,0
482358,1,1,7,7,7,7,7,7,7,7,7,7
482359,1,1,0,0,0,0,0,0,0,28,0,24
482359,2,1,0,0,0,0,0,0,0,0,0,0
482360,1,1,0,26,0,0,0,0,0,0,0,0
482361,1,1,12,0,0,0,0,0,7,0,0,0
482362,0,1,0,26,0,24,0,0,24,17,0,0
482362,0,2,0,11,0,0,16,0,0,0,0,19
482362,1,1,14,14,14,14,14,14,14,14,14,14
482363,1,1,5,22,0,0,0,0,0,25,0,0
482363,2,1,0,0,0,0,0,0,0,0,0,0
482364,0,1,0,0,0,0,0,0,0,0,0,0
482364,1,1,0,0,0,0,0,0,7,0,0,0
482364,2,1,0,0,0,0,0,0,0,0,0,0
482364,3,1,0,4,0,0,0,0,0,0,0,0
482365,1,1,0,0,0,0,0,0,0,0,0,0
482366,0,1,0,0,0,0,0,0,0,0,0,0
482366,1,1,0,0,0,0,0,0,0,0,0,0
482367,1,1,4,13,0,0,0,0,0,2,0,0
482368,1,1,11,20,6,0,0,0,7,0,0,1
482368,2,1,26,0,0,0,0,0,0,18,0,0
482369,1,1,0,0,0,0,0,0,0,0,0,0
482369,2,1,4,4,4,4,4,4,4,4,4,4
482370,0,1,0,0,0,0,0,0,0,0,0,0
482370,1,1,6,30,23,13,8,12,19,12,7,18
482371,1,1,0,0,0,0,0,0,0,0,0,0
482371,2,1,0,0,0,0,0,0,0,0,0,0
482372,1,1,0,0,0,0,0,0,0,0,0,0
482372,2,1,23,23,23,23,23,23,23,23,23,23
482373,1,1,0,0,17,0,0,0,0,23,0,0
482374,0,1,0,19,0,0,0,0,28,0,23,21
482374,1,1,0,0,0,0,0,0,0,0,0,0
482375,0,1,0,30,0,0,14,17,0,15,14,0
482375,1,1,0,0,5,0,0,14,0,0,0,24
482376,1,1,0,0,0,0,0,0,0,0,0,0
482376,2,1,0,0,0,0,0,0,27,0,0,0
482377,1,1,0,0,0,0,0,0,0,0,0,0
482377,2,1,0,0,0,0,0,0,0,0,0,0
482378,0,1,0,14,0,0,0,0,17,0,0,0
482378,1,1,0,0,0,0,0,0,0,0,0,0
482379,1,1,17,17,17,17,17,17,17,17,17,17
482380,1,1,18,18,18,18,18,18,18,18,18,18
482381,1,1,0,0,0,0,0,0,0,0,0,0
482381,2,1,0,0,7,6,0,0,11,16,17,32
482382,1,1,23,23,23,23,23,23,23,23,23,23
482383,0,1,15,0,0,0,0,9,0,0,0,0
482383,1,1,0,0,0,0,0,0,0,0,0,0
482384,1,1,27,15,0,21,0,0,4,47,0,0
482384,2,1,5,0,0,0,0,0,0,0,0,0
482384,3,1,0,0,0,0,0,0,0,0,0,0
482385,1,1,17,17,17,17,17,17,17,17,17,17
482385,2,1,1,1,1,1,1,1,1,1,1,1
482386,1,1,21,21,21,21,21,21,21,21,21,21
482386,2,1,0,0,0,0,0,0,0,0,0,0
482386,3,1,0,0,41,7,0,0,0,0,0,0
482386,4,1,17,5,2,0,0,21,11,10,0,0
482387,1,1,0,0,0,0,0,0,0,0,0,25
482387,2,1,0,0,0,0,0,0,0,0,0,0
482388,1,1,0,3,15,0,17,0,23,0,0,0
482388,2,1,0,0,0,0,0,0,0,0,0,0
482389,1,1,17,0,0,5,16,0,12,0,0,20
482390,0,1,35,34,0,0,18,31,16,0,0,0
482390,1,1,22,22,22,22,22,22,22,22,22,22
482391,1,1,17,17,17,17,17,17,17,17,17,17
482392,0,1,34,0,27,0,0,0,24,17,0,0
482392,1,1,0,9,0,0,0,0,0,23,14,0
482393,1,1,18,20,13,16,0,8,0,13,0,0
482394,1,1,6,0,0,0,0,0,0,0,0,15
482395,0,1,0,0,0,0,0,0,0,0,0,0
482395,1,1,0,0,0,0,0,20,0,0,0,0
482396,1,1,0,4,0,0,0,0,0,0,0,0
482396,2,1,13,0,0,0,18,0,0,0,0,0
482397,1,1,0,0,18,0,0,0,0,0,0,0
482397,2,1,0,0,0,0,0,0,0,0,0,0
482398,1,1,26,26,26,26,26,26,26,26,26,26
482398,2,1,0,0,0,0,0,0,0,0,0,0
482399,1,1,0,0,0,0,0,0,0,0,0,0
482400,0,1,0,0,0,10,15,12,28,0,26,24
482400,1,1,0,0,0,0,0,0,0,0,0,0
482401,1,1,13,13,13,13,13,13,13,13,13,13
482402,1,1,14,14,14,14,14,14,14,14,14,14
482404,0,1,16,0,0,12,0,9,7,0,0,14
482404,1,1,0,0,0,9,11,16,0,0,0,0
482405,1,1,0,19,0,0,18,0,0,0,0,0
482405,2,1,0,0,0,0,0,0,0,0,18,0
482405,3,1,0,0,0,0,0,0,0,0,0,0
482406,1,1,0,0,0,0,0,0,8,0,4,0
482406,2,1,0,0,0,0,0,0,0,0,0,0
482407,1,1,0,0,0,0,0,0,0,0,0,0
482407,2,1,0,0,0,0,14,16,0,0,0,0
482408,1,1,0,0,0,0,0,0,0,0,11,0
482409,0,1,0,0,0,0,0,0,0,0,0,0
482409,1,1,0,0,0,0,0,0,0,0,0,0
482410,1,1,0,0,0,0,0,0,0,0,0,0
482410,2,1,0,0,0,0,0,0,0,0,0,0
482411,1,1,13,0,0,0,0,11,21,0,0,0
482412,1,1,14,0,10,0,0,21,0,29,19,0
482413,1,1,0,0,0,0,0,0,0,0,0,0
482413,2,1,0,0,0,0,0,0,0,0,0,0
482414,0,1,10,0,7,0,0,36,0,0,18,0
482414,1,1,46,0,0,0,0,0,0,17,12,0
482415,1,1,23,23,23,23,23,23,23,23,23,23
482415,2,1,0,0,10,0,0,0,0,0,0,0
482416,1,1,0,0,0,0,0,0,0,0,0,0
482416,2,1,0,0,0,0,0,0,0,0,0,0
482417,1,1,0,0,0,0,0,0,0,0,0,0
482417,2,1,0,0,0,0,0,0,0,0,0,0
482418,1,1,0,18,0,0,0,13,10,0,31,14
482418,2,1,0,0,0,0,0,0,0,0,0,0
482419,1,1,0,0,0,32,0,0,23,0,14,0
482419,2,1,0,0,0,7,0,0,14,0,0,10
482420,1,1,0,0,16,0,23,0,0,0,6,0
482421,1,1,0,0,0,0,0,0,7,0,0,0
482421,2,1,0,0,0,10,0,11,0,0,0,0
482422,0,1,0,0,0,0,0,0,0,0,0,0
482422,1,1,0,0,0,0,0,0,0,0,0,0
482423,1,1,9,9,9,9,9,9,9,9,9,9
482423,2,1,34,0,16,0,0,0,0,0,0,0
482424,0,1,0,0,0,0,0,0,0,0,0,0
482424,1,1,0,0,0,0,0,0,0,0,0,0
482425,1,1,7,0,0,0,13,13,7,0,21,9
482426,1,1,0,0,0,21,0,0,0,0,8,0
482426,2,1,0,10,0,0,0,0,0,0,0,0
482427,1,1,0,0,0,0,21,0,0,0,0,13
482427,2,1,0,0,0,0,0,0,0,0,0,0
482428,1,1,0,0,0,0,0,0,0,0,0,20
482428,2,1,0,10,10,0,0,0,0,0,0,0
482429,1,1,5,4,0,0,0,34,10,0,13,20
482430,1,1,0,0,0,0,0,0,0,0,9,7
482430,2,1,17,0,0,5,0,13,0,11,0,0
482431,1,1,18,0,15,30,24,40,19,18,29,30
482432,1,1,0,20,17,20,6,18,23,22,7,24
482433,0,1,0,0,0,0,0,0,0,0,0,0
482433,1,1,12,12,12,12,12,12,12,12,12,12
482434,1,1,0,0,0,0,0,0,0,0,0,0
482434,2,1,0,0,0,0,0,0,0,0,0,0
482435,0,1,0,0,0,0,0,0,0,0,0,0
482435,1,1,0,0,0,0,16,0,0,0,0,0
482436,0,1,16,16,16,16,16,16,16,16,16,16
482436,1,1,8,0,0,0,20,0,0,0,0,34
482437,1,1,7,7,7,7,7,7,7,7,7,7
482438,0,1,1,1,1,1,1,1,1,1,1,1
482438,1,1,9,15,13,0,0,0,0,0,0,0
482439,1,1,29,0,0,0,0,9,0,26,12,0
482439,2,1,0,0,0,0,0,0,0,0,0,0
482440,1,1,2,0,0,0,0,0,7,0,0,0
482440,2,1,0,0,0,0,0,0,19,0,0,0
482441,1,1,0,0,0,13,0,22,0,0,0,0
482442,0,1,0,0,0,0,0,0,0,0,0,0
482442,1,1,0,0,0,0,0,0,0,0,0,12
482443,1,1,0,0,0,9,9,0,0,9,6,0
482443,2,1,20,20,20,20,20,20,20,20,20,20
482444,1,1,28,28,28,28,28,28,28,28,28,28
482445,1,1,0,19,0,16,0,0,0,0,31,0
482445,2,1,7,0,0,0,0,0,0,0,0,0
482446,1,1,0,0,0,21,0,0,0,0,0,25
482446,2,1,0,11,0,0,0,0,0,0,0,0
482447,1,1,0,11,0,0,0,11,0,0,0,0
482448,0,1,0,0,0,0,0,0,0,0,0,0
482448,1,1,0,0,0,0,23,28,19,32,0,0
482449,0,1,22,22,22,22,22,22,22,22,22,22
482449,1,1,0,11,0,0,0,12,0,0,0,0
482450,1,1,0,0,0,0,0,0,0,0,0,0
482451,1,1,0,0,0,0,0,0,0,0,0,0
482452,0,1,20,13,36,0,0,25,36,12,7,38
482452,1,1,0,0,0,0,0,0,0,0,0,0
482453,0,1,22,0,0,0,0,23,0,0,0,24
482453,1,1,0,17,8,28,4,33,23,0,7,24
482454,1,1,16,0,0,0,0,0,0,0,0,0
482454,2,1,0,0,5,0,0,0,0,9,21,0
482455,0,1,0,16,26,0,9,0,0,0,0,0
482455,1,1,0,0,0,0,0,0,0,0,0,0
482456,1,1,0,18,14,0,0,15,0,0,0,0
482456,2,1,0,0,8,4,12,44,0,0,11,0
482456,3,1,0,4,0,0,0,0,0,0,0,0
482457,1,1,0,0,25,0,0,0,25,12,0,32
482459,1,1,0,0,0,0,0,0,0,0,0,0
482459,2,1,0,0,12,0,0,0,0,0,19,0
482460,1,1,3,15,31,11,6,0,15,27,12,18
482460,2,1,0,0,0,0,14,0,0,0,0,0
482461,1,1,16,16,16,16,16,16,16,16,16,16
482462,1,1,9,9,9,9,9,9,9,9,9,9
482462,2,1,12,12,12,12,12,12,12,12,12,12
482463,1,1,28,8,28,16,13,28,6,17,9,0
482463,2,1,0,0,0,0,7,0,0,9,0,0
482464,1,1,0,14,8,0,17,19,0,0,25,15
482465,1,1,0,0,0,0,0,0,0,0,0,0
482465,2,1,0,0,0,14,0,0,0,0,0,0
482466,1,1,11,0,0,13,33,0,0,0,23,0
482467,0,1,0,0,14,17,0,0,0,0,0,0
482467,1,1,0,0,0,0,0,0,0,0,0,0
482468,0,1,21,0,0,12,0,10,0,0,13,0
482468,1,1,0,0,0,0,0,0,0,0,0,0
482469,1,1,12,10,0,21,7,0,18,34,0,0
482469,2,1,0,0,0,0,0,0,0,0,0,0
482470,1,1,29,29,29,29,29,29,29,29,29,29
482470,2,1,24,0,0,0,0,30,0,0,10,10
482471,1,1,0,0,0,0,0,0,0,0,0,0
482471,2,1,0,0,0,0,0,0,0,0,0,0
482471,3,1,0,0,0,22,0,0,0,18,0,0
482472,1,1,0,0,0,0,0,0,17,0,0,0
482472,2,1,0,0,0,0,0,0,0,0,18,0
482473,1,1,0,0,0,17,0,32,0,0,31,0
482473,2,1,0,0,0,0,0,0,0,0,0,0
482474,0,1,34,34,34,34,34,34,34,34,34,34
482474,1,1,7,13,0,0,16,0,0,0,0,0
482475,0,1,0,23,0,0,0,0,0,0,0,0
482475,1,1,0,0,0,0,0,39,0,22,0,0
482476,1,1,12,12,12,12,12,12,12,12,12,12
482476,2,1,16,16,16,16,16,16,16,16,16,16
482477,1,1,0,0,0,23,0,0,0,0,14,0
482477,2,1,0,0,0,0,0,0,0,0,0,0
482477,3,1,0,0,21,12,0,0,0,0,0,0
482477,4,1,0,0,0,0,0,0,0,0,0,5
482478,1,1,26,8,0,0,17,24,0,25,11,8
482479,1,1,16,16,16,16,16,16,16,16,16,16
482480,1,1,17,0,0,0,0,0,19,0,0,0
482481,1,1,0,5,6,40,22,21,0,10,0,20
482482,1,1,0,0,0,0,0,18,18,11,0,0
482482,2,1,13,20,30,3,0,27,29,0,0,16
482483,1,1,0,0,12,0,11,0,0,12,15,0
482483,2,1,0,0,0,0,0,0,0,9,0,0
482484,0,1,0,0,0,21,0,15,0,0,0,0
482484,1,1,0,0,0,0,0,0,0,11,0,0
482485,1,1,0,0,0,0,0,0,3,0,0,0
482485,2,1,0,0,0,0,0,0,0,0,0,0
482485,3,1,0,16,0,0,0,0,8,36,0,0
482486,0,1,0,0,0,0,0,0,0,0,0,0
482486,1,1,0,0,0,0,0,0,0,0,0,0
482487,1,1,0,0,0,0,0,0,0,0,0,0
482487,2,1,0,4,0,0,0,0,0,0,0,0
482488,0,1,25,25,25,25,25,25,25,25,25,25
482488,1,1,0,21,25,0,0,0,0,0,21,0
482488,2,1,13,0,0,0,0,9,6,0,0,26
482489,0,1,0,0,26,0,0,0,0,0,0,30
482489,1,1,0,20,23,31,0,0,0,0,0,0
482490,1,1,0,0,0,0,0,0,0,0,0,0
482491,1,1,0,30,21,0,0,17,0,0,0,0
482491,2,1,0,0,0,0,0,0,0,0,0,0
482492,1,1,0,21,0,27,15,19,23,20,24,15
482493,0,1,11,0,0,21,0,0,0,16,0,13
482493,1,1,0,0,39,19,8,0,20,22,0,22
482494,0,1,0,0,14,0,0,0,0,9,0,13
482494,1,1,0,26,13,19,0,0,0,0,0,0
482495,1,1,1,1,1,1,1,1,1,1,1,1
482497,1,1,0,0,0,0,0,0,15,16,0,13
482498,1,1,12,18,0,7,0,0,14,0,12,35
482499,1,1,0,16,12,0,0,0,18,14,9,12
482500,1,1,23,23,23,23,23,23,23,23,23,23
482500,2,1,0,0,0,0,5,0,0,0,0,0
482500,3,1,0,0,0,0,0,0,0,0,0,0
482501,0,1,0,0,0,0,0,15,0,0,0,0
482501,1,1,0,0,0,0,0,0,0,0,0,0
482502,1,1,16,24,0,0,8,0,25,19,16,11
482503,1,1,0,0,0,0,0,0,0,0,0,0
482503,2,1,0,0,0,0,0,0,0,0,0,21
482504,1,1,0,0,0,0,0,0,0,0,0,0
482504,2,1,0,0,0,0,0,0,29,0,13,0
482505,1,1,0,18,0,0,0,0,20,0,0,0
482505,2,1,0,0,0,0,0,0,0,0,4,0
482506,1,1,0,0,0,0,0,0,0,0,0,0
482507,1,1,26,26,26,26,26,26,26,26,26,26
482508,1,1,0,0,0,0,0,0,0,0,0,0
482509,1,1,33,33,33,33,33,33,33,33,33,33
482509,2,1,0,0,0,0,0,0,0,0,0,0
482510,0,1,0,4,55,0,0,0,15,23,5,0
482510,1,1,0,0,8,2,9,0,10,0,18,9
482511,1,1,0,0,0,0,0,21,0,20,0,0
482511,2,1,0,0,0,20,0,27,0,0,0,0
482511,3,1,0,0,0,0,0,0,0,0,0,0
482512,1,1,0,0,0,0,0,0,0,0,0,0
482512,2,1,0,0,0,0,0,20,0,8,0,0
482513,1,1,22,21,30,15,13,0,12,13,0,20
482514,0,1,0,0,0,0,0,6,0,0,10,0
482514,1,1,24,0,0,19,0,7,0,20,18,0
482515,1,1,0,0,0,0,16,0,0,0,0,0
482515,2,1,0,0,0,0,0,0,0,0,0,0
482515,3,1,0,0,0,0,0,0,0,0,0,0
482515,4,1,0,21,0,0,0,0,0,0,0,0
482516,1,1,0,0,0,0,0,0,0,0,0,10
482516,2,1,0,0,0,19,0,0,0,0,0,0
482517,0,1,0,0,0,0,0,0,0,0,0,0
482517,1,1,18,0,0,6,0,0,20,0,0,0
482518,1,1,0,0,0,0,0,0,0,0,0,0
482519,1,1,25,0,0,0,0,0,0,0,0,0
482520,1,1,0,0,0,0,0,0,0,0,0,0
482521,1,1,0,0,0,0,0,0,0,0,0,0
482522,1,1,0,0,0,0,0,0,0,0,0,0
482522,2,1,0,0,0,0,0,0,0,0,14,0
482523,1,1,0,0,0,0,16,0,0,0,0,0
482523,2,1,0,0,0,8,0,18,39,0,0,14
482524,1,1,0,14,0,26,0,0,38,0,0,0
482524,2,1,0,0,0,0,0,0,0,0,0,0
482524,3,1,10,0,0,0,0,0,0,0,10,0
482525,1,1,0,0,22,27,0,2,0,0,0,21
482526,1,1,0,20,9,0,0,33,23,4,19,21
482527,1,1,0,0,0,0,0,0,0,0,0,0
482527,2,1,0,0,0,0,0,0,0,0,0,0
482527,3,1,0,0,0,37,0,0,0,0,0,0
482528,0,1,0,0,42,31,40,23,0,11,29,0
482528,1,1,6,0,17,22,0,0,0,0,0,0
482529,1,1,0,20,13,19,17,17,27,23,29,0
482529,2,1,0,0,0,18,0,11,0,13,0,0
482529,3,1,0,0,0,14,0,0,0,0,0,0
482530,1,1,15,0,0,0,0,0,0,38,0,0
482531,0,1,0,0,9,0,0,0,16,14,37,11
482531,1,1,0,0,0,0,0,0,0,0,0,0
482532,1,1,0,22,0,0,0,0,0,0,0,10
482533,1,1,3,3,3,3,3,3,3,3,3,3
482534,0,1,0,0,0,0,0,0,0,0,0,0
482534,1,1,0,0,0,0,0,0,0,0,0,0
482535,0,1,0,0,0,0,0,0,1,0,0,0
482535,0,2,0,0,0,0,0,0,0,0,0,3
482535,0,3,0,0,0,0,11,10,0,23,0,0
482535,1,1,0,0,0,0,0,0,0,0,0,0
482536,1,1,18,0,20,0,18,20,0,25,0,0
482537,1,1,0,0,13,8,0,13,0,0,0,0
482538,1,1,22,22,22,22,22,22,22,22,22,22
482539,1,1,15,25,0,19,0,0,0,0,18,7
482540,1,1,0,0,16,0,0,0,0,18,0,0
482540,2,1,0,0,16,14,0,28,0,0,0,5
482541,1,1,30,30,30,30,30,30,30,30,30,30
482542,1,1,0,0,0,0,0,0,0,0,0,0
482542,2,1,0,0,0,0,0,10,0,0,0,0
482543,1,1,0,0,0,0,22,0,18,0,0,3
482544,1,1,0,0,0,0,0,0,0,0,0,0
482544,2,1,5,0,0,25,0,0,0,0,0,0
482545,1,1,0,0,0,0,0,0,0,0,0,0
482545,2,1,0,0,0,0,0,0,0,0,0,0
482546,1,1,19,19,19,19,19,19,19,19,19,19
482547,0,1,0,0,0,0,26,0,27,10,0,19
482547,1,1,0,0,0,0,0,24,0,0,0,22
482547,2,1,0,0,0,9,0,0,16,18,0,0
482547,3,1,0,0,0,0,12,9,16,0,16,0
482548,0,1,0,0,0,0,0,0,0,0,0,0
482548,1,1,13,13,11,47,0,0,26,18,5,0
482549,1,1,0,0,0,0,0,0,0,0,0,0
482549,2,1,0,0,0,0,0,0,0,18,0,0
482550,1,1,0,0,0,0,0,0,0,0,0,0
482550,2,1,22,0,0,0,22,10,17,0,11,0
482552,1,1,0,0,0,0,12,6,16,0,10,0
482552,2,1,0,0,0,19,5,18,17,9,4,0
482553,1,1,0,0,0,0,0,0,0,20,0,5
482553,2,1,0,0,0,0,0,0,0,0,0,0
482554,1,1,0,0,0,0,0,0,0,0,0,0
482554,2,1,0,0,0,0,0,0,0,0,0,0
482555,1,1,0,0,0,0,0,0,0,0,0,0
482555,2,1,20,0,0,14,0,0,0,0,0,0
482556,1,1,19,7,0,0,0,0,19,0,11,7
482556,2,1,0,0,0,26,7,0,0,0,0,0
482556,3,1,0,0,0,0,0,0,24,0,0,0
482557,1,1,14,14,14,14,14,14,14,14,14,14
482558,0,1,0,0,0,0,0,0,0,0,0,0
482558,1,1,0,0,0,0,0,0,0,0,0,0
482559,1,1,0,7,1,0,14,0,21,0,17,16
482559,2,1,0,0,0,0,0,0,0,0,0,0
482560,1,1,0,0,0,0,0,0,24,0,0,0
482560,2,1,0,0,0,0,0,0,0,0,0,0
482561,1,1,0,0,0,0,0,0,10,0,0,0
482562,0,1,13,0,0,0,7,0,0,0,26,0
482562,1,1,0,20,0,0,27,0,0,0,0,0
482563,1,1,0,19,14,0,18,0,0,0,10,25
482564,1,1,0,16,28,0,15,30,3,10,0,0
482565,1,1,0,0,0,0,0,0,0,0,0,0
482566,1,1,0,0,0,0,0,0,0,0,0,0
482566,2,1,0,0,0,0,0,0,0,0,0,0
482567,1,1,0,0,0,0,0,0,0,0,0,0
482567,2,1,0,0,0,0,7,19,31,0,0,4
482567,3,1,0,11,0,0,0,0,0,0,0,0
482568,1,1,3,20,21,0,5,0,12,14,0,24
482569,1,1,0,0,14,0,9,0,0,0,0,12
482570,0,1,0,0,0,0,0,0,0,0,0,0
482570,1,1,0,0,0,0,0,0,0,0,0,0
482571,1,1,0,0,0,0,0,0,0,0,0,0
482571,2,1,0,0,0,0,0,0,0,0,0,2