ST_CASE,VEH_NO,PER_NO,P1,P2,P3,P4,P5,P6,P7,P8,P9,P10
482572,0,1,5,5,5,5,5,5,5,5,5,5
482572,1,1,6,0,13,0,25,19,0,7,12,30
482573,1,1,0,0,0,0,0,0,0,0,0,0
482573,2,1,0,0,0,0,0,0,0,0,0,0
482573,3,1,0,0,0,0,0,0,0,0,0,0
482574,1,1,0,14,0,0,0,0,0,28,0,0
482574,2,1,0,0,0,0,0,0,31,0,0,39
482574,3,1,0,0,0,0,0,0,0,0,0,0
482575,0,1,0,0,0,0,0,0,0,0,37,17
482575,1,1,0,0,0,0,0,13,0,0,0,0
482576,0,1,0,0,0,0,0,18,15,0,0,0
482576,1,1,12,24,10,13,13,9,4,4,20,15
482577,1,1,0,0,0,0,0,0,0,0,0,0
482578,1,1,0,0,0,0,0,0,0,0,0,9
482579,1,1,0,0,0,0,0,0,0,0,0,14
482579,2,1,0,0,0,13,0,0,0,0,0,0
482580,1,1,0,32,13,23,0,0,15,0,0,6
482581,1,1,12,12,0,26,23,22,3,5,19,29
482581,2,1,28,14,0,0,12,0,0,20,24,25
482582,1,1,0,0,0,6,0,0,5,0,0,0
482582,2,1,0,0,0,0,9,0,0,0,0,0
482583,1,1,0,0,0,17,0,16,0,0,0,0
482583,2,1,19,0,0,0,14,0,0,9,34,0
482584,1,1,0,8,10,0,21,0,6,18,0,17
482584,2,1,0,0,8,18,0,0,0,0,29,0
482585,1,1,0,0,0,0,0,0,0,0,0,0
482585,2,1,0,0,0,0,0,0,0,0,0,0
482586,1,1,0,0,0,0,0,0,0,0,0,0
482586,2,1,0,0,30,0,24,0,20,0,0,0
482587,1,1,22,22,22,22,22,22,22,22,22,22
482587,2,1,0,25,0,0,0,0,0,0,0,0
482587,3,1,0,0,0,0,0,0,0,0,0,0
482587,4,1,8,0,6,0,0,0,0,0,0,0
482588,0,1,0,0,0,0,0,0,0,0,0,0
482588,1,1,19,9,0,0,0,35,0,18,0,25
482589,0,1,0,0,0,7,0,0,0,0,14,6
482589,1,1,0,10,0,13,0,0,11,5,19,0
482590,1,1,14,9,0,0,0,0,0,0,0,0
482591,1,1,0,0,0,0,0,0,0,12,0,0
482591,2,1,0,0,0,0,0,0,0,0,0,0
482591,3,1,0,0,0,0,0,0,0,12,0,0
482591,4,1,0,0,0,0,0,0,0,0,0,0
482591,5,1,0,0,0,0,0,0,0,0,0,0
482591,6,1,0,0,0,0,0,0,0,0,0,0
482593,1,1,6,5,23,9,20,23,13,4,15,9
482593,2,1,0,0,0,0,0,0,11,0,20,0
482594,0,1,45,0,31,20,18,0,28,0,0,19
482594,1,1,0,0,0,0,17,0,19,0,0,0
482595,0,1,0,0,0,0,0,0,0,0,0,0
482595,1,1,22,11,0,19,0,0,19,5,15,5
482596,1,1,33,33,33,33,33,33,33,33,33,33
482597,1,1,0,0,18,0,0,0,9,25,0,0
482597,2,1,0,0,0,0,0,0,0,0,0,0
482598,1,1,0,15,0,0,0,0,0,22,0,0
482598,2,1,0,0,0,0,0,0,0,0,0,0
482599,1,1,0,0,0,0,0,0,0,0,0,0
482599,2,1,0,0,0,0,0,0,13,0,23,0
482600,1,1,20,0,0,0,0,0,0,0,14,0
482600,2,1,0,0,3,0,0,0,0,0,0,0
482601,0,1,0,14,24,0,0,60,18,0,41,13
482601,1,1,0,10,0,15,18,31,0,0,0,14
482602,1,1,0,0,0,0,12,0,0,0,19,0
482603,1,1,0,16,0,0,0,0,0,0,0,3
482603,2,1,10,0,0,0,0,0,0,0,0,27
482604,1,1,0,0,0,0,0,0,0,0,0,0
482605,1,1,16,15,37,13,18,17,9,18,0,17
482606,0,1,0,0,0,22,0,0,0,0,0,0
482606,1,1,0,0,0,15,0,0,16,0,0,0
482607,1,1,0,0,0,0,0,0,0,0,10,0
482607,2,1,0,0,0,0,0,0,0,0,0,10
482608,1,1,0,0,12,0,0,36,0,17,0,0
482608,2,1,0,0,0,0,0,0,13,0,0,0
482609,1,1,0,0,0,0,0,0,0,0,0,0
482609,2,1,0,13,0,0,0,0,0,0,0,0
482610,1,1,0,0,0,0,0,0,0,0,0,0
482611,0,1,8,14,0,0,0,0,0,0,0,30
482611,1,1,0,0,12,0,0,0,0,0,0,0
482612,1,1,0,0,0,0,0,0,0,0,0,0
482612,2,1,0,0,0,0,0,27,0,0,0,0
482613,0,1,31,31,31,31,31,31,31,31,31,31
482613,1,1,2,8,0,0,5,0,17,0,0,0
482614,1,1,24,24,24,24,24,24,24,24,24,24
482615,1,1,0,0,0,0,0,0,0,0,0,0
482615,2,1,0,0,0,0,0,0,0,10,0,0
482616,1,1,0,0,0,0,6,15,0,34,0,7
482617,1,1,15,19,15,12,24,37,11,24,9,10
482618,0,1,0,0,0,0,0,0,0,0,0,0
482618,1,1,0,0,4,14,0,0,0,0,13,0
482619,1,1,0,0,0,0,0,0,0,0,7,0
482619,2,1,0,0,0,0,21,15,0,0,25,0
482619,3,1,0,0,0,0,0,0,22,0,11,18
482621,1,1,13,13,13,13,13,13,13,13,13,13
482622,1,1,20,20,20,20,20,20,20,20,20,20
482622,2,1,0,0,0,0,0,0,0,0,0,0
482623,0,1,13,0,0,0,0,0,27,0,0,0
482623,1,1,22,0,0,0,0,0,20,0,25,0
482624,1,1,26,0,2,18,17,0,0,7,18,19
482625,1,1,20,20,0,0,41,0,0,0,10,20
482626,1,1,0,14,0,22,0,0,0,0,0,28
482626,2,1,0,0,10,0,0,13,0,0,9,0
482627,0,1,0,2,0,0,0,20,16,0,19,30
482627,0,2,0,0,0,17,0,10,30,14,0,28
482627,3,1,26,0,0,9,9,0,0,14,0,0
482627,4,1,22,0,0,14,0,0,0,0,0,0
482628,0,1,8,0,0,0,0,0,0,0,0,0
482628,1,1,0,0,0,0,0,0,0,0,0,0
482629,1,1,0,12,0,0,0,0,3,0,0,0
482629,2,1,0,7,0,21,0,0,0,11,0,0
482630,1,1,0,26,0,10,0,18,0,0,11,5
482630,2,1,5,0,5,0,0,0,10,14,0,8
482631,1,1,0,0,0,0,0,0,35,16,0,34
482631,2,1,0,0,0,0,0,0,0,0,6,0
482632,0,1,4,4,4,4,4,4,4,4,4,4
482632,1,1,4,4,4,4,4,4,4,4,4,4
482633,1,1,0,0,0,0,0,0,0,0,0,0
482633,2,1,0,0,0,0,0,0,0,0,0,0
482634,1,1,0,0,0,16,25,0,0,11,12,0
482634,2,1,0,0,0,0,0,12,0,0,0,0
482635,0,1,0,0,13,0,0,0,0,18,0,0
482635,1,1,0,9,0,11,22,0,0,23,0,0
482636,1,1,0,14,0,0,0,0,0,0,0,13
482636,2,1,0,0,0,16,9,0,13,14,0,0
482636,3,1,0,0,0,0,11,10,0,0,0,0
482637,0,1,0,34,0,0,0,0,0,0,0,24
482637,1,1,28,0,0,0,0,16,0,0,0,0
482638,1,1,13,10,15,0,0,0,14,0,19,15
482639,1,1,0,0,0,0,0,0,0,0,0,0
482639,2,1,0,0,0,0,0,0,0,0,0,0
482640,0,1,16,0,0,0,0,16,0,0,18,20
482640,1,1,0,0,24,0,13,0,0,0,47,0
482640,2,1,12,0,13,0,14,0,0,11,0,8
482641,1,1,0,0,0,0,0,0,0,16,16,0
482641,2,1,0,0,0,0,0,0,0,0,0,0
482641,3,1,2,0,0,4,0,0,0,17,0,9
482642,0,1,0,0,0,0,0,0,0,0,0,0
482642,1,1,11,0,0,0,0,0,0,11,0,0
482643,0,1,12,0,0,0,0,0,0,0,0,21
482643,1,1,0,0,0,0,19,0,0,0,0,0
482644,1,1,8,0,10,20,13,24,21,0,0,6
482645,1,1,0,0,0,0,15,0,0,0,0,0
482645,2,1,0,0,0,0,0,0,0,0,0,0
482646,0,1,0,0,0,0,0,0,0,0,22,0
482646,1,1,0,0,0,0,0,0,0,11,0,0
482647,1,1,0,0,0,0,0,0,18,0,0,0
482647,2,1,0,0,0,0,0,0,0,0,0,4
482648,1,1,0,0,5,0,0,0,0,0,0,8
482648,2,1,5,5,5,5,5,5,5,5,5,5
482649,1,1,23,13,41,8,0,0,26,0,0,0
482650,1,1,0,0,0,0,0,0,0,0,0,0
482650,2,1,0,0,9,0,0,0,0,0,0,0
482651,1,1,0,0,0,0,0,0,0,0,0,0
482652,1,1,0,0,0,0,0,0,15,31,0,0
482652,2,1,0,0,0,0,0,0,0,0,0,0
482653,1,1,0,0,12,13,0,12,0,0,0,0
482653,2,1,0,0,0,0,0,0,0,0,0,0
482654,1,1,0,0,0,0,0,0,0,0,0,0
482654,2,1,0,0,0,16,4,0,0,0,0,0
482655,1,1,0,0,0,0,21,0,0,6,0,0
482655,2,1,0,0,0,0,9,0,0,0,42,0
482657,1,1,12,0,0,0,0,26,0,0,0,0
482657,2,1,0,0,0,0,0,0,0,0,0,0
482658,1,1,20,16,17,12,0,0,17,22,13,0
482659,0,1,0,0,0,0,0,0,0,0,0,0
482659,1,1,0,0,0,0,0,0,0,0,0,0
482659,2,1,0,0,0,0,0,0,0,0,0,0
482660,1,1,16,16,16,16,16,16,16,16,16,16
482661,1,1,0,12,0,0,15,0,35,0,0,8
482661,2,1,0,13,0,0,3,0,0,0,0,0
482662,0,1,0,0,0,0,41,0,0,0,0,13
482662,1,1,0,0,19,0,0,0,0,0,0,0
482663,1,1,0,0,0,17,0,0,0,0,0,0
482663,2,1,0,0,0,0,0,0,0,0,0,0
482664,1,1,43,0,0,0,15,0,16,0,0,15
482665,0,1,9,9,9,9,9,9,9,9,9,9
482665,1,1,9,0,6,0,0,0,0,0,0,27
482666,1,1,0,0,0,0,0,0,0,0,0,0
482666,2,1,22,17,0,0,0,0,0,0,14,12
482667,1,1,0,0,0,0,0,0,0,0,0,0
482667,2,1,0,0,0,0,0,0,0,0,0,0
482668,0,1,33,0,16,0,0,0,27,22,0,30
482668,1,1,0,0,26,0,21,19,0,0,20,25
482670,1,1,0,0,0,0,25,0,11,34,38,17
482671,1,1,0,12,0,0,0,0,0,0,0,0
482671,2,1,0,0,0,0,0,0,0,0,0,0
482671,3,1,11,0,9,0,0,0,0,0,10,0
482671,4,1,0,0,0,0,0,0,0,0,0,0
482671,5,1,0,21,0,0,0,10,0,0,0,0
482671,6,1,0,0,0,0,0,0,0,3,0,0
482672,1,1,0,0,0,0,0,0,0,0,0,0
482672,3,1,18,18,18,18,18,18,18,18,18,18
482673,1,1,0,0,0,0,0,0,0,0,0,0
482673,2,1,0,0,0,0,0,0,0,0,0,0
482674,1,1,9,0,24,0,0,15,0,0,0,0
482674,2,1,0,0,0,9,10,11,17,0,20,0
482674,3,1,0,0,13,0,0,0,0,10,0,0
482675,1,1,27,0,0,0,9,0,0,0,0,0
482676,1,1,0,0,0,0,0,0,0,24,0,39
482676,2,1,0,0,21,0,0,0,17,0,0,30
482677,1,1,0,0,0,0,0,0,0,0,4,0
482677,2,1,27,27,27,27,27,27,27,27,27,27
482678,1,1,0,0,0,15,0,14,15,0,0,0
482678,2,1,0,0,0,0,0,0,0,0,0,0
482678,3,1,0,11,20,12,0,0,0,0,0,0
482679,0,1,0,0,0,0,0,0,21,32,0,0
482679,1,1,0,11,0,0,2,13,12,7,7,17
482680,1,1,13,10,0,13,15,0,20,0,2,0
482681,0,1,0,0,0,0,0,0,0,0,0,0
482681,1,1,0,0,0,0,0,0,0,0,0,0
482682,1,1,17,17,17,17,17,17,17,17,17,17
482682,2,1,0,0,0,0,0,0,0,0,0,0
482683,1,1,3,3,15,11,11,29,23,14,18,7
482684,1,1,17,17,17,17,17,17,17,17,17,17
482685,1,1,19,19,19,19,19,19,19,19,19,19
482686,1,1,17,0,0,0,0,0,0,0,0,0
482687,1,1,11,0,0,5,0,0,0,0,0,0
482687,2,1,0,12,19,0,0,0,0,0,0,0
482687,3,1,0,0,0,0,0,0,0,0,0,0
482688,1,1,0,0,0,0,0,0,0,28,0,0
482689,1,1,0,0,0,2,0,0,0,0,4,0
482689,2,1,0,0,0,0,7,0,12,0,12,20
482690,1,1,0,29,0,20,0,0,0,12,0,0
482690,2,1,0,0,24,0,0,0,0,0,16,0
482690,3,1,0,0,0,0,0,0,0,10,0,0
482691,1,1,0,0,0,0,0,0,0,0,0,9
482691,2,1,0,0,0,0,0,0,5,0,0,0
482691,3,1,0,0,0,0,0,0,0,14,0,0
482692,1,1,0,0,0,0,0,10,0,0,0,0
482692,2,1,0,0,0,0,0,0,0,0,0,0
482692,3,1,0,0,0,0,0,0,0,0,0,0
482692,4,1,0,0,0,0,0,0,0,0,0,0
482693,1,1,0,0,0,0,0,0,0,0,0,0
482694,1,1,0,0,9,13,0,0,0,0,0,0
482694,2,1,0,34,0,0,8,0,0,0,42,22
482695,1,1,0,0,0,0,0,0,0,0,0,0
482695,2,1,0,0,0,6,0,0,0,0,0,12
482696,1,1,0,0,0,0,0,0,0,0,0,0
482697,0,1,0,11,0,5,0,0,0,25,0,0
482697,1,1,19,15,0,0,13,0,20,0,0,0
482698,1,1,11,0,0,16,7,16,19,0,27,24
482699,1,1,0,0,0,0,0,0,0,0,0,0
482699,2,1,0,0,0,0,0,0,0,0,0,0
482699,3,1,13,0,0,0,0,5,21,5,0,0
482700,0,1,12,0,0,44,0,18,20,0,0,0
482700,1,1,0,0,0,7,0,6,0,0,0,0
482700,2,1,0,9,0,12,22,0,0,0,15,0
482701,1,1,19,19,19,19,19,19,19,19,19,19
482702,0,1,26,10,0,0,10,0,4,0,0,0
482702,1,1,0,0,12,0,17,22,0,0,0,0
482703,1,1,14,13,8,46,20,21,36,41,6,0
482704,1,1,0,19,0,0,0,0,0,0,0,0
482704,2,1,12,0,0,0,0,0,0,0,0,0
482705,1,1,40,21,21,22,10,16,0,0,32,0
482706,1,1,0,0,0,0,0,0,0,0,0,0
482706,2,1,0,0,0,0,0,0,0,0,0,0
482707,1,1,32,14,0,0,21,0,30,21,22,21
482708,1,1,22,22,22,22,22,22,22,22,22,22
482709,1,1,5,0,0,17,0,4,28,12,9,0
482710,1,1,0,0,0,15,0,12,0,0,17,0
482711,0,1,21,21,21,21,21,21,21,21,21,21
482711,1,1,0,0,0,0,0,0,0,0,0,0
482712,1,1,30,12,0,8,0,0,16,0,0,14
482713,0,1,0,13,0,0,0,12,0,0,0,0
482713,1,1,0,0,0,0,0,0,0,0,0,0
482714,1,1,0,0,0,0,0,0,0,0,0,0
482714,2,1,0,0,0,0,0,23,0,0,0,0
482715,1,1,19,19,19,19,19,19,19,19,19,19
482716,1,1,3,23,0,0,12,0,0,0,0,5
482717,1,1,0,21,18,0,0,13,8,0,0,6
482718,1,1,0,0,10,0,12,0,0,19,0,0
482718,2,1,0,0,0,0,0,0,0,4,0,0
482719,1,1,0,0,0,7,0,0,17,15,10,0
482719,2,1,0,0,0,0,15,0,0,10,0,8
482720,0,1,8,13,4,25,0,15,0,0,19,0
482720,1,1,0,0,13,0,6,21,0,12,0,9
482721,1,1,0,0,0,2,6,0,20,0,0,0
482721,2,1,0,0,0,0,0,0,0,0,0,0
482722,1,1,35,35,35,35,35,35,35,35,35,35
482723,1,1,0,14,0,21,0,0,19,20,0,0
482724,1,1,0,0,0,0,0,0,0,0,0,0
482724,2,1,0,0,0,0,0,0,0,0,0,0
482725,0,1,0,0,0,15,0,8,21,0,0,0
482725,1,1,9,8,30,3,8,16,0,14,13,0
482726,0,1,0,0,0,0,0,0,0,0,0,0
482726,1,1,0,13,0,16,0,19,0,0,0,0
482727,1,1,0,0,0,0,0,0,0,0,0,0
482728,1,1,0,0,0,0,0,0,7,0,0,0
482728,2,1,0,0,0,0,0,0,0,0,0,0
482729,1,1,0,0,0,0,0,0,0,0,25,16
482730,1,1,26,0,8,0,20,24,0,0,14,0
482731,1,1,0,0,15,15,0,0,15,22,0,0
482731,2,1,0,0,0,0,0,2,0,18,0,0
482731,3,1,0,0,0,0,0,0,0,0,0,0
482731,4,1,0,0,0,0,0,0,0,0,0,0
482732,1,1,0,0,0,0,0,0,15,0,0,0
482732,2,1,16,16,16,16,16,16,16,16,16,16
482733,0,1,0,0,0,0,0,0,0,0,0,0
482733,1,1,11,0,15,0,0,14,0,0,0,0
482734,1,1,0,0,0,0,0,0,24,0,0,36
482735,0,1,1,1,1,1,1,1,1,1,1,1
482735,1,1,0,0,0,10,0,0,0,0,0,28
482736,1,1,0,0,23,22,9,23,12,6,0,9
482737,1,1,0,3,0,0,15,0,37,18,0,22
482738,1,1,10,15,0,9,8,18,0,0,40,0
482739,1,1,29,0,0,14,0,12,0,5,16,0
482739,2,1,6,0,0,14,15,8,0,0,12,0
482740,1,1,23,0,0,18,0,0,16,0,4,0
482741,1,1,4,4,4,4,4,4,4,4,4,4
482742,1,1,0,0,0,13,0,0,0,0,0,0
482742,2,1,0,0,11,25,0,0,0,0,0,0
482743,1,1,0,0,0,0,0,15,19,0,0,12
482743,2,1,0,0,0,0,0,0,0,0,0,0
482744,1,1,12,12,12,12,12,12,12,12,12,12
482745,0,1,19,0,0,32,0,0,0,4,23,12
482745,1,1,0,0,0,0,0,0,0,0,14,16
482746,1,1,9,0,0,0,0,0,0,0,0,0
482746,2,1,2,0,0,0,0,0,0,0,0,0
482747,1,1,10,27,10,0,22,22,14,15,17,42
482748,0,1,29,29,29,29,29,29,29,29,29,29
482748,1,1,0,0,0,0,0,0,0,0,0,0
482749,0,1,12,12,12,12,12,12,12,12,12,12
482749,1,1,4,0,0,11,0,0,0,0,10,15
482750,1,1,0,13,18,7,0,20,2,23,0,22
482751,1,1,0,26,12,0,0,0,7,4,0,0
482753,1,1,14,14,14,14,14,14,14,14,14,14
482753,2,1,0,0,0,0,39,0,0,17,0,0
482754,1,1,16,0,22,13,16,34,3,24,14,0
482754,2,1,0,0,0,0,0,0,0,0,0,0
482754,3,1,0,0,0,12,0,9,0,0,21,0
482755,0,1,30,22,23,45,15,67,32,14,42,22
482755,1,1,0,0,14,16,0,0,0,21,0,12
482756,1,1,0,0,0,0,13,0,0,0,24,0
482756,2,1,0,0,0,0,0,0,0,0,0,0
482756,3,1,0,0,0,0,0,0,0,3,0,0
482757,1,1,0,0,0,0,0,0,0,0,0,0
482757,2,1,0,0,0,0,0,0,0,0,0,0
482758,1,1,0,3,0,0,8,13,17,34,0,0
482759,0,1,0,11,0,33,0,0,0,0,15,0
482759,1,1,0,0,21,16,0,8,15,17,0,35
482760,1,1,0,0,0,0,0,0,0,0,0,0
482761,1,1,17,31,22,9,0,0,0,0,5,0
482761,2,1,0,0,0,0,0,0,0,0,0,0
482762,0,1,0,0,0,0,0,0,0,0,0,0
482762,0,2,0,0,0,0,0,0,0,0,0,0
482762,1,1,0,6,0,0,0,0,0,0,0,0
482763,1,1,7,0,0,0,0,0,0,0,0,0
482764,1,1,6,6,6,6,6,6,6,6,6,6
482764,2,1,0,0,0,0,0,0,0,0,0,0
482765,1,1,10,10,10,10,10,10,10,10,10,10
482765,2,1,26,0,0,0,0,11,0,0,14,0
482766,1,1,2,0,0,0,0,0,0,0,0,0
482766,2,1,0,0,0,0,0,0,0,0,0,0
482767,1,1,0,0,0,0,0,0,0,5,0,0
482767,2,1,0,0,0,0,0,0,0,0,0,0
482767,3,1,0,0,0,0,0,0,0,0,0,0
482768,1,1,0,0,23,0,0,0,0,0,9,17
482768,2,1,0,0,0,0,0,0,0,0,0,0
482769,1,1,0,0,0,0,0,0,0,0,0,0
482769,2,1,0,0,0,0,13,0,25,0,0,0
482770,0,1,0,0,0,0,0,0,0,0,0,0
482770,1,1,0,0,22,11,14,23,0,0,0,0
482771,0,1,0,0,0,0,0,0,0,0,0,0
482771,1,1,0,15,0,0,0,0,0,0,0,0
482772,0,1,0,0,0,0,0,0,0,0,0,0
482772,1,1,16,0,0,0,0,0,0,0,0,0
482773,1,1,0,0,0,0,0,0,0,0,0,0
482773,2,1,0,0,0,0,0,0,0,0,19,0
482773,3,1,0,0,0,0,0,0,0,0,0,0
482774,1,1,0,0,0,0,0,0,0,0,0,0
482774,2,1,0,0,0,0,12,0,0,0,0,0
482776,1,1,0,0,0,0,0,0,0,0,0,0
482776,2,1,7,0,12,0,13,20,0,0,0,0
482777,1,1,14,14,14,14,14,14,14,14,14,14
482778,1,1,0,28,19,13,24,22,0,0,23,7
482778,2,1,0,0,0,0,0,0,0,0,0,0
482779,1,1,14,0,0,0,25,0,0,0,0,0
482780,1,1,13,13,13,13,13,13,13,13,13,13
482781,1,1,0,0,18,0,0,0,0,0,23,0
482781,2,1,0,0,0,0,19,0,0,0,0,0
482782,0,1,18,23,11,29,18,0,6,0,0,16
482782,0,2,0,0,0,0,42,0,0,20,20,18
482782,1,1,0,0,0,14,15,10,0,7,0,13
482783,1,1,11,10,18,24,21,11,16,17,5,0
482783,2,1,14,23,6,8,0,17,0,0,20,0
482784,1,1,23,23,23,23,23,23,23,23,23,23
482785,1,1,0,0,0,0,0,0,0,0,0,0
482785,2,1,0,0,0,0,0,0,0,0,0,0
482786,1,1,0,0,0,0,0,0,0,0,0,16
482788,1,1,0,0,0,0,0,0,0,0,0,0
482788,2,1,0,0,0,0,0,0,0,0,0,0
482789,1,1,0,0,0,0,0,0,0,0,0,0
482790,0,1,0,0,0,0,0,0,0,0,0,0
482790,1,1,0,2,0,0,0,0,0,0,18,0
482791,1,1,0,0,0,0,0,0,15,0,6,0
482792,1,1,0,0,14,34,0,0,0,0,0,23
482792,2,1,0,3,0,0,0,0,5,0,0,0
482792,3,1,18,0,0,0,0,0,0,14,0,0
482793,1,1,0,0,0,0,0,0,0,0,0,0
482794,0,1,19,0,0,0,0,4,0,0,27,0
482794,1,1,0,0,13,13,0,0,0,0,14,0
482795,1,1,17,0,11,18,13,11,6,0,0,22
482796,1,1,0,0,0,18,0,0,0,0,0,0
482797,1,1,0,0,19,0,0,0,0,0,0,0
482798,1,1,16,0,0,17,0,0,18,11,0,12
482799,1,1,0,0,0,0,0,0,0,0,0,0
482799,2,1,0,0,0,0,0,0,0,0,0,3
482800,1,1,0,0,0,0,43,0,0,0,17,0
482800,2,1,0,0,0,0,0,0,0,0,22,0
482800,3,1,0,0,0,0,0,0,0,0,0,0
482801,1,1,13,13,13,13,13,13,13,13,13,13
482802,0,1,0,0,0,0,0,0,0,0,0,0
482802,1,1,0,0,0,0,0,0,0,0,0,0
482803,1,1,0,5,0,0,13,0,0,0,0,0
482803,2,1,0,7,16,0,0,0,17,0,0,0
482804,1,1,26,0,30,30,0,0,22,4,0,14
482804,2,1,0,0,0,0,0,0,0,0,0,0
482805,1,1,10,10,10,10,10,10,10,10,10,10
482806,1,1,20,20,20,20,20,20,20,20,20,20
482807,1,1,0,21,5,17,18,0,20,12,19,4
482808,0,1,0,0,0,13,0,0,26,15,0,0
482808,1,1,0,0,0,0,24,0,12,0,9,17
482809,1,1,29,20,14,27,25,0,21,13,0,28
482810,1,1,0,0,0,0,0,0,0,0,0,0
482810,2,1,0,0,55,0,0,7,0,0,0,0
482810,3,1,0,8,0,0,0,0,0,8,0,0
482811,1,1,0,0,0,21,0,5,0,0,0,0
482811,2,1,0,21,0,0,29,0,0,0,0,0
482812,1,1,13,18,18,11,28,11,25,23,14,24
482813,1,1,2,12,11,0,5,0,0,0,0,0
482813,2,1,0,0,12,27,0,0,0,0,12,0
482814,1,1,0,0,17,8,0,0,13,15,13,10
482814,2,1,11,0,0,0,0,0,0,0,0,22
482815,0,1,9,0,0,0,0,30,0,21,0,0
482815,1,1,0,0,0,0,0,0,0,0,0,0
482816,0,1,0,0,0,0,0,0,0,0,0,0
482816,1,1,0,0,0,0,0,0,0,0,0,14
482817,1,1,0,0,0,0,0,0,0,0,0,0
482817,2,1,11,13,0,0,11,0,27,23,0,0
482817,3,1,9,0,0,0,12,0,0,0,0,0
482818,1,1,0,0,0,0,0,0,0,0,0,0
482818,2,1,0,0,0,0,0,0,0,0,0,0
482819,1,1,0,0,0,0,0,0,0,0,0,0
482819,2,1,0,0,0,0,0,0,0,0,0,0
482821,1,1,20,20,20,20,20,20,20,20,20,20
482821,2,1,0,26,30,0,0,12,0,0,14,9
482822,1,1,0,0,0,0,0,0,16,0,0,0
482822,2,1,14,0,13,0,0,0,0,0,0,0
482823,1,1,0,0,0,0,0,0,3,7,0,0
482824,1,1,0,0,0,0,0,0,0,0,0,0
482824,2,1,0,0,7,0,0,0,13,0,0,0
482825,1,1,0,0,0,13,0,0,0,4,7,0
482826,1,1,5,0,0,0,0,0,0,0,0,0
482826,2,1,0,0,0,0,10,26,0,0,0,0
482826,3,1,0,0,0,3,22,0,21,0,0,0
482827,0,1,0,0,0,0,0,20,0,0,0,0
482827,1,1,0,0,0,0,0,0,0,0,0,0
482828,0,1,0,0,0,0,0,0,0,0,0,0
482828,1,1,0,0,9,25,0,0,0,0,0,0
482830,1,1,0,0,0,0,0,0,0,0,0,0
482830,2,1,0,0,0,0,0,0,0,0,0,0
482831,0,1,5,5,5,5,5,5,5,5,5,5
482831,1,1,0,0,0,0,0,0,0,0,0,0
482832,1,1,27,0,0,0,0,0,0,0,0,0
482832,2,1,0,0,0,0,0,0,0,0,0,0
482833,1,1,0,0,0,0,0,0,0,0,0,0
482834,0,1,0,0,0,0,0,0,0,0,0,0
482834,1,1,20,0,0,0,0,0,0,0,0,0
482835,1,1,20,20,20,20,20,20,20,20,20,20
482835,2,1,0,0,0,0,0,0,0,0,0,0
482836,1,1,0,0,0,0,0,0,0,0,0,0
482836,2,1,0,0,0,0,0,0,0,0,0,0
482837,1,1,0,0,0,22,0,0,0,0,13,0
482838,0,1,4,0,0,0,0,23,9,22,0,0
482838,1,1,0,0,0,0,0,0,0,0,0,0
482839,0,1,29,22,0,24,37,0,0,18,19,0
482839,1,1,0,11,0,14,13,0,16,0,0,0
482840,1,1,0,0,0,0,0,0,0,0,0,0
482840,2,1,0,0,0,0,0,0,0,0,0,0
482841,1,1,0,19,0,0,10,0,0,0,0,0
482841,2,1,0,7,0,0,0,0,0,0,0,0
482841,3,1,15,0,0,9,16,0,0,0,12,21
482842,1,1,18,0,0,0,0,0,0,22,0,18
482842,2,1,0,0,0,0,0,0,0,0,0,0
482843,1,1,14,0,0,0,0,17,7,8,13,12
482844,1,1,0,0,0,0,0,0,0,0,0,0
482844,2,1,0,0,0,0,0,0,0,0,0,0
482845,1,1,26,26,14,0,21,0,12,0,11,0
482846,2,1,0,3,13,0,29,12,0,0,16,0
482846,3,1,3,0,0,0,0,0,0,12,0,0
482847,0,1,0,0,0,0,36,0,0,27,0,6
482847,1,1,0,0,0,28,19,10,0,0,19,9
482848,1,1,0,0,12,0,19,0,21,0,0,0
482848,2,1,0,0,13,0,0,0,0,8,0,0
482848,3,1,0,0,0,0,4,0,0,0,0,0
482849,1,1,0,0,0,0,0,0,0,0,0,0
482850,1,1,0,0,0,0,0,0,0,0,0,0
482850,2,1,0,0,0,13,0,0,0,0,0,0
482851,0,1,0,0,21,0,17,0,33,0,0,21
482851,1,1,0,0,12,0,13,10,0,0,0,0
482852,1,1,0,0,15,0,0,0,0,0,0,13
482852,2,1,0,0,0,0,0,0,0,0,0,0
482853,1,2,7,0,0,6,0,0,0,0,10,24
482854,1,1,0,0,0,0,0,0,0,0,0,0
482854,2,1,0,0,0,0,0,0,0,0,0,0
482854,3,1,8,0,0,0,0,7,0,0,6,0
482854,4,1,0,0,0,0,0,0,0,0,0,0