ST_CASE,VEH_NO,PER_NO,P1,P2,P3,P4,P5,P6,P7,P8,P9,P10
482854,5,1,0,0,0,0,0,0,0,0,0,0
482854,6,1,0,0,0,0,0,0,0,0,0,0
482854,7,1,0,0,0,0,0,0,0,0,0,0
482854,8,1,0,0,0,0,0,0,0,0,0,0
482855,1,1,0,0,0,24,0,0,0,0,24,0
482856,1,1,0,15,16,0,0,0,0,0,0,0
482857,1,1,0,5,41,0,0,0,0,0,6,9
482858,1,1,10,0,0,19,0,0,19,21,0,0
482858,2,1,0,0,0,0,0,0,14,0,26,0
482859,1,1,0,24,16,0,0,0,0,0,0,0
482859,2,1,0,0,25,0,0,0,21,0,0,0
482860,1,1,0,19,0,0,0,12,0,0,0,0
482860,2,1,0,0,0,0,0,0,8,0,0,0
482861,1,1,0,22,0,16,0,16,0,0,0,0
482861,2,1,0,0,0,0,0,0,0,0,0,0
482862,0,1,11,11,11,11,11,11,11,11,11,11
482862,1,1,0,21,20,0,7,0,0,0,10,0
482863,1,1,13,13,13,13,13,13,13,13,13,13
482863,2,1,0,0,0,0,0,0,0,14,25,0
482863,3,1,0,0,0,23,34,38,16,0,0,12
482864,0,1,0,0,0,0,36,0,0,0,0,48
482864,1,1,0,0,0,0,0,0,0,0,0,3
482865,0,1,0,0,0,0,0,0,0,0,0,0
482865,1,1,0,0,0,0,21,0,0,0,0,0
482866,1,1,0,0,0,0,0,0,0,0,0,0
482866,2,1,0,0,0,0,0,0,0,0,18,0
482867,1,1,26,26,26,26,26,26,26,26,26,26
482867,2,1,0,38,0,0,0,0,0,0,0,0
482868,1,1,13,0,0,0,0,12,0,0,13,26
482868,2,1,0,0,0,0,0,0,0,0,0,0
482869,1,1,20,10,30,0,11,4,0,0,16,0
482870,0,1,0,0,3,15,0,0,0,0,0,31
482870,1,1,0,0,0,0,13,0,0,0,0,0
482871,1,1,0,0,0,28,17,0,19,0,0,10
482871,2,1,0,0,0,0,0,0,0,0,0,0
482872,1,1,8,8,8,8,8,8,8,8,8,8
482873,1,1,0,0,9,0,6,0,0,11,15,0
482874,1,1,1,1,1,1,1,1,1,1,1,1
482874,2,1,0,0,0,0,0,0,0,0,0,0
482875,0,1,15,15,15,15,15,15,15,15,15,15
482875,1,1,0,0,0,0,24,0,0,0,0,0
482876,1,1,0,0,0,0,0,0,0,0,0,0
482876,2,1,11,0,0,0,0,0,0,0,0,0
482877,1,1,0,0,0,0,0,0,0,0,0,12
482877,2,1,0,0,0,0,0,0,0,0,0,0
482877,3,1,0,0,0,0,0,0,0,0,0,0
482878,1,1,0,0,0,0,0,0,0,0,0,0
482878,2,1,0,14,0,3,0,0,0,13,5,17
482879,0,1,0,30,0,0,0,11,0,15,8,0
482879,1,1,7,23,17,0,0,0,9,0,0,0
482880,1,1,15,15,15,15,15,15,15,15,15,15
482881,1,1,0,0,0,0,0,0,0,0,0,0
482882,0,1,0,0,0,15,25,7,16,0,0,0
482882,1,1,0,13,0,6,27,2,10,0,26,0
482883,0,1,34,34,34,34,34,34,34,34,34,34
482883,1,1,0,0,0,0,0,0,24,0,0,0
482884,1,1,7,0,0,8,0,0,0,0,0,0
482884,2,1,0,0,0,0,0,0,0,0,0,0
482885,1,1,0,5,0,0,0,5,0,0,0,0
482885,2,1,0,0,5,17,0,0,0,0,0,0
482886,1,1,20,4,0,13,17,8,23,13,12,28
482887,1,1,15,18,16,16,31,30,20,27,0,40
482888,1,1,0,0,0,0,0,0,0,0,0,0
482889,1,1,0,0,0,0,0,0,0,13,0,0
482889,2,1,0,0,0,0,0,0,0,0,0,0
482889,3,1,0,0,0,0,0,0,0,0,0,0
482890,1,1,0,0,0,0,0,0,0,0,0,0
482891,1,1,22,0,0,24,0,24,0,0,0,0
482892,1,1,0,0,0,0,0,0,0,0,0,0
482893,1,1,19,19,19,19,19,19,19,19,19,19
482894,1,1,21,0,0,0,21,9,0,0,0,0
482895,0,1,0,0,0,0,0,0,8,0,31,30
482895,1,1,0,0,0,0,0,0,0,0,0,0
482896,1,1,9,9,9,9,9,9,9,9,9,9
482896,2,1,13,37,43,0,8,18,0,29,0,0
482897,1,1,0,9,0,29,0,0,0,0,0,0
482897,2,1,0,0,0,0,0,0,0,0,0,0
482897,3,1,0,0,0,0,0,0,0,0,0,0
482898,1,1,9,0,0,0,15,0,0,0,0,0
482899,1,1,3,0,22,16,0,5,0,0,0,6
482900,1,1,0,0,0,0,0,15,0,15,0,0
482901,1,1,10,10,10,10,10,10,10,10,10,10
482901,2,1,0,0,0,0,0,0,0,0,0,0
482902,1,1,0,0,0,0,0,0,21,24,18,0
482902,2,1,0,0,0,0,0,0,0,0,0,0
482903,1,1,0,0,0,0,0,0,0,0,0,0
482903,2,1,0,0,0,0,0,0,0,0,0,0
482903,3,1,0,0,0,0,0,0,0,0,0,0
482904,1,1,0,0,0,0,15,0,0,0,0,17
482904,2,1,30,0,2,0,0,0,0,0,0,15
482905,1,1,8,10,12,16,30,12,0,39,0,0
482906,1,1,17,17,17,17,17,17,17,17,17,17
482907,1,1,0,10,0,0,0,10,0,0,12,0
482907,2,1,22,22,0,4,18,4,15,20,0,0
482907,3,1,0,0,0,0,0,0,0,0,0,0
482908,1,1,31,31,0,0,0,0,0,25,0,9
482909,1,1,0,0,0,0,0,0,0,0,0,0
482909,2,1,0,0,2,0,0,0,17,0,0,5
482909,3,1,0,0,0,0,0,0,0,0,0,0
482910,0,1,0,0,0,0,15,0,0,5,0,0
482910,1,1,0,0,0,0,0,5,6,6,13,9
482910,2,1,0,0,0,0,0,0,11,0,14,0
482910,3,1,0,25,6,0,0,0,0,26,0,0
482911,1,1,3,3,3,3,3,3,3,3,3,3
482911,2,1,0,0,0,0,0,0,0,0,0,0
482912,1,1,0,14,0,0,0,0,0,23,0,0
482912,2,1,0,0,0,0,22,0,0,0,0,0
482913,1,1,0,0,0,0,9,9,0,0,0,0
482913,2,1,0,0,0,0,0,0,0,0,0,14
482913,3,1,0,7,10,0,0,11,0,0,0,0
482913,4,1,0,0,0,0,0,0,0,18,0,0
482913,5,1,0,0,8,0,0,0,0,22,0,0
482914,0,1,0,0,15,0,0,0,0,0,18,0
482914,1,1,0,27,0,0,8,0,14,0,0,0
482915,1,1,9,9,9,9,9,9,9,9,9,9
482916,1,1,36,36,36,36,36,36,36,36,36,36
482917,1,1,12,12,12,12,12,12,12,12,12,12
482917,2,1,0,0,0,0,0,0,0,0,0,0
482918,1,1,0,0,0,0,0,0,0,0,0,0
482918,2,1,0,0,0,0,0,0,0,0,0,0
482919,1,1,20,20,20,20,20,20,20,20,20,20
482920,1,1,25,25,25,25,25,25,25,25,25,25
482921,1,1,0,0,0,0,0,0,0,0,7,0
482921,2,1,0,13,0,0,0,0,0,0,0,0
482922,1,1,0,0,0,23,0,12,0,0,25,0
482923,1,1,0,0,0,0,0,0,0,0,0,0
482923,2,1,0,0,0,0,0,0,11,0,0,0
482924,1,1,0,0,10,0,0,0,17,35,0,25
482925,1,1,13,13,13,13,13,13,13,13,13,13
482926,1,1,0,0,0,0,0,0,0,0,0,21
482926,2,1,0,0,0,0,0,0,0,0,0,0
482927,1,1,0,0,0,0,0,0,0,0,0,0
482927,2,1,5,5,5,5,5,5,5,5,5,5
482928,1,1,18,0,0,0,16,18,0,0,0,0
482928,2,1,0,20,0,0,0,0,14,0,16,0
482928,3,1,0,0,0,0,0,0,0,0,0,0
482929,1,1,7,7,7,7,7,7,7,7,7,7
482930,1,1,0,0,9,0,0,0,0,0,0,0
482930,2,1,14,0,0,0,0,0,0,0,0,0
482931,1,1,31,31,31,31,31,31,31,31,31,31
482932,0,1,0,0,0,0,0,0,0,0,0,0
482932,1,1,0,3,0,0,0,0,0,15,0,0
482933,1,1,28,19,17,17,13,20,6,15,10,11
482933,2,1,0,0,0,12,2,0,16,0,0,0
482934,1,1,11,12,7,0,0,0,0,0,0,0
482934,2,1,0,0,0,0,0,0,0,0,0,0
482935,1,1,0,0,19,0,0,0,0,0,0,0
482936,0,1,6,0,14,25,0,0,0,0,0,0
482936,1,1,0,0,0,0,0,0,0,0,0,0
482937,1,1,19,9,26,21,15,18,4,18,12,17
482938,1,1,0,0,0,0,0,0,13,0,0,0
482938,2,1,0,0,0,0,0,0,0,0,0,0
482939,1,1,0,0,0,0,20,0,17,0,0,0
482939,2,1,0,0,0,25,0,0,0,0,0,0
482940,0,1,0,0,9,0,12,0,27,0,0,0
482940,1,1,17,21,0,0,0,0,18,0,14,0
482941,1,1,20,0,0,0,0,0,0,0,0,0
482942,1,1,36,36,36,36,36,36,36,36,36,36
482942,2,1,0,13,0,0,0,0,0,0,5,0
482943,1,1,0,0,0,0,3,0,3,9,0,24
482943,2,1,0,0,0,0,0,0,0,0,0,0
482944,1,1,0,0,9,0,0,9,0,0,0,0
482944,2,1,0,11,0,19,0,4,0,0,17,0
482945,1,1,0,0,0,0,0,0,0,18,0,0
482945,2,1,0,0,0,0,0,0,17,0,0,0
482946,1,1,0,0,0,0,0,0,0,24,11,0
482947,1,1,0,0,0,0,0,0,0,0,0,22
482947,2,1,0,0,0,0,0,0,0,0,0,0
482948,1,1,0,0,0,0,0,0,0,0,0,0
482949,1,1,6,0,0,0,14,24,0,0,0,0
482950,1,1,25,25,25,25,25,25,25,25,25,25
482950,2,1,7,0,0,0,0,0,0,0,0,0
482951,1,1,0,0,0,0,0,0,0,10,0,0
482952,1,1,16,13,0,42,23,14,0,0,3,0
482953,1,1,31,0,0,0,27,0,0,0,0,0
482953,2,1,0,0,0,0,0,6,8,0,0,0
482953,3,1,0,0,0,0,0,0,0,0,0,0
482954,1,1,0,0,0,0,0,39,0,0,0,0
482955,1,1,0,0,0,0,0,0,36,0,0,0
482955,2,1,0,0,0,7,0,0,0,0,0,0
482956,1,1,13,4,27,18,8,34,7,8,17,0
482957,1,1,5,5,5,5,5,5,5,5,5,5
482957,2,1,0,0,0,0,0,0,0,0,0,0
482958,0,1,1,1,1,1,1,1,1,1,1,1
482958,1,1,5,0,0,0,0,0,0,0,13,0
482959,1,1,0,0,0,0,0,10,8,0,0,0
482959,2,1,12,12,12,12,12,12,12,12,12,12
482960,1,1,20,20,20,20,20,20,20,20,20,20
482961,1,1,0,16,0,21,0,0,0,0,0,0
482961,2,1,0,0,0,0,0,0,0,0,0,0
482962,1,1,16,16,16,16,16,16,16,16,16,16
482963,1,1,0,0,0,0,0,0,27,0,0,0
482963,2,1,0,28,0,0,0,0,0,0,0,0
482964,0,1,0,0,19,0,0,16,19,0,0,36
482964,1,1,12,12,15,0,0,27,5,0,0,0
482965,1,1,0,0,0,22,0,0,0,0,0,0
482965,2,1,15,0,0,0,29,0,0,0,0,0
482966,1,1,15,15,15,15,15,15,15,15,15,15
482967,1,1,0,0,0,0,0,26,44,0,26,24
482968,1,1,0,14,14,0,0,0,18,0,0,12
482969,1,1,0,0,0,0,0,0,0,0,0,0
482970,1,1,20,0,17,16,0,30,15,5,0,0
482971,1,1,13,13,13,13,13,13,13,13,13,13
482972,1,1,0,0,0,0,0,0,0,0,0,0
482972,2,1,0,0,0,0,11,0,17,0,0,0
482972,3,1,0,12,0,0,0,0,12,0,0,0
482972,4,1,0,23,18,0,0,20,0,0,14,0
482973,1,1,0,0,0,0,0,0,6,15,0,0
482974,0,1,0,0,0,0,0,0,7,0,0,0
482974,1,1,0,0,0,0,0,0,0,0,0,0
482975,1,1,0,0,0,0,0,13,0,0,0,0
482975,2,1,0,0,11,0,0,0,0,0,0,0
482976,0,1,22,22,22,22,22,22,22,22,22,22
482976,1,1,0,0,0,0,0,0,11,0,0,0
482977,1,1,0,0,0,0,10,0,0,0,0,0
482977,2,1,0,0,0,0,0,0,0,0,0,0
482978,1,1,0,0,17,0,10,0,0,15,0,0
482978,2,1,25,25,25,25,25,25,25,25,25,25
482979,1,1,9,0,16,30,0,13,8,0,0,0
482980,1,1,13,26,0,12,0,0,20,9,13,0
482981,0,1,0,0,0,0,0,0,0,0,0,0
482981,1,1,25,25,25,25,25,25,25,25,25,25
482981,2,1,0,0,0,0,0,0,0,0,2,0
482981,3,1,0,16,0,0,20,8,0,12,0,14
482982,1,1,0,0,0,0,0,0,0,0,0,0
482982,2,1,3,12,0,0,0,0,0,0,24,13
482983,1,1,0,4,4,14,0,0,18,0,17,0
482984,1,1,0,0,0,0,0,0,0,0,0,0
482984,2,1,0,7,0,23,9,0,0,8,0,0
482985,0,1,0,0,0,0,0,0,0,0,0,0
482985,1,1,0,0,0,0,0,0,0,0,0,0
482986,1,1,0,0,0,0,0,0,0,0,0,0
482986,2,1,21,0,16,0,0,0,0,12,0,0
482987,1,1,5,0,18,0,0,16,0,0,0,12
482988,0,1,0,0,24,0,0,0,0,0,0,25
482988,1,1,0,0,0,4,15,0,0,16,0,0
482989,0,1,0,0,0,0,0,0,0,0,0,0
482989,1,1,0,0,0,0,0,0,0,0,0,0
482990,1,1,0,0,0,0,0,0,0,0,0,0
482991,1,1,28,28,28,28,28,28,28,28,28,28
482992,1,1,10,10,10,10,10,10,10,10,10,10
482992,2,1,0,0,0,0,0,0,0,0,17,11
482993,1,1,17,17,17,17,17,17,17,17,17,17
482994,0,1,0,0,0,0,0,0,0,0,0,0
482994,1,1,0,13,0,0,3,33,0,0,0,0
482995,0,1,0,0,0,0,0,0,11,0,0,0
482995,1,1,0,0,0,0,0,0,0,0,0,0
482996,1,1,0,0,0,0,0,0,0,0,0,0
482997,1,1,20,20,20,20,20,20,20,20,20,20
482997,2,1,0,0,0,0,0,0,0,0,0,13
482998,1,1,9,0,14,20,12,30,19,33,9,0
482999,1,1,14,14,14,14,14,14,14,14,14,14
483000,1,1,0,0,26,28,0,10,10,0,10,18
483001,1,1,0,0,0,0,0,0,0,0,9,11
483001,2,1,0,0,0,18,0,0,0,0,0,0
483002,0,1,0,0,15,11,0,23,13,27,22,6
483002,1,1,0,20,0,10,16,19,10,0,10,27
483003,1,1,0,0,0,0,0,3,0,0,0,0
483003,2,1,0,0,0,0,12,0,13,0,0,0
483003,3,1,0,0,0,10,0,0,0,0,0,0
483004,1,1,0,0,0,0,0,0,0,0,0,0
483004,2,1,0,0,0,0,0,0,0,0,0,0
483005,1,1,0,0,0,0,0,0,0,0,0,0
483005,2,1,0,0,0,0,0,0,0,0,0,0
483006,0,1,0,0,0,0,0,0,0,16,0,0
483006,1,1,0,0,0,0,0,0,0,3,0,0
483007,1,1,15,0,0,21,21,0,0,0,19,22
483008,1,1,15,15,15,15,15,15,15,15,15,15
483008,2,1,0,0,0,0,0,0,0,0,0,0
483009,1,1,21,14,3,17,9,0,23,19,28,31
483010,1,1,0,0,0,0,0,0,0,8,0,0
483010,2,1,0,0,0,0,0,0,0,0,0,0
483010,3,1,0,0,13,0,0,0,0,13,11,0
483011,1,1,0,0,0,0,0,27,0,0,30,0
483011,2,1,0,0,0,4,0,0,0,0,0,0
483012,1,1,0,0,0,0,0,0,0,0,0,0
483012,2,1,0,0,0,0,0,0,23,26,0,0
483013,1,1,0,6,12,27,9,10,20,18,10,13
483013,2,1,0,0,0,0,0,23,16,22,21,0
483014,0,1,0,0,0,0,0,0,0,0,0,0
483014,1,1,0,0,0,0,0,0,0,0,0,0
483015,1,1,23,0,0,15,17,21,0,0,0,0
483015,2,1,0,0,12,0,0,0,0,0,44,0
483016,1,1,18,18,18,18,18,18,18,18,18,18
483016,2,1,0,0,2,0,0,0,0,0,0,0
483017,1,1,0,0,0,0,0,0,0,0,0,0
483017,2,1,0,0,0,0,0,0,13,0,0,0
483018,1,1,0,0,0,0,0,0,0,0,0,0
483019,1,1,0,0,0,0,0,0,0,0,0,0
483019,2,1,0,17,18,0,0,0,10,0,0,0
483020,0,1,25,25,25,25,25,25,25,25,25,25
483020,1,1,14,0,0,0,0,0,0,10,0,0
483021,1,1,0,0,21,0,0,0,0,0,0,0
483023,1,1,0,0,0,0,0,0,0,0,0,0
483024,1,1,12,0,0,5,8,0,0,0,0,0
483025,0,1,1,1,1,1,1,1,1,1,1,1
483025,1,1,0,0,0,0,0,0,0,0,0,0
483026,1,1,15,15,15,15,15,15,15,15,15,15
483026,2,1,13,13,13,13,13,13,13,13,13,13
483027,1,1,15,15,15,15,15,15,15,15,15,15
483027,2,1,20,0,0,0,0,0,20,13,0,0
483028,0,1,0,0,0,0,0,0,0,0,0,0
483028,1,1,0,0,0,0,0,0,0,15,0,0
483029,1,1,0,18,16,0,0,0,0,0,0,0
483030,0,1,46,12,0,30,0,27,0,0,0,4
483030,1,1,0,0,0,0,0,0,8,10,0,0
483031,1,1,0,0,0,20,0,0,0,0,0,0
483031,2,1,10,0,0,0,0,0,0,0,0,0
483032,0,1,14,16,32,0,0,0,0,0,0,7
483032,1,1,0,0,11,16,13,0,0,0,0,0
483033,0,1,35,0,0,3,10,0,20,40,23,0
483033,1,1,19,0,0,0,0,0,20,0,0,0
483034,0,1,0,0,0,14,0,0,0,18,0,0
483034,1,1,0,0,0,18,0,0,17,0,0,0
483035,1,1,0,0,0,0,0,0,0,0,0,0
483036,1,1,14,14,14,14,14,14,14,14,14,14
483037,1,1,14,12,13,10,20,9,30,26,10,6
483037,2,1,0,0,0,0,0,0,0,0,0,0
483038,1,1,19,0,0,14,0,23,0,0,17,0
483038,2,1,16,15,15,0,0,0,0,0,7,7
483038,3,1,4,0,0,0,11,0,0,0,11,0
483039,1,1,0,0,0,0,0,0,0,0,0,0
483039,2,1,16,0,0,0,0,0,0,0,0,0
483040,1,1,0,0,0,0,24,0,0,0,0,0
483040,2,1,0,0,0,0,0,0,0,0,0,0
483041,0,1,0,0,0,0,0,0,0,0,0,0
483041,1,1,13,16,0,28,21,14,0,0,21,0
483042,1,1,0,0,26,0,25,0,17,0,0,11
483043,0,1,13,15,0,0,0,22,0,0,15,0
483043,1,1,0,11,12,31,19,8,0,0,0,0
483044,0,1,0,0,0,0,0,0,0,0,0,0
483044,1,1,0,0,0,14,0,0,21,0,0,15
483045,0,1,0,0,0,0,0,6,0,0,0,0
483045,1,1,0,0,0,0,0,0,0,7,0,0
483046,1,1,0,0,3,0,0,0,0,8,0,5
483046,2,1,0,0,0,0,0,0,0,0,0,0
483047,1,1,17,0,0,0,0,0,0,0,0,0
483047,2,1,0,0,0,0,0,0,0,0,0,0
483048,0,1,24,0,0,0,0,13,55,0,17,0
483048,1,1,0,0,0,0,0,0,0,0,0,0
483049,0,1,0,0,0,0,0,20,16,0,0,0
483049,1,1,0,20,0,19,7,32,0,14,0,0
483050,1,1,0,0,25,0,0,24,0,0,19,19
483051,1,1,0,0,0,0,0,0,0,0,24,0
483051,2,1,16,0,0,0,0,0,0,0,0,0
483052,1,1,0,0,0,0,0,0,0,0,0,0
483052,2,1,0,0,0,0,0,0,0,0,0,0
483053,1,1,0,0,0,0,0,0,0,0,0,0
483053,2,1,0,0,0,0,0,17,0,0,21,0
483054,1,1,0,0,18,18,0,8,0,0,16,13
483055,1,1,25,25,25,25,25,25,25,25,25,25
483057,1,1,0,14,0,0,0,0,0,0,23,0
483057,2,1,0,6,33,24,0,16,30,22,0,28
483058,0,1,0,0,0,0,0,0,0,21,15,0
483058,1,1,0,0,0,0,7,0,17,0,0,27
483060,0,1,0,0,37,14,0,0,0,0,22,0
483060,1,1,18,17,15,24,24,25,20,12,30,0
483061,1,1,0,0,0,0,0,13,0,0,0,14
483062,2,1,5,19,13,0,0,0,0,0,0,0
483062,3,1,10,0,0,0,0,0,0,0,0,0
483062,4,1,8,0,0,0,0,0,0,0,0,14
483063,1,1,0,0,0,0,0,0,0,0,0,0
483063,2,1,0,0,0,0,0,0,0,0,0,0
483064,1,1,20,20,20,20,20,20,20,20,20,20
483065,1,1,24,0,32,0,0,37,0,0,18,0
483066,1,1,8,8,8,8,8,8,8,8,8,8
483067,0,1,0,16,0,18,37,0,0,25,0,0
483067,1,1,0,0,13,0,0,19,11,0,0,0
483068,1,1,24,24,24,24,24,24,24,24,24,24
483068,2,1,0,0,0,0,0,0,22,0,0,0
483069,1,1,0,0,0,17,0,0,0,0,6,0
483069,2,1,0,0,12,27,0,0,0,0,0,3
483070,0,1,2,0,0,0,14,0,19,12,20,0
483070,1,1,0,7,11,14,1,3,0,16,11,0
483071,0,1,12,0,7,29,0,9,14,9,17,0
483071,1,1,19,0,0,0,0,0,24,0,0,0
483072,0,1,0,0,0,0,0,0,0,0,0,0
483072,1,1,0,0,0,0,0,0,0,0,0,0
483073,1,1,23,0,10,27,0,34,0,29,0,13
483074,1,1,0,0,0,0,0,0,0,0,0,0
483074,2,1,0,0,0,0,0,0,0,0,0,0
483075,1,1,13,13,13,13,13,13,13,13,13,13
483076,1,1,9,9,9,9,9,9,9,9,9,9
483077,1,1,0,0,0,0,0,0,0,0,0,0
483077,2,1,22,22,22,22,22,22,22,22,22,22
483078,1,1,0,0,0,16,28,0,8,0,0,0
483079,1,1,0,0,11,15,0,11,0,0,0,7
483079,2,1,9,0,0,0,0,0,34,11,0,0
483080,1,1,12,7,0,8,29,0,15,0,0,15
483081,1,1,14,14,14,14,14,14,14,14,14,14
483082,0,1,9,0,0,0,0,4,13,0,0,0
483082,1,1,0,0,0,0,0,0,0,0,0,0
483083,1,1,15,15,15,15,15,15,15,15,15,15
483084,1,1,27,27,27,27,27,27,27,27,27,27
483084,2,1,0,0,0,0,0,0,14,0,0,0
483085,1,1,0,0,0,0,0,0,0,0,0,0
483085,2,1,0,0,0,28,0,0,0,0,0,0
483086,1,1,0,0,0,0,0,0,0,0,0,0
483086,2,1,0,0,0,0,0,0,0,0,0,0
483087,0,1,0,0,0,0,0,23,13,0,0,0
483087,1,1,0,0,22,20,0,0,0,0,32,0
483088,1,1,0,0,0,0,0,0,0,0,0,0
483089,1,1,0,0,0,17,0,0,18,0,23,0
483090,1,1,0,0,0,0,0,0,0,0,0,0
483090,2,1,0,0,13,0,5,13,0,0,0,0
483090,3,1,0,0,0,0,0,0,0,0,0,0
483091,1,1,3,3,3,3,3,3,3,3,3,3
483092,1,1,26,26,26,26,26,26,26,26,26,26
483093,1,1,0,0,0,0,0,0,0,0,0,0
483093,2,1,0,0,0,0,0,0,14,0,0,0
483094,1,1,0,0,0,9,0,9,0,0,0,0
483095,1,1,0,0,0,0,0,0,0,0,0,0
483096,1,1,0,0,0,0,0,0,0,0,0,0
483096,2,1,0,0,0,21,0,0,7,0,0,0
483097,1,1,7,0,0,0,0,0,0,0,0,0
483097,2,1,0,0,0,0,0,0,0,0,0,0
483098,1,1,0,0,24,0,0,9,0,0,0,0
483098,2,1,15,15,15,15,15,15,15,15,15,15
483099,0,1,18,19,0,22,43,17,24,26,5,18
483099,1,1,15,17,8,9,10,29,0,0,15,0
483100,0,1,4,0,0,9,11,0,36,15,0,0
483100,1,1,0,0,0,0,32,0,0,18,0,23
483101,1,1,0,0,0,15,0,0,0,0,0,0
483101,2,1,0,0,0,0,0,0,0,0,0,0
483101,3,1,0,0,0,0,0,0,0,0,0,0
483102,0,1,0,0,0,0,0,0,0,0,0,0
483102,1,1,0,0,23,0,16,14,0,19,15,15
483103,1,1,39,0,0,0,0,0,31,0,0,16
483103,2,1,0,0,0,0,0,8,0,0,0,0
483103,3,1,0,0,0,0,0,0,0,0,0,0
483104,1,1,15,15,15,15,15,15,15,15,15,15
483105,1,1,18,13,29,18,0,13,12,10,12,0
483106,1,1,0,0,0,0,0,0,0,0,0,0
483107,0,1,0,0,0,0,0,0,0,0,0,0
483107,1,1,0,0,0,9,0,0,0,0,0,0
483108,1,1,0,0,7,0,7,0,15,23,0,15
483108,2,1,0,0,0,0,0,0,0,0,0,0
483108,3,1,0,0,0,0,0,20,0,0,0,0
483109,1,1,0,0,0,0,0,0,0,0,0,0
483110,1,1,0,0,0,8,3,0,0,0,0,0
483110,2,1,8,0,0,0,0,0,15,0,0,0
483110,3,1,0,0,0,0,0,0,0,0,0,0
483111,0,1,0,0,14,0,0,14,0,0,0,0
483111,0,2,0,26,0,0,0,0,0,0,47,0
483111,1,1,0,0,0,26,0,24,15,0,8,0
483111,2,1,17,0,0,0,13,0,0,0,0,0
483112,1,1,0,0,0,0,0,0,0,0,0,0
483113,1,1,36,19,0,4,0,0,0,0,17,16
483114,1,1,0,0,0,0,0,0,0,0,0,0
483114,2,1,0,0,0,0,0,0,0,0,0,0
483115,1,1,18,18,18,18,18,18,18,18,18,18
483116,1,1,24,24,24,24,24,24,24,24,24,24
483117,1,1,44,24,27,14,0,0,38,26,0,0
483118,1,1,21,0,8,13,18,25,8,14,10,0
483119,1,1,0,0,0,0,0,8,0,0,0,0
483120,1,1,0,0,0,13,0,8,22,25,0,0
483121,1,1,0,0,0,0,0,0,0,0,0,0
483121,2,1,0,0,0,0,0,0,0,0,0,0
483122,1,1,0,11,22,26,9,0,12,0,0,0
483123,0,1,24,16,0,25,32,0,25,0,0,0
483123,0,2,15,0,0,0,0,0,7,15,0,0
483123,0,3,0,0,0,16,27,0,0,15,0,14
483123,0,4,0,0,4,0,0,24,15,0,9,0
483123,1,1,20,20,20,20,20,20,20,20,20,20
483124,1,1,0,0,0,2,36,0,0,0,0,0
483124,2,1,0,0,21,0,0,0,0,0,0,0
483125,1,1,0,0,0,0,0,0,0,0,0,0
483125,2,1,25,25,25,25,25,25,25,25,25,25
483126,1,1,0,0,22,4,0,25,21,0,0,0
483127,0,1,26,12,3,7,0,0,29,0,0,0
483127,1,1,0,16,0,0,0,0,0,0,0,0
483128,1,1,0,0,0,0,0,0,0,0,0,0
483129,1,1,13,21,0,0,34,21,26,10,0,10
483130,1,1,0,0,0,0,0,0,0,0,0,0
483130,2,1,0,0,0,0,0,0,0,0,0,0
483131,1,1,7,30,0,28,0,11,14,16,0,3
483131,2,1,0,38,0,0,0,13,0,0,0,0
483132,1,1,28,28,28,28,28,28,28,28,28,28
483132,2,1,0,20,0,0,24,28,37,17,0,0
483132,3,1,13,0,14,0,18,0,0,0,0,0
483132,4,1,0,0,0,0,0,10,0,22,0,9
483133,1,1,0,0,13,0,0,0,0,0,23,14
483133,2,1,18,0,31,0,14,0,9,0,0,0
483134,1,1,0,0,0,0,0,0,46,0,11,0
483135,0,1,15,0,0,0,0,20,20,22,0,17
483135,1,1,11,13,7,27,0,16,8,21,10,19
483136,1,1,0,0,0,0,0,0,0,0,0,0
483136,2,1,0,0,0,0,0,0,0,0,0,0
483137,1,1,0,0,0,0,0,0,0,0,0,0
483137,2,1,0,0,0,0,0,0,0,0,0,0
483138,0,1,0,0,0,0,0,0,0,0,0,0
483138,1,1,0,0,0,0,0,0,0,0,0,0
483139,1,1,0,0,0,0,13,0,0,0,0,0
483140,1,1,0,0,0,7,28,0,0,0,17,0
483141,0,1,0,0,34,0,10,31,0,0,0,18
483141,1,1,0,0,14,0,0,0,0,0,0,16
483142,1,1,19,19,19,19,19,19,19,19,19,19
483143,1,1,0,0,0,0,0,8,0,0,9,39
483144,1,1,21,21,21,21,21,21,21,21,21,21
483144,2,1,0,0,0,0,7,0,8,0,0,0