ST_CASE,VEH_NO,PER_NO,P1,P2,P3,P4,P5,P6,P7,P8,P9,P10
483431,1,1,13,13,13,13,13,13,13,13,13,13
483431,2,1,0,0,0,0,0,0,0,45,0,0
483432,1,1,0,0,0,0,0,0,0,0,0,0
483433,0,1,10,0,0,0,9,3,0,30,0,31
483433,1,1,0,0,11,11,9,0,0,0,0,0
483434,1,1,0,0,0,0,0,0,0,0,0,0
483434,2,1,0,0,0,0,0,0,0,0,0,0
483435,1,1,0,9,0,7,0,17,10,0,0,21
483436,1,1,0,7,0,0,0,0,0,0,0,0
483436,2,1,0,0,0,0,0,0,0,0,0,25
483437,1,1,0,0,0,0,0,11,15,0,24,0
483437,2,1,0,0,0,0,0,0,0,0,0,0
483438,1,1,0,0,0,0,0,0,0,0,0,0
483438,2,1,0,0,0,0,0,0,0,0,0,0
483438,3,1,0,0,0,0,0,0,0,0,0,0
483438,4,1,0,0,0,0,0,0,0,0,0,0
483439,1,1,0,0,0,0,0,0,0,0,0,0
483439,2,1,0,0,0,0,0,0,0,0,0,0
483440,1,1,0,0,0,0,0,0,0,0,0,0
483441,1,1,0,0,0,0,0,0,0,0,0,0
483442,1,1,14,6,9,15,19,3,26,0,0,17
483442,2,1,0,0,0,0,0,0,0,0,0,0
483442,3,1,0,0,0,0,0,6,0,0,17,0
483443,1,1,0,0,0,0,5,0,0,0,0,0
483444,1,1,0,0,31,13,0,13,0,0,11,0
483444,2,1,0,0,0,0,0,0,0,0,0,0
483445,1,1,0,0,0,0,0,0,0,0,0,0
483445,2,1,17,5,0,0,0,13,0,0,0,0
483446,1,1,0,22,9,0,0,10,0,0,0,0
483446,2,1,14,0,0,30,0,0,0,10,0,0
483447,1,1,24,0,23,11,8,30,26,31,16,11
483447,2,1,16,0,0,0,0,6,8,0,2,0
483449,1,1,23,23,23,23,23,23,23,23,23,23
483450,1,1,0,33,9,0,0,20,6,0,27,15
483451,1,1,14,14,14,14,14,14,14,14,14,14
483452,1,1,8,8,8,8,8,8,8,8,8,8
483453,1,1,12,12,12,12,12,12,12,12,12,12
483454,1,1,0,10,6,0,0,0,0,0,0,0
483454,2,1,23,23,23,23,23,23,23,23,23,23
483454,3,1,0,0,0,0,0,0,0,0,0,0
483455,1,1,17,0,0,0,0,0,0,19,0,0
483455,2,1,0,0,0,0,0,0,0,0,0,0
483456,1,1,0,0,0,0,0,0,0,0,0,0
483457,0,1,20,20,20,20,20,20,20,20,20,20
483457,1,1,11,11,0,17,16,8,0,0,3,0
483458,0,1,0,0,0,0,26,0,0,19,19,25
483458,1,1,26,26,26,26,26,26,26,26,26,26
483459,0,1,16,16,16,16,16,16,16,16,16,16
483459,1,1,17,10,11,0,12,17,24,0,33,11
483460,1,1,0,0,0,0,0,0,0,0,0,0
483460,2,1,0,0,0,0,0,0,0,0,0,0
483460,3,1,0,0,0,0,0,0,10,0,0,0
483460,4,1,11,0,0,0,0,0,0,0,0,0
483460,5,1,0,0,0,0,0,0,0,0,0,0
483461,1,1,23,0,0,0,0,0,23,0,0,0
483461,2,1,0,0,0,0,0,0,0,0,0,0
483462,0,1,0,28,0,0,0,12,43,12,18,0
483462,1,1,10,0,33,0,7,31,0,8,0,0
483463,0,1,0,0,13,30,0,49,0,0,29,17
483463,1,1,0,0,0,0,0,0,16,0,0,0
483464,0,1,0,22,0,0,39,0,38,11,16,0
483464,1,1,0,0,15,0,0,0,18,0,0,8
483464,2,1,0,0,0,10,0,0,0,0,0,0
483464,3,1,0,6,6,14,0,0,0,8,0,0
483465,0,1,0,0,0,0,0,0,0,0,0,0
483465,1,1,0,0,0,0,0,0,0,26,0,0
483466,0,1,0,20,0,0,0,0,0,0,0,0
483466,1,1,13,13,12,30,20,8,0,14,6,11
483467,0,1,0,0,0,0,0,0,0,0,0,0
483467,1,1,0,17,0,0,16,0,0,0,0,11
483468,0,1,0,0,12,0,0,16,0,0,0,0
483468,1,1,0,0,0,0,0,27,0,0,0,0
483469,1,1,23,23,23,23,23,23,23,23,23,23
483470,1,1,13,13,13,13,13,13,13,13,13,13
483471,1,1,30,30,30,30,30,30,30,30,30,30
483472,1,1,0,0,24,0,0,0,3,0,14,0
483473,1,1,11,19,33,34,18,30,6,23,0,45
483474,1,1,0,0,20,16,18,0,0,4,0,28
483475,1,1,0,0,0,0,11,0,0,0,0,0
483475,2,1,0,0,0,0,0,0,0,0,0,0
483475,3,1,0,4,0,0,4,0,0,0,0,0
483476,1,1,0,0,0,0,0,0,0,0,0,0
483477,1,1,0,0,0,0,0,0,0,0,0,0
483477,2,1,0,0,0,0,0,0,15,0,0,0
483478,1,1,0,0,30,0,0,0,0,0,0,16
483479,1,1,0,0,0,0,0,0,0,0,0,0
483479,2,1,0,0,0,0,0,0,0,0,0,0
483480,1,1,27,9,4,26,31,6,14,32,19,19
483481,1,1,4,13,7,0,18,0,16,11,15,0
483482,1,1,22,22,22,22,22,22,22,22,22,22
483482,2,1,0,0,0,0,0,0,0,0,0,0
483483,1,1,0,32,0,0,0,0,0,0,0,0
483483,2,1,0,0,0,0,0,0,0,0,0,0
483483,3,1,0,0,0,0,0,0,0,0,0,0
483484,1,1,0,0,18,0,0,0,0,15,13,0
483485,1,1,0,0,0,0,0,0,0,0,0,0
483486,1,1,0,0,0,13,0,11,0,8,44,0
483486,2,1,19,0,0,0,0,0,0,0,0,0
483487,0,1,0,0,0,61,19,0,26,0,14,0
483487,1,1,0,0,0,13,0,0,0,0,0,0
483488,1,1,0,0,0,0,0,0,0,0,0,0
483489,1,1,21,21,21,21,21,21,21,21,21,21
483490,1,1,13,0,0,0,0,0,0,16,0,0
483491,1,1,13,13,13,13,13,13,13,13,13,13
483492,1,1,0,0,0,0,0,45,0,0,23,0
483493,0,1,19,21,23,12,30,18,0,13,22,0
483493,1,1,0,0,0,0,0,0,4,0,0,0
483495,1,1,20,18,18,38,0,0,12,0,0,0
483495,2,1,0,30,0,0,18,0,0,0,0,0
483496,1,1,13,13,13,13,13,13,13,13,13,13
483497,1,1,0,0,0,0,0,0,0,0,0,0
483498,1,1,14,14,14,14,14,14,14,14,14,14
483498,2,1,0,20,0,0,0,0,0,0,0,0
483498,3,1,0,0,0,0,0,0,0,0,0,0
483499,0,1,0,0,0,0,0,0,0,0,21,0
483499,0,2,0,0,0,0,0,0,13,7,15,0
483499,1,1,0,0,0,0,0,0,0,0,0,0
483499,2,1,0,0,22,0,0,0,0,0,0,0
483500,1,1,0,0,0,0,0,0,0,0,0,0
483501,1,1,0,0,0,0,0,0,0,0,0,0
483501,2,1,14,0,0,0,0,7,14,0,0,10
483502,1,1,0,0,0,0,0,0,0,0,0,0
483502,2,1,0,0,0,0,0,0,0,11,0,0
483502,3,1,0,0,0,0,0,0,0,16,0,0
483503,1,1,18,18,18,18,18,18,18,18,18,18
483504,1,1,25,4,0,0,0,18,0,6,7,0
483505,1,1,0,0,0,0,0,0,0,0,0,0
483505,2,1,0,0,0,0,17,0,0,0,0,0
483506,1,1,22,22,22,22,22,22,22,22,22,22
483507,1,1,0,0,0,0,0,0,0,0,0,28
483507,2,1,0,0,0,0,0,0,0,0,0,0
483508,0,1,0,15,23,0,26,0,0,0,19,0
483508,1,1,19,0,0,0,0,0,16,0,0,0
483509,1,1,0,0,0,0,0,0,0,0,0,0
483509,2,1,0,0,0,0,0,0,0,0,0,0
483510,1,1,7,13,16,11,13,18,22,7,21,21
483510,2,1,0,0,0,0,0,22,0,0,17,48
483511,1,1,26,26,26,26,26,26,26,26,26,26
483512,1,1,14,14,14,14,14,14,14,14,14,14
483513,1,1,0,0,0,0,0,0,0,0,0,0
483513,2,1,12,12,12,12,12,12,12,12,12,12
483514,0,1,0,44,31,0,0,26,0,0,34,0
483514,1,1,9,13,3,29,9,25,17,14,8,12
483515,1,1,22,22,22,22,22,22,22,22,22,22
483515,2,1,0,0,0,19,0,0,0,0,0,0
483516,1,1,17,21,29,7,13,4,16,21,23,36
483517,1,1,20,20,20,20,20,20,20,20,20,20
483518,1,1,5,0,0,0,0,0,0,0,0,0
483518,2,1,0,5,0,0,0,0,0,0,0,0
483519,1,1,13,0,11,0,10,21,0,0,0,7
483520,1,1,0,0,0,0,0,0,0,0,0,0
483520,2,1,0,0,0,0,0,0,0,0,0,0
483521,1,1,0,0,0,0,0,0,0,0,0,0
483521,2,1,0,0,0,0,0,0,0,0,0,0
483522,1,1,0,0,0,0,0,0,24,0,0,0
483522,2,1,24,0,0,0,31,0,0,0,0,0
483523,1,1,7,0,0,0,0,0,0,13,0,0
483523,2,1,0,0,0,0,0,0,0,0,0,0
483524,0,1,0,0,9,0,0,30,0,0,0,0
483524,0,2,0,0,0,0,0,0,0,0,0,0
483524,1,1,0,3,0,0,0,0,0,0,0,0
483524,3,1,0,0,0,0,0,0,0,0,0,0
483524,4,1,0,0,0,0,0,0,0,0,0,0
483525,1,1,0,12,0,18,0,12,14,0,18,0
483526,1,1,17,17,17,17,17,17,17,17,17,17
483526,2,1,10,0,0,0,0,19,0,0,0,0
483527,1,1,0,0,0,0,0,0,0,0,0,0
483527,2,1,0,17,0,0,0,0,0,0,0,0
483528,1,1,0,0,0,0,0,0,0,0,0,0
483528,2,1,0,0,0,0,0,0,0,0,0,0
483529,1,1,32,0,0,34,14,0,16,0,0,25
483530,1,1,0,0,0,0,0,19,0,0,0,0
483530,2,1,9,17,0,20,0,0,0,7,0,0
483531,1,1,0,0,0,12,18,16,15,8,0,0
483532,1,1,0,0,15,24,15,31,0,26,16,23
483533,1,1,17,0,30,0,25,0,23,0,0,15
483533,2,1,0,0,0,0,6,0,0,0,14,0
483534,1,1,12,0,15,0,0,3,0,0,0,0
483534,2,1,0,0,0,0,0,0,0,0,0,0
483535,1,1,18,18,0,6,6,15,49,22,0,0
483536,1,1,17,17,17,17,17,17,17,17,17,17
483537,0,1,0,0,0,0,0,0,0,0,0,0
483537,1,1,0,0,0,0,0,0,0,0,0,0
483537,2,1,0,0,0,0,0,0,0,0,0,6
483538,1,1,25,25,25,25,25,25,25,25,25,25
483538,2,1,13,0,0,16,0,0,0,0,0,0
483539,0,1,0,0,0,0,0,0,0,0,0,0
483539,1,1,0,0,0,13,0,0,0,0,0,0
483540,1,1,0,0,0,11,0,23,0,0,19,19
483541,1,1,0,0,0,24,0,0,0,0,0,0
483541,2,1,0,0,0,0,0,0,0,0,0,0
483542,0,1,0,10,0,0,0,0,34,0,0,0
483542,1,1,0,0,0,0,0,0,0,0,0,0
483543,1,1,0,16,0,0,0,31,0,3,0,0
483544,1,1,0,0,0,0,0,0,12,0,0,0
483545,1,1,3,3,3,3,3,3,3,3,3,3
483545,2,1,16,0,0,0,18,0,0,0,0,0
483546,1,1,0,20,18,0,22,11,15,0,0,0
483547,0,1,0,0,0,61,0,0,0,0,38,0
483547,1,1,15,15,15,15,15,15,15,15,15,15
483548,1,1,0,0,0,0,0,0,0,0,0,0
483548,2,1,15,0,0,0,0,5,7,0,0,0
483549,1,1,0,0,0,0,9,0,0,0,0,0
483549,2,1,0,0,0,0,0,0,0,0,0,0
483549,3,1,0,0,0,0,0,0,0,0,0,0
483549,4,1,20,5,0,0,0,0,0,0,0,0
483550,1,1,19,29,0,0,5,0,21,0,13,0
483550,2,1,0,0,0,0,0,0,0,0,0,0
483550,3,1,0,0,0,0,0,0,0,0,0,0
483551,1,1,0,0,0,0,0,0,0,0,0,0
483551,2,1,43,0,0,0,0,0,0,0,0,0
483551,3,1,0,0,0,0,0,0,0,0,0,0
483551,4,1,0,0,0,0,0,0,0,10,0,0
483552,1,1,0,0,0,0,6,0,0,0,0,0
483553,1,1,0,0,0,0,0,0,0,0,0,0
483554,1,1,0,0,0,0,0,0,0,0,0,0
483554,2,1,0,0,0,0,0,0,13,0,0,0
483556,1,1,0,0,0,0,0,0,0,0,0,0
483557,0,1,0,23,12,0,0,0,0,0,10,0
483557,1,1,0,22,0,4,24,0,0,0,12,20
483558,1,1,0,0,10,0,11,31,0,0,22,0
483558,2,1,0,0,0,0,7,0,0,0,16,0
483559,1,1,22,22,22,22,22,22,22,22,22,22
483560,1,1,0,0,19,0,0,0,0,0,14,0
483560,2,1,24,0,0,23,0,0,0,17,29,0
483561,0,1,0,13,0,0,0,0,34,28,25,0
483561,1,1,9,0,20,12,11,20,21,0,14,0
483562,1,1,0,0,19,0,9,29,0,24,28,0
483563,1,1,10,0,0,0,21,9,20,19,19,0
483564,1,1,0,0,0,0,0,0,0,0,0,0
483564,2,1,0,0,10,14,0,13,0,0,0,0
483565,1,1,0,0,0,0,0,0,0,0,0,0
483565,2,1,0,0,0,0,0,0,0,0,0,0
483567,1,1,0,0,0,0,0,0,0,0,0,0
483568,1,1,11,0,0,11,27,0,0,0,0,0
483568,2,1,0,0,0,0,0,0,0,0,0,0
483569,1,1,23,23,23,23,23,23,23,23,23,23
483570,1,1,0,13,11,13,11,0,0,0,25,23
483571,1,1,0,0,0,0,0,0,0,0,0,0
483572,1,1,0,0,0,0,0,0,0,0,0,0
483572,2,1,0,0,0,0,0,0,0,0,0,0
483573,1,1,13,14,36,10,10,0,0,23,12,19
483575,1,1,0,0,0,0,0,0,0,0,0,13
483575,2,1,0,0,0,0,0,0,0,0,49,0
483576,0,1,28,7,0,0,0,0,25,0,9,22
483576,1,1,17,17,17,17,17,17,17,17,17,17
483577,1,1,0,0,0,0,0,0,0,0,0,0
483577,2,1,0,0,0,0,0,0,0,0,0,0
483578,1,1,0,18,0,17,12,0,0,0,0,0
483579,1,1,8,0,32,0,10,0,0,0,0,12
483579,2,1,0,0,0,0,0,5,0,0,15,14
483579,3,1,16,12,0,26,0,0,19,0,11,0
483580,0,1,0,16,27,29,0,0,0,0,0,0
483580,1,1,0,0,15,0,17,12,0,0,21,0
483581,1,1,0,0,0,0,0,0,0,0,0,0
483581,2,1,0,0,0,0,0,0,0,0,0,0
483582,0,1,0,17,0,16,0,34,0,37,34,24
483582,1,1,0,0,0,0,0,0,0,0,9,10
483583,1,1,24,0,0,30,16,0,28,20,26,0
483584,1,1,0,0,0,0,0,0,0,0,0,0
483584,2,1,0,0,10,0,0,11,0,14,0,0
483584,3,1,0,0,0,0,0,0,0,0,0,0
483584,4,1,0,0,0,0,0,0,0,0,12,0
483585,0,1,0,0,0,0,0,0,0,0,0,0
483585,1,1,0,36,0,0,21,0,0,0,0,0
483586,1,1,0,0,0,0,0,0,0,0,0,0
483587,1,1,0,7,0,0,0,0,0,0,0,11
483587,2,1,0,0,0,0,0,0,0,0,0,0
483588,1,1,32,32,32,32,32,32,32,32,32,32
483589,1,1,0,15,0,0,0,0,0,0,0,0
483589,2,1,11,0,0,0,0,0,0,0,0,0
483590,0,1,0,12,0,20,0,0,0,0,0,0
483591,1,1,20,20,20,20,20,20,20,20,20,20
483591,2,1,0,0,0,0,0,0,0,0,0,0
483591,3,1,0,0,29,17,0,0,9,0,0,0
483592,0,1,0,0,0,21,0,0,0,16,28,18
483592,1,1,0,0,0,10,16,0,0,0,5,0
483593,1,1,0,20,0,0,0,24,0,18,0,5
483594,1,1,14,0,0,0,0,0,0,0,0,0
483594,2,1,0,0,0,0,0,0,0,0,0,0
483595,1,1,0,0,0,0,17,0,0,0,0,0
483595,2,1,0,0,0,0,0,0,0,0,0,25
483596,0,1,0,0,8,0,22,0,23,18,0,0
483596,1,1,0,8,0,0,26,0,0,0,14,0
483597,1,1,0,0,0,0,0,0,0,0,0,0
483597,2,1,7,8,0,0,0,11,0,0,0,0
483597,3,1,0,0,0,0,0,0,0,0,0,14
483597,4,1,0,0,0,0,0,0,0,0,0,0
483598,0,1,0,0,29,0,0,21,0,19,0,6
483598,1,1,0,0,0,0,10,15,0,0,11,0
483600,1,1,0,21,9,8,0,0,10,18,22,8
483601,1,1,0,0,12,0,0,0,0,0,0,0
483601,2,1,3,0,0,0,0,0,0,0,0,0
483602,1,1,0,18,0,0,19,0,0,4,0,13
483603,1,1,0,0,0,0,0,0,22,20,0,18
483603,2,1,0,0,0,0,0,7,0,0,0,0
483603,3,1,0,0,0,19,0,0,0,0,0,0
483604,1,1,19,19,19,19,19,19,19,19,19,19
483605,1,1,19,19,19,19,19,19,19,19,19,19
483605,2,1,0,0,0,0,0,0,0,0,0,0
483606,1,1,0,0,0,0,0,0,0,0,22,0
483606,2,1,0,0,0,0,0,0,0,0,0,0
483607,1,1,23,0,8,0,19,0,0,0,10,22
483608,1,1,12,8,30,8,20,10,8,13,7,17
483609,1,1,21,23,14,20,22,17,14,20,37,21
483610,0,1,0,0,37,0,0,0,0,0,20,0
483610,1,1,0,0,0,0,0,0,0,0,0,0
483611,0,1,0,0,0,0,20,0,0,28,29,0
483611,1,1,0,0,0,0,0,0,0,0,0,0
483612,1,1,16,16,16,16,16,16,16,16,16,16
483614,1,1,0,15,0,0,0,20,3,0,0,0
483615,1,1,0,0,0,0,11,21,15,0,0,0
483616,1,1,16,16,16,16,16,16,16,16,16,16
483617,0,1,0,0,0,0,0,0,0,0,0,0
483617,1,1,4,21,0,32,9,33,18,12,10,5
483618,1,1,0,0,0,0,0,0,27,21,0,0
483619,1,1,19,0,0,13,0,0,11,0,0,23
483620,1,1,0,0,18,0,31,0,0,0,0,0
483621,1,1,0,18,0,0,14,13,0,12,0,13
483622,1,1,32,0,0,0,0,0,0,0,0,0
483623,1,1,12,10,9,0,0,15,20,0,0,0
483624,1,1,0,0,0,0,0,19,0,24,0,0
483624,2,1,0,0,0,0,11,0,0,0,0,0
490001,1,1,9,9,9,9,9,9,9,9,9,9
490001,2,1,0,0,0,0,0,0,0,0,0,0
490002,1,1,0,0,0,0,0,0,0,0,0,0
490002,2,1,0,0,0,0,0,0,0,11,0,0
490003,1,1,0,0,0,0,0,0,0,0,0,0
490003,2,1,0,0,0,0,0,0,0,0,0,0
490003,3,1,0,0,0,0,0,6,7,0,0,0
490003,4,1,0,0,0,0,0,0,0,0,0,0
490004,0,1,0,0,0,0,0,0,0,0,0,0
490004,1,1,0,0,0,0,0,0,0,0,0,0
490006,1,1,15,15,15,15,15,15,15,15,15,15
490007,0,1,0,0,15,0,29,0,0,0,0,0
490007,1,1,0,0,0,0,0,0,0,0,0,0
490008,1,1,0,0,0,5,0,0,0,0,0,0
490008,2,1,0,0,0,0,0,0,0,0,0,0
490010,1,1,0,0,0,0,0,0,0,0,0,0
490010,2,1,0,0,0,0,0,0,0,0,0,0
490011,0,1,0,0,0,0,0,0,0,0,0,0
490011,1,1,0,0,0,0,0,0,0,0,0,0
490012,1,1,0,0,0,0,0,0,0,0,0,0
490012,2,1,0,0,0,18,0,0,0,0,0,0
490013,1,1,5,5,5,5,5,5,5,5,5,5
490013,2,1,0,0,0,0,0,0,0,0,29,0
490014,1,1,0,6,21,22,0,22,0,0,0,0
490015,0,1,22,22,22,22,22,22,22,22,22,22
490015,1,1,0,0,0,0,0,0,0,0,0,0
490016,1,1,0,0,0,0,0,0,0,0,0,0
490016,2,1,0,0,0,0,0,0,0,0,0,0
490017,1,1,12,0,19,0,0,0,19,0,0,0
490018,1,1,0,0,0,0,0,0,0,0,0,0
490018,2,1,0,0,0,0,0,0,0,0,0,0
490018,3,1,0,20,0,0,0,0,0,0,0,0
490019,1,1,0,0,0,0,0,0,0,0,0,0
490021,1,1,0,0,0,0,0,0,0,0,0,0
490021,2,1,0,0,0,0,0,0,0,0,0,0
490022,1,1,0,0,0,0,0,0,0,0,0,0
490023,1,1,0,0,0,0,0,0,0,0,0,0
490024,1,1,15,15,15,15,15,15,15,15,15,15
490025,0,1,0,0,0,0,0,0,0,0,0,0
490025,1,1,0,0,0,0,0,0,0,0,0,0
490026,1,1,0,0,0,0,0,0,0,0,0,0
490026,2,1,0,0,0,0,0,0,0,0,0,0
490027,1,1,0,0,0,0,0,0,0,0,0,0
490028,1,1,10,10,10,10,10,10,10,10,10,10
490028,2,1,0,0,0,0,0,0,0,0,0,0
490029,1,1,0,0,0,0,0,0,0,0,0,0
490029,2,1,0,0,0,0,0,15,0,0,0,0
490030,1,1,0,0,0,0,0,0,0,0,0,0
490031,1,1,0,0,0,0,0,0,0,0,0,0
490031,2,1,0,0,0,0,0,0,0,0,0,0
490032,1,1,22,22,22,22,22,22,22,22,22,22
490033,1,1,0,0,0,0,0,0,0,0,0,0
490033,2,1,0,0,0,0,0,0,0,0,0,0
490034,1,1,0,0,0,0,0,0,0,0,0,0
490034,2,1,10,0,0,6,0,0,10,0,0,0
490035,1,1,5,5,5,5,5,5,5,5,5,5
490035,2,1,0,0,0,0,0,0,0,0,0,0
490036,0,1,0,0,0,0,0,0,0,0,0,0
490036,1,1,19,16,14,0,13,0,0,15,10,0
490037,1,2,0,0,0,0,0,0,0,0,0,0
490037,2,1,0,0,0,0,0,0,0,0,0,0
490038,1,1,0,0,0,35,0,0,0,0,0,0
490041,1,1,0,0,0,0,0,0,0,0,0,0
490042,1,1,0,0,0,0,0,0,0,0,0,0
490042,2,1,0,0,0,0,0,0,0,0,0,0
490043,1,1,0,0,0,0,0,0,0,0,0,0
490043,2,1,0,0,0,0,0,0,0,0,0,0
490044,1,1,0,18,0,0,0,0,0,0,0,23
490045,1,1,0,0,0,0,0,0,0,0,0,0
490045,2,1,0,0,0,0,0,0,0,0,0,0
490046,1,1,0,0,0,0,0,0,0,0,0,0
490047,0,1,4,4,4,4,4,4,4,4,4,4
490047,1,1,0,0,0,0,0,0,0,0,0,0
490048,1,1,29,29,29,29,29,29,29,29,29,29
490048,2,1,0,0,0,0,0,0,0,0,0,0
490050,1,1,0,0,0,0,0,0,0,0,0,0
490050,2,1,0,0,0,0,0,0,0,0,0,0
490051,1,1,0,0,0,0,0,0,0,0,0,0
490051,2,1,0,0,0,0,0,0,0,0,0,0
490052,1,1,0,0,0,0,0,0,0,0,0,0
490052,2,1,0,0,0,0,0,0,0,0,0,0
490052,3,1,0,0,32,0,0,0,0,0,0,0
490053,1,1,0,0,0,0,0,0,0,0,0,0
490055,1,1,0,0,0,0,0,0,0,0,0,0
490055,2,1,0,0,0,0,0,0,0,0,0,0
490056,1,1,8,8,8,8,8,8,8,8,8,8
490057,1,1,0,0,0,0,0,0,0,0,0,0
490057,2,1,0,0,0,0,0,0,0,0,0,0
490057,3,1,0,0,0,0,18,32,0,0,0,0
490058,1,1,0,0,0,0,0,0,0,0,0,0
490061,1,1,0,0,0,0,0,0,0,0,0,0
490063,1,1,0,0,0,0,0,0,0,0,0,0
490064,1,1,0,0,0,19,0,20,0,0,22,10
490065,1,1,0,0,0,0,0,0,0,0,0,0
490065,2,1,0,0,0,0,0,0,0,0,0,0
490066,0,1,0,0,0,0,0,0,0,0,0,0
490066,1,1,0,0,0,0,0,0,0,0,0,0
490067,1,1,11,11,11,11,11,11,11,11,11,11
490068,0,1,11,0,0,56,9,0,25,32,0,0
490068,1,1,0,0,0,23,0,45,12,9,9,0
490069,0,1,0,0,0,0,0,0,0,0,0,0
490069,1,1,0,0,0,0,0,0,0,0,0,0
490070,1,1,0,0,0,0,0,0,0,0,0,0
490070,2,1,0,0,0,0,0,0,0,0,0,0
490071,1,1,0,0,0,0,0,0,0,0,0,0
490071,2,1,0,0,0,0,0,0,0,0,0,0
490071,3,1,0,0,0,0,0,0,0,0,0,0
490071,4,1,0,0,0,0,0,0,0,0,0,0
490071,5,1,0,0,0,0,0,0,0,0,0,0
490072,1,1,0,0,0,0,0,0,0,0,0,0
490072,2,1,0,0,0,0,0,0,0,0,0,0
490072,3,1,0,0,0,0,0,0,0,0,0,0
490073,1,1,0,0,0,0,0,0,0,0,0,0
490073,2,1,0,0,0,0,0,0,0,0,0,0
490074,1,1,0,0,0,0,0,0,0,0,0,0
490074,2,1,0,0,0,0,0,0,0,0,0,0
490075,1,1,20,20,20,20,20,20,20,20,20,20
490075,2,1,0,0,0,0,0,0,0,0,0,0
490076,1,1,0,0,0,0,0,0,0,0,0,0
490077,1,1,11,11,11,11,11,11,11,11,11,11
490077,2,1,0,0,0,0,0,0,0,0,0,0
490077,3,1,0,19,20,0,28,0,0,0,0,0
490078,0,1,0,0,0,0,0,0,0,0,0,0
490078,1,1,0,0,0,0,0,0,0,0,0,0
490079,1,1,0,0,0,0,0,0,0,0,0,0
490079,2,1,0,0,0,0,0,0,0,0,0,0
490079,3,1,0,0,0,0,0,0,0,0,0,0
490080,1,1,20,20,20,20,20,20,20,20,20,20
490080,2,1,0,0,0,0,0,0,0,0,0,0
490084,1,1,0,14,0,0,6,31,0,10,5,0
490085,0,1,0,0,0,0,0,0,0,0,0,0
490085,1,1,0,0,0,0,0,0,0,0,0,0
490087,1,1,0,0,0,0,0,0,0,0,0,0
490088,1,1,6,0,24,13,0,24,18,8,2,0
490089,1,1,0,0,0,0,0,0,0,0,0,0
490090,1,1,0,0,0,0,0,0,0,0,0,0
490090,2,1,0,0,0,0,0,0,0,0,0,0
490092,1,1,0,0,0,0,0,0,0,0,0,0
490092,2,1,0,0,0,0,0,0,0,0,0,0
490093,1,1,25,25,25,25,25,25,25,25,25,25
490094,1,1,0,0,28,0,24,0,0,0,21,0
490094,2,1,0,0,0,0,0,0,0,4,0,0
490094,3,1,0,0,0,0,0,0,0,0,0,0
490095,1,1,0,0,0,0,0,21,0,0,29,21
490096,1,1,5,5,5,5,5,5,5,5,5,5
490097,1,1,0,0,0,0,0,0,0,0,0,0
490097,2,1,0,0,0,0,0,0,0,0,26,28
490098,1,1,0,0,0,0,0,0,0,0,0,0
490099,1,1,2,2,2,2,2,2,2,2,2,2
490100,1,1,0,0,0,0,0,0,0,0,0,0
490100,2,1,0,0,0,0,0,0,0,0,0,0
490101,1,1,0,0,0,0,0,29,12,0,0,13
490101,2,1,9,0,0,0,0,0,6,0,0,9
490102,1,1,0,23,0,13,17,0,0,0,51,23
490102,2,1,0,0,0,0,0,0,0,0,33,0
490103,1,1,0,0,0,0,0,0,0,0,0,0
490103,2,1,0,0,0,0,0,0,0,0,0,0
490104,1,1,0,0,0,0,0,0,0,0,0,0
490105,1,1,0,0,0,0,0,0,0,0,0,0
490105,2,1,0,0,0,0,0,0,0,0,0,0
490105,3,1,0,0,0,0,0,0,0,0,0,0
490106,1,1,0,0,0,0,0,0,0,0,0,0
490108,1,1,0,0,0,0,0,0,0,0,0,0
490109,1,1,0,0,0,0,0,0,0,0,0,0
490110,1,1,0,0,0,0,0,0,0,0,0,0
490110,2,1,0,0,0,5,0,0,0,0,0,0
490111,1,1,0,0,0,0,0,0,0,0,0,0
490111,2,1,0,0,0,0,0,0,0,0,0,0
490112,1,1,0,0,0,0,0,0,0,0,0,0
490113,1,1,0,0,0,0,0,0,0,0,0,0
490114,1,1,0,0,0,0,0,12,0,0,0,24
490114,2,1,0,0,0,0,0,0,0,0,0,0
490115,0,1,0,0,0,0,14,0,0,0,0,0
490115,1,1,10,10,10,10,10,10,10,10,10,10
490116,0,1,0,0,0,0,0,0,0,0,0,0
490116,1,1,0,0,0,0,0,0,0,0,0,0
490117,0,1,0,0,0,0,8,37,0,0,0,0
490117,0,2,0,0,0,0,0,0,0,0,0,0
490117,0,3,0,0,0,0,0,0,0,0,0,0
490117,1,1,0,0,0,0,0,0,0,0,0,0
490117,2,1,0,0,0,0,0,0,0,0,0,0
490118,1,1,0,0,0,0,0,0,0,0,0,0
490118,2,1,0,0,0,0,0,0,0,0,0,0
490118,3,1,0,0,0,0,0,0,0,0,0,0
490119,1,1,2,2,2,2,2,2,2,2,2,2