ST_CASE,VEH_NO,PER_NO,P1,P2,P3,P4,P5,P6,P7,P8,P9,P10
550035,1,1,22,22,22,22,22,22,22,22,22,22
550035,2,1,0,0,0,0,0,0,0,0,0,0
550036,1,1,0,0,0,0,0,0,0,0,0,0
550036,2,1,0,0,0,0,0,0,0,0,0,0
550037,1,1,17,0,0,0,0,0,8,0,12,26
550038,1,1,0,0,0,4,0,0,0,0,0,17
550038,2,1,2,13,7,21,15,3,0,16,18,8
550039,1,1,0,0,0,0,0,0,0,0,0,0
550039,2,1,0,0,0,0,0,0,0,0,0,0
550040,1,1,0,0,0,0,0,0,0,0,0,0
550041,1,1,0,0,0,0,0,0,0,0,0,0
550041,2,1,0,0,0,0,0,0,0,0,0,0
550042,1,1,0,0,0,0,0,0,0,0,0,19
550042,2,1,0,0,0,0,0,0,0,0,0,0
550043,1,1,0,0,0,0,0,0,0,0,0,0
550043,2,1,0,0,0,0,0,0,0,0,0,0
550044,1,1,0,0,0,0,0,0,0,0,0,0
550044,2,1,0,0,0,0,0,0,0,0,0,0
550045,1,1,0,0,0,0,0,0,11,0,0,0
550045,2,1,0,0,0,0,0,0,0,0,0,0
550046,1,1,0,0,0,0,0,0,0,0,0,0
550046,2,1,0,0,0,0,0,0,0,0,0,0
550047,1,1,0,0,4,0,0,0,0,0,0,0
550047,2,1,0,0,0,0,0,0,0,0,0,0
550048,1,1,0,0,28,7,0,0,0,0,0,0
550049,1,1,24,24,24,24,24,24,24,24,24,24
550049,2,1,0,0,0,0,0,0,0,0,0,0
550050,0,1,0,0,0,0,0,0,0,0,0,0
550050,0,2,0,0,0,0,0,0,0,0,0,0
550050,1,1,0,0,0,15,0,16,0,0,0,0
550051,1,1,0,0,0,0,0,0,0,0,0,0
550052,1,1,0,0,0,0,0,0,0,0,0,0
550052,2,1,18,7,25,0,29,12,8,0,13,10
550053,1,1,0,0,0,0,0,0,0,0,10,0
550053,2,1,0,0,0,0,0,0,0,0,0,0
550054,1,1,0,0,0,0,0,0,0,0,0,0
550055,1,1,29,29,29,29,29,29,29,29,29,29
550055,2,1,0,0,0,0,0,0,0,0,0,0
550055,3,1,0,0,0,0,0,0,0,0,0,0
550056,0,1,0,0,0,0,0,0,0,0,0,0
550056,1,2,0,0,0,0,0,0,0,0,0,0
550057,1,1,0,0,0,0,0,0,0,0,0,0
550057,2,1,0,0,0,0,0,0,0,0,0,0
550058,0,1,0,0,0,0,0,0,0,0,0,0
550058,1,1,4,4,4,4,4,4,4,4,4,4
550059,0,1,27,0,14,22,24,0,15,13,16,15
550059,1,1,0,16,0,0,0,0,7,0,29,0
550060,0,1,0,0,0,0,0,0,0,0,0,0
550060,1,1,0,0,0,0,0,0,0,0,0,0
550062,0,1,40,40,40,40,40,40,40,40,40,40
550062,1,1,0,0,0,0,0,18,0,0,15,0
550063,1,1,19,19,37,17,18,22,23,18,14,14
550064,1,1,0,0,19,11,0,3,30,5,8,6
550065,1,1,0,0,0,0,0,0,0,0,0,0
550065,2,1,0,0,0,0,0,0,0,0,0,0
550066,1,1,21,21,21,21,21,21,21,21,21,21
550067,1,1,0,0,0,0,0,0,0,0,0,0
550069,1,1,16,16,16,16,16,16,16,16,16,16
550070,0,1,0,0,9,0,0,0,0,0,15,0
550070,1,1,11,12,17,4,0,5,19,17,0,10
550071,1,1,0,0,0,0,0,0,0,0,0,0
550072,1,1,0,0,0,0,0,20,0,0,0,0
550075,1,1,0,0,0,0,0,0,0,0,0,0
550075,2,1,0,0,0,0,0,0,0,0,3,0
550076,1,1,0,0,0,0,0,0,0,0,0,0
550076,2,1,0,0,0,0,0,0,0,0,0,0
550077,1,1,16,16,16,16,16,16,16,16,16,16
550078,1,1,0,0,0,0,0,0,0,0,0,0
550078,2,1,17,17,17,17,17,17,17,17,17,17
550079,1,1,11,11,11,11,11,11,11,11,11,11
550080,1,1,0,0,0,0,0,0,0,0,0,0
550080,2,1,0,0,0,0,0,0,0,0,0,0
550081,0,1,0,0,0,0,0,0,0,0,0,0
550081,1,1,0,0,0,0,0,0,0,0,0,0
550082,0,1,0,0,0,0,0,0,0,0,0,0
550082,1,1,0,0,0,0,0,0,0,0,0,0
550083,1,1,0,0,0,0,0,0,0,0,0,0
550083,2,1,0,0,0,0,10,27,0,0,0,0
550084,1,1,0,0,0,0,0,0,0,0,14,21
550085,1,1,25,25,25,25,25,25,25,25,25,25
550086,1,1,10,33,18,13,9,0,6,32,16,0
550086,2,1,0,0,0,0,0,0,0,0,0,0
550087,1,1,13,19,12,16,23,20,15,20,16,18
550088,1,1,0,0,0,0,0,0,0,0,0,0
550088,2,1,6,6,6,6,6,6,6,6,6,6
550090,1,1,0,0,0,0,13,0,16,0,14,0
550090,2,1,0,0,0,0,0,0,0,0,0,0
550091,1,1,0,0,0,0,0,0,0,0,0,0
550091,2,1,0,0,0,0,0,0,0,0,0,0
550092,1,1,14,14,14,14,14,14,14,14,14,14
550093,1,1,9,9,9,9,9,9,9,9,9,9
550094,1,1,0,0,0,0,0,0,0,0,0,0
550095,1,1,0,0,0,36,18,0,0,0,0,0
550097,1,1,0,19,0,0,0,0,0,0,0,0
550097,2,1,0,0,0,0,0,0,0,0,0,0
550098,1,1,23,23,23,23,23,23,23,23,23,23
550099,1,1,3,3,3,3,3,3,3,3,3,3
550100,1,1,15,15,15,15,15,15,15,15,15,15
550100,2,1,0,0,0,0,0,0,0,0,16,0
550101,0,1,0,0,0,0,0,0,0,0,0,0
550101,1,1,0,0,0,0,0,0,0,0,0,0
550102,1,1,0,0,0,0,0,0,0,0,0,0
550103,1,1,14,15,14,18,34,26,9,10,14,24
550104,1,1,17,17,17,17,17,17,17,17,17,17
550105,1,1,6,6,6,6,6,6,6,6,6,6
550106,1,1,23,23,23,23,23,23,23,23,23,23
550106,2,1,0,0,0,0,0,0,0,0,0,0
550107,1,1,17,17,17,17,17,17,17,17,17,17
550108,1,1,0,0,0,0,0,0,0,0,10,0
550108,2,1,0,0,0,0,0,0,0,0,0,0
550109,1,1,18,0,0,0,0,0,0,0,0,0
550110,1,1,0,0,0,0,0,0,0,0,0,0
550111,1,1,0,15,0,0,0,0,0,0,0,0
550112,1,1,22,22,22,22,22,22,22,22,22,22
550113,1,1,0,0,0,0,0,0,0,0,0,0
550114,1,1,20,17,10,10,15,16,30,9,16,16
550115,1,1,28,28,28,28,28,28,28,28,28,28
550116,1,1,0,0,0,0,0,0,0,0,0,0
550116,2,1,0,0,0,0,0,0,0,0,0,0
550117,0,1,0,13,16,42,15,16,12,28,34,15
550117,1,1,0,13,0,0,0,12,25,0,0,17
550118,1,1,0,0,0,0,0,0,0,0,0,0
550118,2,1,0,0,0,0,0,0,0,0,0,0
550119,1,1,0,0,0,0,0,0,0,0,0,0
550120,1,1,0,0,0,0,0,0,0,0,0,0
550120,2,1,0,0,0,0,0,0,0,33,0,0
550121,1,1,7,7,7,7,7,7,7,7,7,7
550122,1,1,0,0,0,0,0,0,0,0,0,0
550122,2,1,0,0,0,0,0,0,0,0,0,0
550123,1,1,0,0,0,0,0,0,0,0,0,0
550123,2,1,0,0,15,0,8,0,0,0,0,0
550124,1,1,0,0,0,5,0,0,0,0,0,0
550125,1,1,0,0,0,0,0,0,0,0,0,0
550125,2,1,0,0,0,0,0,0,0,0,6,0
550126,1,1,0,0,21,0,0,0,0,0,0,0
550126,2,1,0,16,0,0,0,0,0,0,0,0
550127,1,1,18,18,18,18,18,18,18,18,18,18
550128,0,1,0,0,0,0,0,0,0,0,0,0
550128,1,1,0,0,0,0,33,0,0,0,0,0
550129,1,1,12,12,12,12,12,12,12,12,12,12
550129,2,1,0,0,0,0,0,0,0,0,0,0
550130,1,1,19,17,37,17,14,15,9,16,19,0
550131,0,1,0,0,13,0,0,0,0,0,0,0
550131,1,1,11,9,13,2,31,17,13,23,7,12
550132,1,1,0,0,0,0,0,16,0,0,0,0
550133,0,1,0,0,0,0,0,0,0,0,0,0
550133,1,1,0,0,0,0,0,0,0,0,0,0
550134,1,1,0,0,0,0,0,0,0,0,0,0
550134,2,1,0,0,0,0,0,0,0,0,0,0
550135,1,1,0,0,0,0,0,0,0,0,0,0
550135,2,1,0,0,0,0,0,0,0,0,0,0
550135,3,1,0,0,0,0,0,0,0,0,0,0
550136,1,1,0,0,0,0,0,0,0,0,0,0
550137,1,1,17,17,17,17,17,17,17,17,17,17
550138,1,1,0,0,0,0,0,0,0,37,0,0
550138,2,1,0,0,0,0,0,0,0,0,0,0
550139,1,1,0,0,0,0,0,0,0,0,0,0
550139,2,1,0,0,0,0,0,0,0,0,0,0
550140,1,1,14,14,14,14,14,14,14,14,14,14
550141,1,1,0,0,0,0,0,0,0,5,0,0
550141,2,1,7,7,7,7,7,7,7,7,7,7
550142,1,1,0,0,0,0,0,0,0,0,0,0
550142,2,1,0,0,0,0,0,0,0,0,0,0
550143,1,1,0,0,0,0,0,0,0,0,0,0
550143,2,1,0,0,0,0,0,0,0,0,0,0
550144,1,1,0,0,0,0,13,0,0,0,0,0
550144,2,1,0,0,0,34,0,0,0,0,0,0
550145,1,1,13,13,13,13,13,13,13,13,13,13
550145,2,1,0,0,0,0,0,0,0,0,0,0
550146,1,1,13,13,13,13,13,13,13,13,13,13
550147,1,1,14,17,13,16,16,14,16,0,24,0
550148,0,1,32,0,0,0,24,0,0,0,0,0
550148,0,2,0,0,0,0,0,5,0,0,27,0
550148,1,1,0,0,0,0,20,0,0,0,17,0
550149,1,1,21,10,0,9,0,0,0,0,0,0
550149,2,1,0,0,0,0,0,0,0,0,0,0
550150,1,1,12,12,12,12,12,12,12,12,12,12
550151,1,1,9,8,4,17,26,25,7,7,0,27
550152,1,1,6,21,8,28,10,8,10,7,15,18
550153,1,1,0,0,0,0,0,0,0,0,0,0
550153,2,1,0,0,0,0,0,0,0,0,0,0
550153,3,1,10,10,10,10,10,10,10,10,10,10
550154,1,1,0,0,0,13,0,0,16,0,0,16
550155,1,1,0,0,17,0,0,0,0,0,0,0
550156,1,1,0,0,0,0,0,0,0,0,0,0
550157,1,1,12,14,21,24,15,27,18,21,13,13
550158,1,1,27,27,27,27,27,27,27,27,27,27
550160,1,1,21,21,21,21,21,21,21,21,21,21
550161,1,1,7,7,7,7,7,7,7,7,7,7
550161,2,1,0,0,0,10,0,0,0,0,0,0
550162,1,1,23,23,23,23,23,23,23,23,23,23
550163,1,1,0,0,0,0,0,0,0,0,0,0
550163,2,1,0,0,0,0,0,0,0,0,0,0
550164,1,1,31,17,23,9,19,16,16,9,8,14
550165,1,1,0,0,0,0,0,0,0,0,0,0
550165,2,1,0,0,0,0,0,0,0,0,0,0
550166,1,1,0,0,0,0,0,0,0,20,0,0
550167,1,1,2,2,2,2,2,2,2,2,2,2
550168,0,1,0,0,0,0,0,0,0,0,0,0
550168,1,1,0,0,0,0,0,0,0,0,0,0
550169,1,1,0,0,0,0,0,0,0,0,0,9
550169,2,1,0,0,0,0,0,0,0,0,0,0
550169,3,1,0,0,0,0,0,0,0,0,0,0
550169,4,1,0,0,0,0,0,0,0,0,0,29
550169,5,1,0,0,0,0,0,0,0,0,0,0
550169,6,1,0,0,0,0,0,0,0,0,0,0
550169,7,1,0,0,0,0,0,0,0,0,0,0
550169,8,1,0,0,0,0,0,0,0,0,0,0
550170,1,1,0,0,0,0,0,0,0,0,0,0
550170,2,1,0,0,0,0,0,0,0,0,0,0
550170,3,1,0,0,0,0,0,0,0,0,0,0
550170,4,1,0,0,0,0,0,0,0,18,0,0
550171,1,1,0,0,0,0,0,0,0,0,0,0
550172,1,1,2,2,2,2,2,2,2,2,2,2
550172,2,1,0,0,0,0,0,0,0,0,0,0
550173,1,1,0,0,0,0,0,0,0,0,0,0
550173,2,1,0,0,22,0,0,0,0,0,0,0
550173,3,1,0,0,0,0,0,18,0,0,0,0
550174,1,1,0,0,0,0,0,0,0,26,0,0
550175,1,1,0,0,0,0,0,0,0,0,0,0
550175,2,1,0,0,0,0,0,0,0,0,0,0
550175,3,1,0,0,0,0,0,0,0,0,0,0
550176,1,1,0,0,0,0,0,0,0,0,0,0
550177,1,1,27,0,19,14,0,0,0,0,21,10
550178,1,1,0,0,0,0,0,0,0,0,0,0
550178,2,1,0,0,0,0,0,0,0,0,0,0
550179,1,1,0,23,15,31,9,5,19,10,9,29
550180,1,1,0,0,0,18,7,0,2,0,20,0
550181,1,1,0,0,0,0,0,0,0,0,0,0
550182,1,1,0,0,13,0,0,0,27,0,0,0
550183,1,1,26,0,0,0,0,0,0,0,0,0
550183,2,1,0,0,0,0,0,0,0,0,0,0
550183,3,1,0,0,14,0,0,0,0,0,0,0
550184,1,1,6,6,6,6,6,6,6,6,6,6
550184,2,1,12,24,13,6,4,5,8,8,18,0
550185,1,1,0,0,0,0,0,0,0,0,0,0
550186,1,1,0,0,0,0,0,0,0,0,0,0
550186,2,1,0,0,0,0,0,0,9,0,0,6
550187,1,1,0,0,0,0,0,0,0,0,0,0
550187,2,1,0,0,0,0,0,0,0,0,0,0
550188,0,1,0,0,27,0,28,0,0,0,0,0
550188,1,1,0,0,0,0,0,0,0,0,0,0
550189,0,1,30,0,0,0,0,0,0,0,24,0
550189,1,1,0,0,0,0,0,0,0,0,0,0
550190,1,1,0,0,0,0,0,0,0,0,0,0
550191,1,1,0,0,0,0,0,0,0,0,0,0
550191,2,1,0,0,0,0,8,0,0,0,19,0
550192,1,1,0,0,0,0,0,0,0,0,0,0
550192,2,1,13,0,0,0,0,0,0,0,0,0
550193,1,1,23,23,23,23,23,23,23,23,23,23
550194,1,1,0,0,0,0,0,0,0,0,0,0
550194,2,1,0,0,0,0,0,0,0,0,0,0
550195,1,1,0,0,0,0,0,0,0,0,0,0
550195,2,1,0,0,0,0,0,0,0,0,0,0
550196,1,1,0,0,0,13,0,0,0,0,16,0
550197,1,1,28,28,28,28,28,28,28,28,28,28
550197,2,1,0,0,0,0,0,0,0,0,0,0
550198,1,1,0,0,0,0,0,0,0,0,0,0
550198,2,1,0,0,0,0,0,0,0,0,0,0
550199,1,1,0,0,0,0,0,0,0,0,0,0
550200,1,1,0,0,0,0,0,0,0,0,0,0
550201,1,1,14,14,14,14,14,14,14,14,14,14
550201,2,1,0,0,0,0,0,0,0,0,0,0
550202,1,1,0,0,0,0,0,0,0,0,0,0
550203,1,1,9,9,9,9,9,9,9,9,9,9
550204,1,1,15,13,21,9,11,0,18,24,17,15
550204,2,1,0,0,0,0,0,0,0,0,0,0
550205,1,1,0,0,0,0,0,0,0,0,0,0
550206,1,1,14,12,9,19,5,25,18,25,9,6
550206,2,1,0,0,0,0,0,0,0,0,19,0
550207,1,1,0,0,0,0,0,0,0,0,0,0
550207,2,1,0,0,0,0,0,0,0,0,0,0
550208,1,1,0,27,24,22,7,21,10,15,23,22
550209,1,1,6,22,11,18,4,18,4,29,17,20
550210,1,1,0,0,0,0,0,0,0,0,0,0
550211,1,1,9,9,9,9,9,9,9,9,9,9
550211,2,1,9,8,7,21,14,16,13,12,17,0
550212,1,1,20,20,20,20,20,20,20,20,20,20
550213,1,1,0,0,0,0,0,0,0,0,0,0
550214,1,1,0,0,0,0,0,0,8,0,0,0
550214,2,1,0,0,0,0,0,0,0,0,0,0
550215,1,1,9,23,22,14,7,9,18,24,16,23
550216,1,1,2,2,2,2,2,2,2,2,2,2
550217,1,1,27,21,13,3,28,4,19,7,32,12
550218,1,1,6,11,34,21,25,14,10,32,11,22
550219,0,1,0,0,0,19,0,0,0,18,0,0
550219,1,1,0,15,0,0,0,0,0,0,0,0
550220,1,1,0,0,0,0,0,0,0,0,0,0
550220,2,1,0,0,0,0,0,0,0,0,0,0
550221,1,1,23,23,23,23,23,23,23,23,23,23
550222,1,1,27,27,27,27,27,27,27,27,27,27
550223,1,1,0,0,0,0,0,0,0,0,0,0
550223,2,1,0,0,0,4,0,0,0,0,0,3
550224,1,1,15,15,15,15,15,15,15,15,15,15
550225,1,1,0,0,0,0,0,0,0,0,0,0
550225,2,1,0,0,0,0,0,0,0,0,0,0
550226,1,1,0,12,10,17,20,16,5,21,27,11
550227,0,1,0,0,0,0,0,0,0,0,0,0
550227,1,1,0,18,6,0,12,9,0,0,14,27
550228,0,1,0,0,0,0,0,0,0,0,0,0
550228,1,1,0,0,8,3,0,9,0,0,18,15
550229,1,1,21,21,21,21,21,21,21,21,21,21
550230,1,1,0,0,0,0,0,0,0,0,0,0
550231,1,1,17,17,17,17,17,17,17,17,17,17
550232,1,1,22,14,11,36,25,0,17,20,26,15
550233,1,1,21,21,21,21,21,21,21,21,21,21
550234,1,1,24,11,14,12,14,18,27,30,23,10
550235,1,1,0,0,0,0,0,0,0,0,0,0
550235,2,1,0,0,0,0,0,0,0,0,0,0
550236,1,1,0,0,0,0,5,0,21,0,0,0
550237,0,1,0,0,0,21,0,0,0,0,0,0
550237,1,1,0,0,0,0,0,0,0,0,0,0
550238,0,1,0,0,39,0,12,0,0,0,0,0
550238,1,1,4,20,8,20,7,6,17,10,10,18
550239,0,1,0,0,0,0,0,0,0,0,0,0
550239,1,1,0,0,0,0,0,0,0,0,0,0
550240,1,1,0,0,0,0,0,0,0,0,26,8
550241,1,1,11,5,14,7,6,11,10,0,3,10
550242,1,1,0,22,0,5,17,0,0,0,31,30
550243,1,1,0,0,0,0,0,0,0,0,0,0
550243,2,1,0,0,0,0,0,0,0,0,0,0
550244,1,1,0,15,0,0,0,0,0,14,0,0
550245,1,1,0,0,0,0,0,0,0,0,0,0
550245,2,1,18,0,0,0,0,0,0,0,0,0
550246,1,1,0,0,0,0,0,0,0,0,0,0
550246,2,1,8,0,7,4,8,15,11,7,14,0
550247,1,1,0,0,16,0,0,0,0,0,0,0
550248,1,1,0,0,0,0,0,12,0,0,0,0
550249,1,1,0,0,0,0,0,0,0,0,0,0
550249,2,1,0,0,0,0,0,0,0,0,0,0
550250,1,1,20,5,15,6,29,0,6,24,22,34
550251,1,1,0,0,0,0,0,0,0,0,0,0
550251,2,1,0,0,0,0,0,0,0,0,0,0
550252,1,1,0,0,0,0,0,0,0,0,0,0
550252,2,1,0,0,0,0,0,0,0,0,0,0
550253,1,1,0,0,8,0,0,0,0,0,0,0
550253,2,1,0,0,0,0,0,0,0,0,0,0
550253,3,1,0,16,0,0,11,0,0,0,0,0
550254,1,1,0,0,0,0,0,0,0,0,0,0
550255,1,1,7,0,0,23,0,0,0,0,12,0
550255,2,1,0,0,0,0,0,0,0,0,0,0
550256,1,1,0,7,0,14,0,0,0,0,0,0
550257,0,1,0,0,0,0,0,0,28,0,0,0
550257,1,1,17,0,0,0,0,0,0,0,0,0
550258,1,1,0,0,0,0,0,0,0,0,0,0
550258,2,1,0,0,0,0,0,0,0,0,0,0
550259,0,1,0,0,0,0,0,0,0,0,0,0
550259,0,2,0,0,17,0,0,0,0,0,0,0
550259,1,1,14,4,22,45,10,0,0,0,0,0
550260,1,1,10,14,22,17,33,12,23,17,11,17
550261,1,1,0,0,0,0,0,17,0,0,0,0
550262,1,1,0,0,0,0,0,8,0,0,0,0
550263,1,1,0,0,0,0,0,0,0,0,0,0
550263,2,1,0,0,15,0,0,0,0,0,0,0
550264,1,1,0,0,0,0,0,0,0,0,0,0
550264,2,1,0,0,0,0,0,0,20,0,0,0
550265,1,1,0,0,0,0,17,0,0,24,0,0
550266,1,1,0,0,0,0,0,0,0,0,0,0
550266,2,1,0,0,0,0,0,0,0,0,0,0
550267,1,1,16,14,14,21,11,16,23,13,10,32
550268,1,1,0,0,0,0,0,0,0,0,0,0
550268,2,1,0,0,0,0,0,0,0,0,0,0
550269,1,1,10,13,13,15,35,11,22,15,20,6
550270,1,1,0,0,9,0,0,0,19,0,0,0
550270,2,1,0,0,0,0,0,0,0,0,0,0
550271,1,1,0,0,0,0,0,0,0,0,0,0
550272,1,1,0,0,0,0,0,0,0,0,0,0
550272,2,1,0,0,0,0,0,0,0,0,0,0
550273,1,1,0,0,0,0,0,0,0,0,0,0
550274,1,1,0,0,0,0,0,0,0,0,0,0
550274,2,1,0,0,0,0,0,0,0,0,0,0
550275,1,1,0,6,0,0,0,0,0,0,7,0
550276,1,1,0,0,0,0,0,0,0,0,0,0
550276,2,1,0,0,0,0,0,0,0,0,0,0
550277,0,1,0,0,0,0,0,0,0,0,0,0
550277,1,1,15,0,0,14,0,0,0,0,0,0
550278,1,1,0,8,0,0,25,0,0,0,0,8
550278,2,1,0,0,0,0,0,0,0,0,0,0
550279,1,1,0,0,0,0,0,0,0,0,0,0
550279,2,1,0,18,0,12,0,0,21,4,0,0
550279,3,1,0,0,0,20,0,0,0,0,17,0
550280,1,1,0,0,0,0,0,0,0,0,0,0
550280,2,1,0,0,0,0,0,0,0,0,0,0
550281,1,1,0,0,0,0,0,0,0,0,0,0
550281,2,1,0,0,0,0,0,0,0,0,0,0
550282,1,1,0,0,0,4,0,19,0,0,0,0
550282,2,1,0,0,0,0,0,0,0,0,0,0
550283,1,1,32,0,24,36,26,27,21,18,10,14
550283,2,1,0,0,0,0,0,0,0,0,0,0
550283,3,1,0,0,0,0,0,0,0,0,0,0
550284,1,1,0,0,19,20,0,0,0,0,13,12
550285,1,1,3,18,7,6,10,0,10,17,0,20
550286,0,1,23,0,31,25,4,0,23,0,30,0
550286,1,1,0,0,0,0,0,0,0,0,0,8
550287,0,1,0,0,0,0,0,0,0,0,0,0
550287,1,1,0,0,0,0,0,0,0,0,0,0
550288,1,1,0,0,0,0,0,0,0,0,0,0
550289,0,1,0,0,0,0,0,0,0,0,0,0
550289,0,2,0,0,0,0,0,0,0,0,0,0
550289,1,1,0,0,0,0,0,0,0,0,0,0
550290,1,1,0,0,0,0,0,0,7,0,0,0
550291,1,1,0,0,0,0,0,0,0,0,0,17
550292,1,1,0,0,0,0,0,0,0,0,0,0
550293,1,1,8,4,13,27,18,13,16,17,14,16
550294,0,1,45,0,25,0,0,20,0,36,0,0
550294,1,1,0,0,0,0,0,0,0,0,0,0
550295,1,1,0,0,0,0,0,0,0,0,0,0
550296,1,1,19,26,10,25,15,31,11,15,20,20
550297,0,1,12,6,4,0,0,44,33,3,47,0
550297,1,1,0,0,19,0,0,0,0,0,0,0
550299,1,1,20,20,20,20,20,20,20,20,20,20
550300,1,1,14,13,0,0,0,0,19,25,0,0
550301,1,1,0,0,0,0,0,0,0,0,0,0
550302,1,1,0,0,0,0,0,9,0,0,0,0
550304,1,1,37,19,7,11,20,18,23,20,38,31
550305,1,1,5,14,22,9,26,9,11,21,8,7
550306,1,1,0,0,0,0,0,0,0,0,0,0
550306,2,1,0,20,0,0,0,0,0,0,0,0
550306,3,1,0,0,0,0,0,0,0,0,0,0
550307,1,1,20,26,17,28,23,15,11,21,18,5
550307,2,1,0,0,0,0,0,0,0,0,0,0
550307,3,1,0,0,0,0,0,0,0,0,0,0
550308,1,1,0,0,0,0,0,0,0,0,0,0
550311,1,1,33,0,0,0,6,0,0,0,0,0
550312,1,1,0,0,0,0,0,0,0,0,0,0
550312,2,1,0,0,0,0,0,0,0,0,0,0
550313,1,1,0,0,0,0,0,0,0,0,0,0
550314,0,1,45,7,0,0,0,0,0,0,0,7
550314,1,1,0,0,0,15,25,0,0,11,0,26
550315,1,1,14,0,0,0,0,0,0,0,0,0
550316,1,1,0,0,0,0,0,0,0,29,0,0
550316,2,1,0,5,0,0,0,45,25,19,0,0
550316,3,1,6,0,11,21,5,0,6,0,31,0
550318,1,1,0,0,19,15,17,18,22,12,9,10
550318,2,1,24,0,0,0,0,0,0,0,15,0
550319,1,1,0,0,0,0,0,0,0,0,0,0
550320,1,1,12,12,12,12,12,12,12,12,12,12
550321,1,1,19,19,19,19,19,19,19,19,19,19
550322,1,1,0,0,0,0,0,0,0,8,0,0
550323,1,1,0,0,0,0,0,13,0,0,0,0
550323,2,1,0,0,0,0,0,0,0,0,0,0
550324,1,1,0,0,0,0,0,0,0,0,0,0
550324,2,1,0,0,0,0,0,0,0,0,0,0
550325,1,1,11,11,11,11,11,11,11,11,11,11
550326,1,1,0,0,0,0,0,0,0,0,0,0
550326,2,1,0,0,0,0,0,0,0,0,0,0
550327,0,1,0,0,0,0,0,0,0,0,0,0
550327,1,1,0,0,0,0,0,0,0,0,0,0
550328,1,1,0,0,0,0,0,0,0,0,0,19
550328,2,1,0,0,0,0,0,30,0,0,0,0
550329,1,1,6,0,10,22,11,7,14,0,5,0
550329,2,1,0,0,0,0,0,0,0,0,0,0
550330,0,1,0,0,0,0,0,0,0,0,0,0
550330,1,1,0,0,0,0,0,0,0,0,0,0
550331,0,1,0,0,0,0,0,0,0,0,0,0
550331,1,1,0,0,0,0,0,0,0,0,0,0
550332,0,1,8,29,22,15,28,33,39,28,6,15
550332,1,1,0,0,0,0,0,0,0,0,0,0
550333,1,1,0,0,0,0,0,0,0,0,0,0
550333,2,1,13,13,13,13,13,13,13,13,13,13
550334,1,1,10,0,12,0,0,0,0,0,0,0
550335,0,1,0,0,0,20,0,0,0,0,0,0
550335,1,1,22,8,29,31,0,4,19,0,12,0
550336,1,1,7,27,34,17,18,13,14,24,15,8
550337,1,1,21,21,21,21,21,21,21,21,21,21
550338,1,1,11,4,10,5,0,5,8,12,11,15
550339,1,1,0,20,0,0,0,0,0,0,0,0
550340,1,1,0,0,0,0,14,0,0,0,0,0
550341,1,1,0,0,12,0,0,0,0,0,0,0
550341,2,1,0,0,0,0,0,12,0,25,0,0
550342,1,1,0,0,0,0,0,21,0,0,0,0
550342,2,1,0,0,0,0,0,0,0,0,0,0
550342,3,1,0,0,0,0,0,0,0,0,0,0
550343,1,1,8,6,21,10,18,0,30,14,0,11
550344,1,1,0,0,26,0,0,22,0,0,0,38
550345,1,1,0,0,0,0,0,29,0,0,0,0
550346,1,1,0,0,0,0,0,0,0,0,0,0
550346,2,1,0,0,0,0,0,0,0,0,0,0
550346,3,1,34,0,0,0,0,0,0,0,0,0
550346,4,1,0,0,0,0,0,0,0,0,0,0
550346,5,1,0,0,0,0,0,0,0,0,0,0
550347,1,1,0,0,0,0,0,0,0,0,0,0
550347,2,1,0,0,0,0,0,0,0,0,0,0
550348,1,1,0,0,0,19,0,0,0,0,0,0
550349,0,1,10,16,0,25,29,6,12,16,16,11
550349,2,1,0,0,0,0,0,29,0,0,0,0
550350,1,1,0,0,23,0,0,0,15,0,0,0
550350,2,1,0,0,0,0,0,0,0,0,0,0
550351,0,1,0,0,0,15,0,0,0,0,0,0
550351,1,1,0,0,0,0,0,0,0,0,0,0
550352,1,1,0,0,0,0,0,0,0,0,0,0
550353,1,1,5,5,5,5,5,5,5,5,5,5
550354,0,1,0,19,0,0,29,0,0,0,0,0
550354,1,1,14,10,26,0,19,13,20,9,9,10
550355,1,1,0,0,0,0,0,0,0,0,0,0
550355,2,1,0,0,0,8,0,0,0,0,19,0
550356,1,1,0,0,0,0,0,0,0,0,0,0
550357,1,1,0,0,0,0,0,0,0,0,0,0
550358,1,1,0,0,0,0,0,0,0,0,0,0
550359,1,1,0,0,0,0,0,0,0,0,0,0
550359,2,1,0,0,0,0,0,0,0,0,0,0
550360,0,1,9,9,9,9,9,9,9,9,9,9
550360,1,1,0,0,0,0,0,0,0,0,0,0
550361,0,1,0,0,18,0,0,0,0,0,0,0
550361,1,1,0,0,0,0,0,0,0,0,0,0
550362,1,1,21,4,15,26,14,12,30,10,7,25
550363,1,1,20,24,14,23,4,21,13,19,23,13