ST_CASE,VEH_NO,PER_NO,P1,P2,P3,P4,P5,P6,P7,P8,P9,P10
550364,0,1,0,0,0,0,0,0,0,0,0,0
550364,1,1,0,0,0,25,0,31,0,0,0,0
550365,1,1,14,0,0,0,0,0,0,0,0,13
550366,1,1,27,19,21,16,7,10,29,15,9,9
550367,1,1,0,0,0,0,0,0,0,0,0,0
550368,1,1,0,0,0,0,0,0,0,0,0,0
550368,2,1,0,0,0,0,0,0,0,0,0,0
550369,1,1,0,0,0,0,0,0,0,0,0,0
550369,2,1,0,0,0,0,0,0,0,0,0,0
550370,1,1,26,19,19,20,20,10,0,0,28,19
550371,1,1,16,0,28,32,17,20,13,6,10,20
550372,1,1,0,0,0,0,0,0,11,0,0,0
550373,1,1,21,21,21,21,21,21,21,21,21,21
550374,1,1,23,0,11,2,31,5,27,15,22,18
550375,1,1,0,0,0,0,0,0,0,0,0,0
550375,2,1,0,0,0,0,0,0,0,0,0,0
550376,1,1,0,0,0,0,0,0,0,0,0,0
550377,1,1,0,0,0,0,0,0,0,0,0,0
550377,2,1,0,0,0,0,0,0,0,0,0,0
550378,1,1,0,0,0,0,0,0,0,0,0,0
550378,2,1,0,0,0,0,0,0,0,0,7,0
550379,0,1,0,0,25,0,0,0,0,0,0,0
550379,0,2,0,0,0,0,26,0,0,0,0,0
550379,1,1,8,8,8,8,8,8,8,8,8,8
550379,2,1,0,0,0,0,0,0,0,0,0,0
550380,1,1,0,0,0,0,0,0,0,0,0,0
550380,2,1,0,0,0,0,0,0,0,0,0,0
550381,1,1,0,0,0,0,0,0,0,0,0,0
550381,2,1,0,0,0,0,0,0,0,0,0,0
550382,1,1,0,0,0,0,0,0,0,27,0,0
550383,1,1,21,19,8,8,20,25,15,15,22,11
550384,1,1,13,13,13,13,13,13,13,13,13,13
550385,1,1,0,0,0,0,0,0,0,0,0,0
550385,2,1,0,0,0,0,0,0,21,0,0,0
550385,3,1,0,0,0,0,0,0,0,0,0,0
550386,1,1,0,0,0,0,0,0,0,0,0,0
550387,1,1,0,0,0,0,0,0,0,0,0,0
550387,2,1,0,0,0,0,0,0,0,0,0,0
550388,1,1,25,0,8,0,14,0,0,0,0,0
550389,1,1,0,17,0,10,0,0,0,27,0,0
550389,2,1,0,0,0,0,0,0,0,20,0,13
550390,1,1,19,36,11,26,22,28,29,10,8,16
550391,1,1,0,0,0,0,0,0,0,0,0,0
550391,2,1,0,0,0,0,0,0,0,0,0,26
550392,1,1,16,23,32,24,18,7,9,19,22,14
550393,1,1,24,24,24,24,24,24,24,24,24,24
550393,2,1,0,0,0,0,0,0,0,0,0,0
550394,1,1,0,0,0,0,0,0,0,0,0,0
550394,2,1,0,0,0,0,0,0,0,0,0,0
550395,1,1,21,21,21,21,21,21,21,21,21,21
550396,1,1,23,16,0,0,0,17,0,0,0,0
550396,2,1,0,7,0,0,0,0,0,0,0,0
550397,1,1,0,0,0,0,2,0,0,15,0,0
550398,0,1,0,0,0,0,0,0,0,0,0,0
550398,1,1,0,0,0,0,0,0,0,0,0,0
550399,1,1,0,0,0,25,0,0,0,24,0,24
550400,1,1,0,23,0,0,0,0,0,0,0,0
550400,2,1,6,8,9,20,12,17,5,13,7,15
550401,1,1,0,0,0,0,0,0,0,0,0,0
550401,2,1,0,0,0,0,0,0,0,0,0,8
550402,0,1,0,0,0,0,0,0,0,0,0,8
550402,1,1,0,0,0,0,0,0,0,0,0,0
550403,1,1,28,28,28,28,28,28,28,28,28,28
550404,1,1,18,0,15,0,10,0,0,26,0,0
550405,1,1,0,0,0,0,0,0,0,0,10,0
550405,2,1,0,0,0,0,0,0,0,0,0,0
550406,1,1,0,0,0,0,25,0,0,0,0,0
550406,2,1,0,0,0,0,0,0,0,0,0,0
550407,1,1,10,10,10,10,10,10,10,10,10,10
550408,1,1,0,0,0,0,0,0,0,0,0,0
550408,2,1,0,0,0,0,0,0,22,0,0,0
550408,3,1,0,0,0,0,0,0,0,0,0,0
550408,4,1,0,0,0,26,0,0,0,0,0,0
550409,1,1,22,16,15,10,14,29,18,0,17,21
550409,2,1,0,0,0,0,0,0,0,0,0,0
550410,1,1,38,18,18,18,19,13,18,15,8,12
550411,1,1,1,1,1,1,1,1,1,1,1,1
550412,1,1,0,0,0,0,0,0,0,0,0,0
550412,2,1,16,0,3,22,10,31,0,11,13,0
550413,1,1,0,0,0,0,0,0,0,0,14,0
550413,2,1,0,0,0,0,0,0,0,0,0,0
550413,3,1,0,0,0,0,0,3,0,0,0,0
550414,1,1,0,0,0,0,0,0,0,0,0,0
550415,1,1,0,0,0,0,0,0,0,13,0,0
550415,2,1,0,0,0,0,0,0,0,0,0,0
550416,1,1,26,8,0,22,0,2,0,14,0,0
550416,2,1,0,0,0,0,10,0,0,0,0,0
550417,1,1,0,0,0,0,0,0,0,0,0,0
550417,2,1,0,0,0,0,0,0,0,0,0,0
550418,1,1,27,36,15,14,8,25,9,19,15,14
550419,1,1,0,0,26,0,0,0,0,0,20,0
550420,1,1,0,0,0,0,0,0,0,0,25,0
550421,1,1,0,0,0,0,0,0,0,0,0,0
550421,2,1,0,0,0,0,0,0,0,0,0,0
550422,1,1,14,14,14,14,14,14,14,14,14,14
550423,1,1,0,0,0,0,8,0,30,0,22,16
550424,1,1,21,25,18,18,15,14,21,15,17,7
550425,1,1,0,0,0,0,0,0,0,0,0,0
550426,1,1,0,0,0,0,0,0,0,0,0,0
550427,1,1,0,0,0,0,0,0,0,0,0,0
550428,1,1,19,0,34,0,0,0,0,0,0,0
550429,1,1,0,0,0,20,0,0,0,15,27,0
550430,1,1,0,0,0,0,0,0,0,0,0,0
550430,2,1,0,0,0,0,0,0,0,0,0,0
550431,1,1,0,0,0,0,0,0,0,0,0,0
550431,2,1,0,11,0,0,0,0,0,0,0,0
550432,1,1,32,0,16,0,44,9,3,16,18,15
550433,1,1,0,0,0,0,0,0,0,15,0,5
550433,2,1,0,0,0,0,0,0,0,0,0,0
550434,1,1,0,0,7,0,0,0,0,0,0,0
550435,1,1,19,19,19,19,19,19,19,19,19,19
550436,1,1,0,0,0,15,0,0,8,0,0,13
550437,1,1,0,0,0,0,0,0,0,10,19,0
550437,2,1,0,0,0,0,0,0,0,0,0,0
550438,1,1,18,13,19,5,0,0,24,42,0,14
550438,2,1,0,0,0,0,0,0,0,0,0,0
550439,1,1,0,0,0,0,0,0,0,0,0,0
550440,1,1,0,18,0,14,0,8,0,0,0,0
550440,2,1,0,0,0,0,0,0,0,0,0,0
550441,1,1,12,20,35,9,16,9,0,2,5,9
550442,0,1,0,0,0,0,0,0,0,0,0,0
550442,1,1,0,0,0,15,0,0,0,0,8,0
550442,2,1,0,0,0,0,0,0,0,0,0,0
550443,1,1,0,0,0,0,0,0,3,0,0,0
550444,1,1,0,0,0,0,0,0,0,0,0,0
550444,2,1,0,0,0,0,0,0,0,0,0,0
550445,0,1,0,0,0,0,0,0,0,0,0,0
550445,1,1,0,0,0,0,0,0,0,0,0,0
550446,1,1,0,0,0,0,0,0,0,0,0,0
550446,2,1,0,0,0,0,0,0,0,0,0,0
550447,1,1,13,0,0,0,0,0,0,0,0,0
550447,2,1,0,0,0,0,0,0,0,0,0,0
550448,1,1,17,10,17,23,18,16,25,19,21,25
550449,1,1,10,0,0,0,0,0,0,0,0,0
550450,1,1,0,0,0,0,0,0,0,0,0,0
550450,2,1,0,0,0,0,0,0,0,0,0,0
550450,3,1,0,0,0,0,0,0,0,0,0,0
550451,1,1,0,0,0,0,0,0,15,0,0,0
550452,0,1,0,0,0,0,0,0,0,0,0,0
550452,1,1,0,0,0,0,0,0,0,0,0,0
550453,1,1,0,0,0,0,0,0,0,17,0,0
550454,1,1,22,0,0,0,0,0,22,0,0,10
550455,1,1,30,15,6,33,8,18,5,7,16,14
550456,0,1,0,0,0,0,18,0,0,16,0,0
550456,1,1,0,0,0,0,0,0,0,0,0,0
550457,1,1,16,0,0,38,32,26,37,0,31,13
550457,2,1,0,0,19,0,0,0,0,0,0,0
550458,1,1,18,0,0,0,0,0,0,0,0,0
550459,1,1,6,14,21,18,11,19,37,22,11,24
550460,1,1,0,0,0,0,0,0,0,0,0,0
550460,2,1,0,27,0,0,0,0,0,0,0,0
550461,1,1,19,13,24,21,23,23,30,14,0,11
550462,1,1,0,0,0,0,0,0,0,0,0,26
550462,2,1,0,0,0,0,0,0,0,0,0,0
550463,1,1,0,0,0,0,0,0,0,0,0,0
550463,2,1,0,0,0,5,0,0,0,0,0,30
550464,1,1,17,16,14,16,5,12,12,26,11,15
550465,1,1,0,0,0,0,0,0,0,0,0,0
550465,2,1,0,0,0,0,0,0,0,0,0,0
550467,1,1,34,20,20,10,26,33,27,8,0,18
550469,1,1,0,0,0,10,0,0,21,0,16,0
550470,0,1,18,18,18,18,18,18,18,18,18,18
550470,1,1,0,0,0,0,0,0,0,0,0,0
550471,1,1,15,16,3,4,11,15,11,37,20,19
550472,1,1,23,23,23,23,23,23,23,23,23,23
550473,1,1,26,0,0,0,0,0,0,0,14,0
550474,1,1,24,21,7,14,24,11,8,16,24,15
550475,1,1,2,2,2,2,2,2,2,2,2,2
550476,1,1,0,0,0,0,0,0,0,0,0,0
550477,1,1,0,4,0,0,0,0,0,0,0,0
550478,1,1,0,0,0,7,13,0,0,0,0,0
550478,2,1,0,0,0,0,0,0,0,0,0,0
550479,1,1,0,0,0,30,0,32,13,0,0,13
550479,2,1,0,0,0,0,18,15,4,0,0,0
550480,1,1,0,0,0,0,0,0,0,0,0,0
550480,2,1,0,0,0,0,0,23,0,0,0,0
550481,1,1,17,14,0,24,11,17,11,16,11,14
550482,1,1,0,0,0,0,0,12,0,0,15,17
550483,1,1,0,0,0,0,0,0,0,0,0,0
550483,2,1,0,0,0,0,0,10,0,0,0,0
550484,1,1,0,0,0,0,0,0,0,0,0,0
550484,2,1,0,0,0,0,0,0,0,0,0,0
550485,1,1,0,0,0,0,0,0,0,0,0,0
550485,2,1,0,0,0,0,0,0,0,0,0,0
550486,1,1,17,17,17,17,17,17,17,17,17,17
550487,1,1,20,27,35,10,23,26,0,18,16,26
550488,1,1,0,0,0,0,0,0,0,0,0,0
550488,2,1,0,0,0,26,0,0,0,0,0,0
550488,3,1,0,0,0,0,0,0,0,0,0,0
550489,1,1,0,0,0,0,0,0,0,0,0,0
550489,2,1,0,0,0,0,0,0,0,0,0,0
550490,1,1,0,0,0,0,0,0,0,0,0,0
550490,2,1,0,0,0,0,0,0,0,0,0,0
550491,1,1,0,0,0,16,0,0,0,0,0,0
550492,1,1,10,0,9,0,0,0,0,0,0,0
550492,2,1,0,0,0,0,0,23,0,0,13,15
550493,1,1,9,14,19,16,10,23,9,11,20,20
550495,0,1,0,0,0,0,17,0,0,0,0,0
550495,1,1,0,0,5,26,0,16,18,0,0,0
550496,1,1,0,0,0,0,0,0,14,0,18,0
550497,1,1,7,0,0,29,0,0,0,15,0,25
550498,1,1,0,0,0,0,0,0,0,0,0,0
550499,1,1,0,0,0,0,0,0,0,0,0,0
550499,2,1,0,0,0,0,0,0,0,0,0,0
550500,1,1,0,0,0,0,0,0,0,0,0,0
550501,1,1,0,0,0,0,0,0,9,0,0,0
550502,1,1,0,0,0,0,0,0,0,0,19,37
550503,0,1,0,0,0,0,0,0,0,0,0,0
550503,1,1,0,0,0,0,0,0,0,25,0,0
550504,1,1,0,0,0,0,0,0,0,0,0,0
550504,2,1,0,0,0,0,0,0,0,0,0,0
550505,1,1,12,27,25,20,24,21,9,38,13,16
550506,1,1,0,0,0,0,12,0,0,0,0,20
550506,2,1,19,0,6,18,21,0,0,0,19,0
550507,1,1,0,21,0,0,0,0,0,0,0,0
550507,2,1,11,0,0,0,0,0,0,0,0,0
550508,1,1,12,12,12,12,12,12,12,12,12,12
550509,1,1,0,0,0,0,9,0,0,0,0,0
550509,2,1,0,0,0,0,0,0,0,0,0,0
550510,1,1,24,20,10,5,45,15,29,15,25,26
550511,1,1,20,14,13,19,9,9,23,7,12,19
550511,2,1,0,0,0,0,0,0,0,0,0,0
550511,3,1,0,0,0,11,0,19,0,0,0,0
550512,1,1,0,0,0,0,0,0,0,0,0,0
550513,1,1,0,10,0,0,0,0,0,0,0,7
550513,2,1,0,0,0,0,0,0,0,0,0,0
550514,1,1,21,21,21,21,21,21,21,21,21,21
550514,2,1,0,0,0,0,0,13,0,0,0,0
550514,3,1,0,0,0,0,0,0,9,4,0,0
550514,4,1,0,0,0,0,0,0,0,0,0,0
550515,0,1,0,0,0,0,0,0,0,0,0,0
550515,1,1,0,0,0,0,0,0,0,0,0,0
550516,1,1,20,18,30,11,0,10,3,28,33,3
550517,1,1,0,24,0,0,0,0,12,0,0,12
550517,2,1,0,0,0,0,0,0,0,0,0,0
550518,1,1,13,0,14,0,0,0,0,0,0,0
550519,0,1,0,0,0,0,0,0,0,0,0,0
550519,1,1,0,0,0,0,0,0,0,0,0,0
550519,2,1,0,0,0,0,0,0,0,0,0,0
550519,3,1,0,0,0,0,0,0,0,0,0,0
550519,4,1,0,0,0,0,0,0,0,0,0,0
550520,1,1,0,0,0,0,0,0,0,0,0,0
550521,1,1,0,0,0,0,0,0,0,0,0,11
550522,1,1,3,13,14,9,17,20,10,18,9,7
550523,1,1,0,0,0,0,0,0,0,0,0,0
550523,2,1,0,0,0,0,0,0,0,0,0,0
550524,1,1,0,0,0,0,0,0,0,0,0,0
550525,1,1,4,8,20,11,30,20,5,10,16,4
550526,1,1,9,9,9,9,9,9,9,9,9,9
550527,1,1,32,8,15,7,9,19,25,21,12,15
550527,2,1,0,0,0,0,0,0,0,0,0,0
550528,1,1,19,31,13,25,24,0,10,0,15,13
550528,2,1,0,0,0,0,0,0,0,0,11,0
550529,1,1,13,45,16,21,30,9,18,19,12,0
550531,1,1,0,0,0,0,3,0,0,0,15,0
550532,1,1,0,0,0,0,2,0,0,0,0,0
550532,2,1,0,0,11,5,0,0,13,0,0,0
550533,0,1,27,0,0,0,0,0,0,0,0,0
550533,1,1,0,0,0,6,0,0,0,0,20,6
550534,1,1,0,8,0,0,0,0,0,0,0,0
550534,2,1,0,0,16,36,0,0,0,0,0,0
550534,3,1,0,0,0,0,0,0,0,0,0,0
550535,1,1,0,0,0,0,0,0,0,0,0,0
550535,2,1,0,0,0,0,0,0,0,0,0,0
550535,3,1,0,0,0,0,0,2,0,0,0,0
550536,1,1,0,0,0,0,0,0,0,0,0,0
550536,2,1,0,0,0,0,0,0,0,0,0,0
550537,1,1,0,0,0,0,0,0,0,0,0,0
550537,2,1,0,0,0,0,0,0,0,0,0,0
550537,3,1,0,0,0,0,0,0,0,0,9,0
550537,4,1,0,0,0,0,0,0,0,0,0,0
550538,1,1,0,0,0,0,0,0,0,0,0,0
550538,2,1,0,0,0,0,0,0,0,0,0,0
550539,1,1,0,0,0,0,0,0,0,0,0,0
550540,1,1,7,5,5,17,18,11,10,9,17,19
550541,1,1,6,12,11,8,28,11,10,30,18,24
550542,0,1,0,0,0,0,0,13,0,0,0,0
550542,1,1,0,0,8,0,0,9,0,0,0,0
550543,1,1,15,0,0,0,16,13,31,12,28,29
550544,1,1,0,0,0,0,0,0,0,0,0,0
550544,2,1,0,0,0,0,0,0,0,0,0,0
550544,3,1,0,5,0,0,0,0,0,0,0,0
550545,1,1,0,0,0,0,0,0,0,0,0,0
550545,2,1,0,0,0,0,18,10,0,0,0,0
550546,0,1,0,0,0,0,0,0,0,0,0,0
550546,1,1,0,0,0,0,0,0,0,0,0,0
550547,1,1,14,23,23,9,25,25,19,17,29,26
550548,1,1,2,14,7,16,23,12,38,7,23,7
550549,1,1,0,13,0,0,0,0,0,0,0,0
550549,2,1,0,0,0,0,0,0,0,0,0,0
550550,1,1,0,0,0,5,0,0,0,0,0,15
550550,2,1,0,0,0,0,0,0,0,0,0,0
550551,1,1,0,0,0,0,0,2,22,0,0,0
550551,2,1,0,0,0,0,0,0,0,0,0,0
550552,0,1,0,0,0,0,0,0,0,17,0,35
550552,1,1,24,0,0,9,0,0,7,0,0,0
550553,1,1,0,0,0,0,0,0,0,0,0,0
550553,2,1,0,0,0,0,0,0,0,0,0,0
550554,1,1,0,0,0,29,0,0,0,0,0,0
550554,2,1,0,0,0,0,0,0,0,0,0,0
550555,1,1,28,8,11,23,3,13,9,17,6,24
550556,1,1,0,0,27,0,12,25,0,29,0,0
550556,2,1,0,12,0,0,0,0,0,0,0,0
550557,1,1,11,11,11,11,11,11,11,11,11,11
550558,1,1,21,21,21,21,21,21,21,21,21,21
550559,1,1,3,6,0,0,0,16,0,5,0,12
550560,1,1,18,18,18,18,18,18,18,18,18,18
550561,1,1,19,19,19,19,19,19,19,19,19,19
550562,1,1,16,16,16,16,16,16,16,16,16,16
550563,1,1,26,26,26,26,26,26,26,26,26,26
550564,1,1,0,0,0,0,0,0,0,0,0,0
550565,1,1,0,0,0,0,0,0,0,0,0,0
550566,1,1,18,8,20,17,17,14,22,11,15,0
550567,1,1,30,13,14,8,10,10,21,7,15,15
550568,1,1,26,26,26,26,26,26,26,26,26,26
550569,1,1,25,4,12,20,8,12,30,12,15,26
550570,1,1,0,0,0,0,0,0,0,0,0,0
550571,1,1,14,13,0,10,18,9,5,0,10,26
550572,1,1,0,17,0,0,0,0,0,10,0,0
550573,1,1,13,13,13,13,13,13,13,13,13,13
550574,1,1,2,11,14,19,0,0,15,0,0,21
550575,1,1,0,0,0,0,0,0,0,0,0,0
550576,1,1,9,0,22,19,15,23,0,18,21,9
550577,1,1,0,0,0,0,0,0,0,0,0,0
550578,1,1,16,16,16,16,16,16,16,16,16,16
550579,1,1,0,0,0,0,0,0,0,0,0,14
560001,1,1,0,0,0,0,0,0,0,0,0,0
560002,1,1,0,0,0,0,0,0,0,0,0,17
560003,1,1,0,0,0,0,0,0,0,0,0,0
560003,2,1,0,0,0,0,0,0,0,0,0,0
560003,3,1,0,0,0,0,0,0,0,0,0,0
560003,4,1,0,0,0,0,0,0,0,0,0,0
560004,1,1,0,0,0,0,0,0,0,0,0,0
560004,2,1,0,0,0,0,0,0,0,0,0,0
560004,3,1,0,0,0,0,0,0,0,0,0,0
560005,1,1,0,0,0,0,0,0,0,0,0,0
560005,2,1,0,0,0,0,0,0,0,0,0,0
560006,1,1,0,0,0,0,0,0,0,0,0,0
560006,2,1,0,0,0,0,0,0,0,0,0,0
560007,1,1,0,0,0,0,0,0,0,0,0,0
560008,0,1,21,21,21,21,21,21,21,21,21,21
560008,1,1,15,25,12,27,16,29,0,21,0,7
560009,1,1,0,0,0,0,0,0,0,0,0,0
560009,2,1,0,0,0,0,0,0,0,0,0,0
560009,3,1,0,0,0,0,0,0,0,0,0,0
560009,4,1,0,0,0,0,0,0,0,0,0,0
560009,5,1,0,0,0,0,0,0,0,0,0,0
560010,1,1,0,0,0,0,0,0,0,0,0,0
560010,2,1,0,0,0,0,0,0,0,0,0,0
560010,3,1,0,0,0,0,0,0,0,0,0,0
560011,1,1,0,0,0,0,0,0,0,0,0,0
560012,1,1,24,24,24,24,24,24,24,24,24,24
560013,1,1,6,6,6,6,6,6,6,6,6,6
560014,1,1,10,10,10,10,10,10,10,10,10,10
560015,1,1,0,27,35,21,0,0,0,0,14,0
560016,1,1,0,0,0,0,0,0,0,0,0,0
560016,2,1,0,0,0,0,0,0,0,0,0,0
560017,1,1,0,0,0,0,0,0,0,0,0,0
560017,2,1,0,0,0,0,0,0,0,0,0,0
560018,1,1,16,16,16,16,16,16,16,16,16,16
560019,1,1,19,19,19,19,19,19,19,19,19,19
560020,1,1,10,10,10,10,10,10,10,10,10,10
560021,1,1,26,26,26,26,26,26,26,26,26,26
560022,1,1,0,0,0,0,0,0,0,0,0,0
560022,2,1,0,0,0,0,0,0,9,0,13,0
560023,1,1,0,0,0,0,0,0,0,0,0,0
560024,1,1,8,8,8,8,8,8,8,8,8,8
560024,2,1,0,0,0,0,0,0,0,0,0,0
560025,1,1,0,0,0,0,0,0,0,0,0,0
560026,1,1,0,0,0,0,0,0,0,0,0,0
560026,2,1,0,0,0,0,0,0,0,0,0,0
560027,1,1,27,27,27,27,27,27,27,27,27,27
560028,1,1,0,0,0,0,0,0,0,0,0,0
560029,1,1,0,0,0,0,0,0,0,0,0,0
560030,1,1,16,16,16,16,16,16,16,16,16,16
560031,1,1,27,15,0,13,33,13,35,19,30,7
560032,1,1,9,9,9,9,9,9,9,9,9,9
560033,1,1,12,12,12,12,12,12,12,12,12,12
560034,1,1,0,0,0,0,0,0,0,0,0,0
560034,2,1,0,0,0,0,0,0,0,0,0,0
560035,1,1,0,0,0,0,0,0,0,0,0,0
560036,1,1,0,0,0,0,0,0,0,0,0,0
560037,1,1,0,13,0,0,15,15,28,31,0,20
560038,1,1,3,3,3,3,3,3,3,3,3,3
560038,2,1,0,0,0,0,0,0,0,0,0,0
560039,1,1,0,0,0,0,0,0,0,0,0,0
560039,2,1,0,0,0,0,0,0,0,0,0,0
560040,1,1,16,16,16,16,16,16,16,16,16,16
560041,1,1,0,0,0,0,0,0,0,0,0,0
560042,1,1,28,28,28,28,28,28,28,28,28,28
560043,1,1,0,0,0,0,0,0,0,0,0,0
560043,2,1,0,0,0,0,0,0,0,0,0,0
560044,1,1,0,0,0,0,0,0,0,0,0,0
560045,1,1,12,12,12,12,12,12,12,12,12,12
560046,1,1,19,20,24,22,9,17,0,0,27,12
560046,2,1,0,0,0,0,0,0,0,0,0,0
560047,1,1,26,26,26,26,26,26,26,26,26,26
560048,1,1,0,0,0,0,0,0,0,0,0,0
560048,2,1,0,0,0,0,0,0,0,0,0,0
560049,1,1,0,0,0,0,0,0,0,0,0,0
560049,2,1,0,0,0,0,0,0,0,0,0,0
560050,1,1,34,34,34,34,34,34,34,34,34,34
560051,1,1,0,0,0,0,0,0,0,0,0,0
560051,2,1,0,0,0,19,0,0,0,0,0,0
560052,1,1,31,31,31,31,31,31,31,31,31,31
560053,1,1,17,17,17,17,17,17,17,17,17,17
560054,1,1,0,20,13,28,0,0,0,13,16,0
560055,1,1,0,0,0,0,0,0,0,0,0,0
560056,1,1,0,0,0,0,0,0,0,0,0,0
560056,2,1,0,0,0,0,0,0,0,0,0,0
560057,1,1,0,0,0,0,0,0,0,0,0,0
560058,1,1,16,16,16,16,16,16,16,16,16,16
560059,1,1,0,0,0,0,0,0,0,0,23,0
560060,0,1,0,0,0,0,0,0,0,0,0,0
560061,1,1,0,0,0,0,0,0,0,0,0,0
560062,1,1,0,0,0,27,0,0,0,0,0,0
560062,2,1,0,0,0,0,0,0,0,0,0,0
560063,1,1,0,0,0,0,0,0,0,0,0,0
560064,1,1,0,0,0,0,0,0,0,0,0,0
560065,1,1,0,0,18,0,0,0,0,0,0,19
560067,1,1,26,26,26,26,26,26,26,26,26,26
560068,1,2,0,19,23,26,15,15,5,0,7,17
560069,1,1,12,12,12,12,12,12,12,12,12,12
560070,1,1,0,0,0,0,0,0,0,0,0,0
560070,2,1,8,8,8,8,8,8,8,8,8,8
560071,1,1,12,0,0,0,7,0,0,4,0,0
560071,2,1,0,0,0,0,0,0,0,0,0,0
560071,3,1,0,0,0,0,0,0,20,0,0,0
560072,1,1,0,0,27,31,14,0,19,17,12,0
560073,0,1,30,0,0,0,0,0,0,0,0,0
560073,1,1,0,0,16,9,0,0,0,0,6,0
560074,1,1,0,23,29,21,13,9,0,24,33,27
560075,1,1,0,17,0,24,0,22,27,0,0,0
560076,1,1,0,0,0,0,0,0,0,0,0,0
560076,2,1,0,0,0,0,0,0,0,0,0,0
560077,1,1,0,0,12,0,0,0,0,0,0,0
560078,1,1,0,0,0,17,0,14,0,0,0,0
560078,2,1,0,0,0,0,0,0,0,0,0,0
560079,1,1,5,12,25,16,2,3,8,21,0,14
560080,1,1,0,0,0,0,0,0,11,0,0,0
560080,2,1,0,0,0,0,0,0,0,0,0,0
560080,3,1,0,0,0,0,0,0,0,0,0,0
560081,1,1,0,0,0,0,0,0,0,0,0,0
560082,1,1,0,0,0,0,0,0,0,0,0,0
560082,2,1,0,0,0,0,0,0,0,0,0,0
560082,3,1,0,0,0,0,0,0,0,0,0,0
560083,1,1,0,5,0,0,0,41,0,4,0,0
560083,2,1,0,0,0,0,0,0,0,0,0,0
560083,3,1,0,0,15,0,0,0,0,0,0,0
560084,1,1,0,0,0,0,0,0,0,0,5,0
560085,1,1,0,0,0,0,0,0,0,0,0,0
560086,0,1,0,0,0,0,0,0,0,0,26,0
560086,1,1,0,0,0,0,0,0,0,0,0,0
560087,1,1,13,13,13,13,13,13,13,13,13,13
560088,1,1,29,29,29,29,29,29,29,29,29,29
560088,2,1,0,0,0,0,0,0,0,0,0,0
560089,1,1,0,0,0,0,0,0,0,0,0,0
560089,2,1,0,0,0,0,0,0,0,0,0,0
560090,1,1,0,0,0,0,0,0,0,0,0,0
560090,2,1,0,0,0,0,0,0,0,0,0,0
560090,3,1,0,0,0,0,0,0,0,0,0,0
560090,4,1,0,0,0,0,0,0,0,0,0,0
560090,5,1,0,0,0,0,0,0,0,0,0,0
560090,6,1,0,0,0,0,0,0,0,0,0,0
560091,1,1,0,0,0,0,0,0,0,0,0,0
560091,2,1,0,0,0,0,0,0,0,0,0,0
560092,1,1,19,19,19,19,19,19,19,19,19,19
560093,1,1,15,0,3,0,0,0,10,0,0,0
560094,1,1,5,5,5,5,5,5,5,5,5,5
560095,1,1,0,0,0,0,0,0,0,0,0,0
560095,2,1,0,0,0,0,0,0,0,0,0,0
560096,1,1,0,12,0,0,0,0,0,0,0,0
560097,1,1,7,7,7,7,7,7,7,7,7,7
560098,1,1,0,0,0,0,0,0,0,0,0,0
560098,2,1,0,0,0,0,0,0,0,0,0,0
560099,0,1,0,0,0,0,0,0,0,0,0,0
560099,2,1,0,0,0,0,0,0,0,0,0,0
560100,1,1,0,0,0,0,0,0,0,16,0,0
560100,2,1,0,0,0,0,0,0,0,0,0,0
560101,1,1,14,0,0,0,0,0,0,0,20,0
560102,1,1,7,0,18,0,0,0,24,0,0,0
560103,1,1,0,0,0,0,0,0,0,0,0,0
560103,2,1,0,0,10,0,20,0,0,0,14,0
560104,1,1,0,0,0,0,0,0,0,0,0,0
560105,0,1,0,0,0,0,0,0,0,0,0,0
560105,1,1,1,1,1,1,1,1,1,1,1,1
560106,1,1,0,0,0,0,0,0,0,0,0,0
560107,1,1,18,17,0,0,0,0,0,0,0,0
560108,1,1,9,19,37,24,17,11,26,17,26,23
560108,2,1,0,0,0,0,0,0,0,0,0,0
560109,1,1,9,9,9,9,9,9,9,9,9,9
560110,1,1,0,0,0,0,12,0,0,0,0,0
560110,2,1,0,0,0,0,0,0,0,0,0,0
560110,3,1,0,0,0,0,0,0,0,0,0,0
560111,1,1,0,0,0,7,0,0,0,0,0,0
560111,2,1,0,0,0,0,0,0,0,0,0,0
560112,1,1,0,0,0,0,0,0,0,0,0,0
560112,2,1,0,0,0,0,0,0,0,0,0,0
560112,3,1,0,0,0,0,0,0,0,0,18,0
560113,1,1,0,0,0,0,0,0,0,0,0,0
560113,2,1,30,0,0,0,0,0,0,0,0,0
560113,3,1,0,0,0,0,0,0,0,0,0,0
560114,0,1,0,0,0,0,0,0,0,0,33,0
560114,1,1,0,0,0,0,0,0,0,0,0,0
560114,2,1,0,0,0,0,0,0,0,0,0,0
560115,1,1,0,0,0,0,0,0,0,0,0,0