ST_CASE,VEH_NO,PER_NO,P1,P2,P3,P4,P5,P6,P7,P8,P9,P10
61140,4,1,0,0,0,0,0,0,0,0,0,0
61141,1,1,15,15,15,15,15,15,15,15,15,15
61141,2,1,0,0,0,21,0,0,0,0,0,0
61141,3,1,16,8,16,16,6,26,13,10,10,19
61142,0,1,4,4,4,4,4,4,4,4,4,4
61142,1,1,0,0,0,40,0,0,0,0,20,0
61143,1,1,0,0,0,0,0,0,0,0,0,0
61144,1,1,11,17,19,17,10,15,24,30,31,0
61146,1,1,0,0,0,0,0,0,0,0,0,0
61147,1,1,0,0,0,0,0,0,0,0,0,0
61148,1,1,8,10,0,13,18,10,27,11,10,15
61148,2,1,0,0,0,0,0,0,0,0,0,0
61148,3,1,0,0,0,0,0,0,0,0,0,23
61149,1,1,11,11,11,11,11,11,11,11,11,11
61150,1,1,0,0,0,0,0,0,0,0,0,0
61150,2,1,0,0,0,0,0,7,0,0,0,0
61150,3,1,0,0,0,0,0,0,0,0,0,0
61151,0,1,0,0,0,0,0,0,0,0,0,0
61151,0,2,9,9,9,9,9,9,9,9,9,9
61151,0,3,0,0,0,0,0,0,0,0,0,0
61151,0,4,0,0,0,0,0,0,0,0,0,0
61151,1,1,0,0,0,0,0,0,0,0,0,0
61152,1,1,24,19,0,5,13,0,0,0,0,18
61153,1,1,12,0,10,0,0,0,0,0,0,0
61154,0,1,0,0,20,0,0,0,0,0,34,0
61154,1,1,0,0,0,0,0,0,0,0,0,0
61155,0,1,0,0,0,0,16,15,25,11,0,0
61155,1,1,10,10,10,10,10,10,10,10,10,10
61156,0,1,0,0,0,0,0,0,0,0,0,0
61156,1,1,0,0,0,0,0,0,0,0,0,0
61157,0,1,0,0,0,0,0,0,0,0,0,0
61157,1,1,15,0,0,0,0,0,0,0,0,0
61158,1,1,0,0,0,0,0,0,0,9,13,0
61158,2,1,0,0,0,0,2,0,0,0,0,0
61159,1,1,0,0,0,0,0,0,0,0,0,0
61159,2,1,0,0,0,0,0,0,0,0,0,0
61160,1,1,0,0,0,0,0,0,0,0,0,0
61160,2,1,0,0,0,0,0,0,0,0,0,0
61161,1,1,0,0,0,7,0,0,0,9,0,0
61161,2,1,0,0,11,0,0,0,0,0,0,0
61162,0,1,0,8,12,0,0,26,29,0,0,0
61162,1,1,0,0,0,0,0,0,0,0,0,0
61163,1,1,0,0,0,0,0,0,0,0,0,0
61163,2,1,0,0,0,0,0,0,0,0,0,0
61163,3,1,0,4,0,0,0,0,0,0,0,0
61163,4,1,0,0,0,0,0,0,0,0,0,0
61164,0,1,0,0,0,0,0,0,0,0,0,0
61164,1,1,0,0,0,0,0,0,0,0,0,0
61165,0,1,14,0,29,0,0,0,17,0,0,17
61165,1,1,0,27,11,0,20,16,0,0,0,0
61166,1,1,0,0,0,0,0,0,0,0,0,0
61167,1,1,7,2,0,0,15,46,0,0,0,0
61168,0,1,0,22,0,0,21,0,0,0,0,0
61168,1,1,0,0,0,0,0,0,27,0,0,0
61169,0,1,16,0,20,0,0,0,0,0,0,0
61169,1,1,0,0,0,15,16,0,0,0,0,0
61170,0,1,19,12,0,10,0,27,20,0,11,13
61170,1,1,0,0,0,0,0,0,0,0,0,0
61171,1,1,16,21,26,24,10,10,22,9,39,46
61172,1,1,8,12,11,9,13,22,21,0,12,11
61172,2,1,0,0,0,11,0,0,0,0,0,0
61173,1,1,0,0,0,0,0,0,0,0,0,0
61174,1,1,11,28,0,14,20,22,26,0,22,3
61175,0,1,15,15,15,15,15,15,15,15,15,15
61175,1,1,0,0,0,0,0,0,0,0,0,0
61176,1,1,0,0,0,0,0,0,0,0,0,0
61176,2,1,0,0,0,0,15,0,0,0,0,0
61176,3,1,0,0,0,0,0,45,0,0,0,0
61176,4,1,0,0,26,0,0,0,0,0,33,0
61177,1,1,0,4,20,17,0,9,8,15,0,10
61177,2,1,0,0,0,0,0,0,0,0,0,0
61178,1,1,0,0,0,0,0,0,0,0,0,0
61179,1,1,0,0,0,0,0,0,0,0,0,0
61179,2,1,0,0,0,0,0,0,0,0,0,0
61179,3,1,0,0,0,0,0,0,0,0,0,0
61180,1,2,0,0,21,0,0,0,0,0,0,0
61181,1,1,10,10,10,10,10,10,10,10,10,10
61181,2,1,0,0,0,0,0,0,0,0,0,0
61182,1,1,0,0,0,0,0,0,0,0,0,0
61182,2,1,15,0,0,0,0,0,0,0,0,5
61183,1,1,0,0,0,0,0,0,0,0,0,0
61183,2,1,0,0,0,0,0,7,0,0,14,0
61184,1,1,9,9,9,9,9,9,9,9,9,9
61185,0,1,0,0,0,0,0,14,35,0,14,0
61185,1,1,10,8,0,9,5,8,0,0,14,0
61186,0,1,0,5,0,0,22,10,0,20,4,0
61186,1,1,0,0,0,0,0,0,0,0,13,0
61187,1,1,0,0,0,0,18,0,0,21,23,0
61187,2,1,0,0,0,14,0,0,0,0,0,0
61188,1,1,0,0,0,0,0,0,0,0,0,0
61189,0,1,0,0,0,0,0,0,0,0,0,24
61189,1,1,0,0,0,0,0,0,0,0,0,0
61190,0,1,16,0,15,0,0,0,0,0,0,0
61190,1,1,0,0,0,0,0,0,0,0,0,0
61190,2,1,0,0,0,0,0,0,0,0,0,0
61191,0,1,3,3,3,3,3,3,3,3,3,3
61191,1,1,0,0,0,0,0,19,0,0,0,23
61192,1,1,0,0,0,0,0,0,0,0,0,0
61192,2,1,0,0,0,0,0,0,0,0,0,0
61193,1,1,0,0,0,0,0,0,0,0,0,0
61194,1,1,0,0,0,0,0,0,0,0,0,0
61195,1,1,0,0,0,0,28,0,0,31,0,0
61195,2,1,0,0,0,0,0,0,0,0,0,2
61196,1,1,0,26,0,41,0,26,0,16,16,22
61197,1,1,18,10,24,13,27,0,0,12,21,29
61197,2,1,0,0,0,0,0,0,6,0,0,21
61198,1,1,0,0,0,0,0,0,0,0,0,0
61198,2,1,0,0,0,0,0,0,0,0,0,0
61199,1,1,3,17,13,40,16,16,34,18,24,23
61200,1,1,18,18,18,18,18,18,18,18,18,18
61200,2,1,0,24,9,0,0,0,0,0,0,0
61200,3,1,0,0,0,0,0,23,0,0,15,0
61201,1,1,0,0,0,0,0,0,0,0,0,0
61201,2,1,0,0,0,0,0,0,0,0,0,0
61202,0,1,0,0,0,0,0,0,0,0,0,0
61202,1,1,24,24,24,24,24,24,24,24,24,24
61203,0,1,0,0,0,0,0,0,0,0,0,0
61203,1,1,0,0,21,0,21,0,0,0,22,0
61204,1,1,0,0,0,0,0,0,0,0,0,0
61204,2,1,0,0,0,0,0,0,0,0,0,0
61205,1,1,0,0,0,0,0,0,0,0,0,0
61206,1,1,21,12,27,0,19,0,17,10,7,0
61207,1,1,11,11,11,11,11,11,11,11,11,11
61208,0,1,0,0,0,0,0,0,0,0,0,0
61208,1,1,0,0,0,0,0,0,0,0,0,0
61209,0,1,0,0,0,0,0,0,0,0,0,0
61209,1,1,0,0,0,17,0,24,0,5,0,5
61210,1,1,0,0,20,0,0,0,10,0,0,0
61211,1,1,18,18,18,18,18,18,18,18,18,18
61211,2,1,0,0,0,0,0,19,0,0,0,0
61212,1,1,0,0,0,0,0,0,0,0,0,0
61212,2,1,0,0,0,0,0,0,0,0,0,0
61213,1,1,0,0,0,0,0,0,0,0,0,0
61214,1,1,31,9,17,0,0,24,17,0,0,0
61215,1,1,0,0,27,0,16,0,22,0,16,0
61216,1,1,0,0,0,0,0,0,0,0,0,0
61216,2,1,0,0,0,0,0,0,0,0,0,0
61217,0,1,0,0,22,0,0,0,0,0,0,20
61217,1,1,0,0,0,0,0,0,0,0,0,0
61218,0,1,0,0,0,0,0,0,0,31,24,0
61218,1,1,0,21,0,0,0,0,10,0,0,0
61219,0,1,0,0,0,44,0,0,0,0,0,0
61219,1,1,4,4,4,4,4,4,4,4,4,4
61220,1,1,27,7,0,28,22,24,0,0,13,10
61221,1,1,23,23,23,23,23,23,23,23,23,23
61222,0,1,0,0,0,0,0,0,0,0,0,0
61222,1,1,0,0,0,0,0,0,0,0,0,0
61223,0,1,9,0,0,25,0,0,36,24,26,8
61223,1,1,12,0,0,31,15,0,30,0,0,17
61224,0,1,0,0,0,0,0,0,0,0,0,0
61224,1,1,12,46,14,21,0,8,30,6,0,0
61225,1,1,0,0,0,0,0,0,0,0,0,0
61225,2,1,0,0,0,0,0,0,0,0,0,0
61226,1,1,0,0,0,0,0,0,0,0,0,0
61226,2,1,0,0,0,0,0,0,0,0,0,0
61227,1,1,0,0,0,0,0,0,41,0,13,0
61228,1,1,0,0,0,0,0,0,0,0,0,0
61229,1,1,0,0,0,0,0,0,0,0,0,0
61229,2,1,0,0,0,0,0,0,0,0,0,3
61230,1,1,0,0,0,0,0,0,0,0,0,0
61230,2,1,0,0,0,0,0,0,0,0,0,0
61231,1,1,30,30,30,30,30,30,30,30,30,30
61231,2,1,0,0,0,0,0,14,0,0,0,16
61232,0,1,0,0,0,0,0,9,0,0,0,0
61232,1,1,0,0,0,0,0,0,0,0,0,0
61233,1,1,0,0,0,0,0,0,0,0,0,0
61233,2,1,0,0,0,0,0,0,0,0,0,0
61234,0,1,0,0,0,6,0,48,6,24,23,0
61234,1,1,0,0,0,0,0,0,0,0,0,0
61235,1,1,25,17,23,19,32,21,19,27,13,15
61236,1,1,17,15,7,32,27,0,18,0,19,22
61237,1,1,26,26,26,26,26,26,26,26,26,26
61237,2,1,0,6,0,0,0,0,0,0,0,0
61238,0,1,34,34,34,34,34,34,34,34,34,34
61238,1,1,0,0,0,0,0,0,0,0,0,0
61239,1,1,17,17,17,17,17,17,17,17,17,17
61239,2,1,0,0,0,0,0,0,0,0,0,0
61240,1,1,0,0,0,0,0,0,0,0,0,0
61241,1,1,0,0,0,0,5,0,0,36,0,0
61242,0,1,0,0,0,21,0,11,0,0,0,0
61242,1,1,0,0,0,0,0,0,0,0,0,0
61243,1,1,0,0,6,0,4,0,10,13,0,0
61243,2,1,0,0,0,0,0,0,0,0,0,0
61244,1,1,0,0,0,0,0,0,0,0,0,0
61244,2,1,0,0,0,0,0,0,0,0,0,0
61245,1,1,0,0,0,0,0,0,0,0,0,0
61246,0,1,0,7,25,0,0,0,0,0,0,0
61247,1,1,11,0,0,0,0,0,0,18,6,0
61247,2,1,0,0,0,0,0,0,0,0,0,0
61248,1,1,0,0,0,13,0,0,0,6,0,2
61248,2,1,0,0,0,0,0,0,0,0,0,0
61249,1,1,7,15,3,16,29,8,15,17,6,8
61250,1,1,0,0,0,0,25,0,0,5,0,0
61251,1,1,0,0,0,0,0,0,0,0,0,0
61252,1,1,0,0,0,0,0,0,0,0,0,0
61252,2,1,0,0,0,0,0,0,0,0,0,0
61253,0,1,0,0,0,0,0,0,0,0,0,0
61253,1,1,20,0,16,10,0,0,9,4,18,0
61254,1,1,0,0,0,10,0,0,0,0,15,0
61255,0,1,0,0,0,0,0,0,0,0,0,0
61255,1,1,8,8,8,8,8,8,8,8,8,8
61256,0,1,0,0,0,0,0,0,0,0,0,0
61256,1,1,0,0,0,0,0,0,0,0,0,0
61257,1,1,0,0,0,0,0,0,0,0,0,0
61258,1,1,0,0,0,0,0,0,0,0,0,0
61258,2,1,0,0,0,0,0,0,0,0,0,0
61259,1,1,0,0,0,0,0,0,0,0,0,0
61260,1,1,0,0,0,0,0,0,0,0,0,0
61260,2,1,0,0,0,0,0,0,0,0,0,0
61260,3,1,0,0,0,0,0,0,0,0,0,0
61260,4,1,0,0,0,0,0,0,0,0,0,0
61260,5,1,0,0,0,0,0,0,0,0,0,0
61260,6,1,0,0,0,0,0,0,0,0,0,0
61260,7,1,0,0,0,0,0,0,0,25,0,0
61260,8,1,0,0,0,0,0,0,0,0,0,0
61260,9,1,0,0,0,0,0,0,0,0,0,0
61260,10,1,22,0,0,0,0,0,0,0,0,0
61261,1,1,16,8,12,6,24,21,13,26,34,46
61262,1,1,0,0,0,0,0,0,0,0,0,0
61262,2,1,16,0,0,0,0,0,0,0,0,0
61263,1,1,16,16,16,16,16,16,16,16,16,16
61263,2,1,0,0,0,0,0,0,0,0,0,0
61264,1,1,0,0,0,0,0,0,0,0,0,0
61265,1,1,0,0,0,0,0,0,0,0,0,0
61265,2,1,0,0,0,0,0,0,0,0,0,0
61266,1,1,1,1,1,1,1,1,1,1,1,1
61266,2,1,0,0,0,0,0,0,0,0,0,0
61267,1,1,0,0,0,0,0,0,0,0,0,16
61268,1,1,19,9,20,27,23,39,4,18,29,14
61268,2,1,0,0,0,0,0,0,0,0,0,0
61269,1,1,6,6,6,6,6,6,6,6,6,6
61270,0,1,0,0,0,0,0,0,0,0,0,0
61270,1,1,0,0,0,0,0,0,0,0,0,0
61271,0,1,0,0,0,0,0,0,0,0,0,0
61271,1,1,0,0,0,0,0,0,0,0,0,0
61272,1,1,0,0,18,14,11,15,5,0,0,9
61273,1,1,0,0,0,0,0,0,0,0,0,0
61274,0,1,15,15,15,15,15,15,15,15,15,15
61274,1,1,0,0,18,0,0,0,0,0,0,0
61275,1,1,24,24,24,24,24,24,24,24,24,24
61275,2,1,0,0,0,0,0,34,0,5,0,0
61276,1,1,0,0,0,0,0,0,0,0,0,0
61277,0,1,0,0,0,0,0,0,0,0,0,0
61277,1,1,9,13,0,5,0,0,0,0,0,0
61277,2,1,0,0,0,0,0,0,0,0,9,0
61277,3,1,0,0,0,0,10,30,0,16,0,0
61278,1,1,0,0,0,0,0,0,0,0,0,0
61278,2,1,0,0,0,0,0,0,0,0,0,0
61279,1,1,19,2,0,0,0,0,19,0,13,30
61279,2,1,0,0,0,0,0,0,0,0,4,10
61280,1,1,0,10,0,0,0,0,0,5,0,15
61280,2,1,0,0,0,0,0,0,0,0,0,0
61280,3,1,0,0,0,0,0,0,0,0,0,0
61281,1,1,0,0,0,0,0,0,0,0,0,0
61282,1,1,0,0,0,0,0,0,0,0,0,0
61282,2,1,0,0,0,0,0,0,0,0,0,0
61283,0,1,27,21,23,20,4,21,15,20,11,18
61283,1,1,18,12,18,20,27,17,10,0,21,3
61284,1,1,0,0,0,0,0,0,0,0,0,0
61285,1,1,0,14,0,0,0,0,23,0,0,0
61285,2,1,0,0,0,0,0,0,0,0,0,0
61286,1,1,0,0,0,0,0,0,0,0,0,0
61286,2,1,0,0,0,0,0,0,0,0,0,0
61287,0,1,17,0,42,0,0,18,7,10,15,14
61287,1,1,0,0,0,0,0,0,0,0,0,0
61287,2,1,0,0,0,0,14,18,0,14,0,0
61287,3,1,0,0,0,0,0,0,0,0,0,0
61288,0,1,8,8,8,8,8,8,8,8,8,8
61288,1,1,8,8,8,8,8,8,8,8,8,8
61289,1,1,0,0,0,0,0,0,0,0,0,0
61289,2,1,0,0,0,0,0,0,0,0,0,0
61290,0,1,0,0,0,0,0,0,0,0,0,0
61290,1,1,0,0,0,0,0,0,0,0,0,0
61291,1,1,2,2,2,2,2,2,2,2,2,2
61291,2,1,0,0,0,0,0,0,0,0,0,0
61292,1,1,31,31,31,31,31,31,31,31,31,31
61292,2,1,0,0,0,0,0,0,0,0,0,0
61293,1,1,0,26,0,0,0,0,3,0,0,0
61294,1,1,35,35,35,35,35,35,35,35,35,35
61295,1,1,0,0,0,0,0,0,0,0,0,0
61296,0,1,0,0,0,0,30,0,0,0,0,0
61296,1,1,14,17,9,0,0,22,0,0,0,18
61297,1,1,41,41,41,41,41,41,41,41,41,41
61298,0,1,0,0,0,0,0,0,0,0,0,0
61298,1,1,21,21,21,21,21,21,21,21,21,21
61299,1,1,0,0,0,0,0,0,0,0,0,0
61299,2,1,0,0,0,0,0,0,0,17,0,0
61300,0,1,0,0,18,0,0,0,0,0,0,0
61300,1,1,0,0,0,0,0,0,0,0,0,0
61301,1,1,0,40,8,0,12,14,0,0,0,0
61301,2,1,0,0,0,0,0,0,0,0,0,0
61301,3,1,0,0,0,25,0,0,0,0,0,0
61302,0,1,0,18,10,0,0,34,0,10,17,19
61302,1,1,0,0,0,0,0,0,0,0,0,0
61303,1,1,19,0,30,14,15,28,13,28,26,24
61304,1,1,22,22,22,22,22,22,22,22,22,22
61305,1,1,0,0,0,0,0,0,0,0,0,0
61306,1,1,0,0,0,0,0,0,0,0,0,0
61306,2,1,0,0,0,0,0,0,0,0,0,0
61307,1,1,0,0,0,0,0,0,0,0,0,0
61307,2,1,0,0,0,0,0,0,3,0,0,0
61308,0,1,0,0,0,15,0,39,32,0,0,0
61308,1,1,0,14,0,0,0,0,0,13,9,13
61309,1,1,21,21,21,21,21,21,21,21,21,21
61310,1,1,0,0,0,0,0,0,0,0,0,3
61311,1,1,0,0,0,0,0,0,0,0,0,0
61311,2,1,0,0,0,0,0,0,0,0,0,0
61312,1,1,44,19,0,0,25,0,0,21,0,0
61313,1,1,0,0,0,0,0,0,0,0,0,0
61314,0,1,23,23,23,23,23,23,23,23,23,23
61314,1,1,0,0,0,0,0,0,0,0,0,0
61315,1,1,15,0,27,12,22,8,10,0,19,18
61315,2,1,0,0,0,0,0,0,0,0,0,0
61316,1,1,0,0,0,0,0,0,0,0,0,0
61317,1,1,0,0,0,0,0,0,0,0,0,0
61318,1,1,0,0,0,0,0,0,0,0,0,0
61319,1,1,0,0,0,0,0,0,0,0,0,0
61320,1,1,0,0,0,0,0,0,0,0,0,0
61320,2,1,11,0,0,0,0,0,0,0,0,0
61320,3,1,0,0,2,0,0,5,0,0,0,0
61321,1,1,0,0,0,0,0,0,0,0,0,0
61321,2,1,0,0,0,0,0,0,0,0,0,0
61322,1,1,0,24,12,12,20,0,17,15,15,0
61322,2,1,0,12,0,0,0,0,0,0,0,0
61322,3,1,0,0,0,0,0,0,0,0,0,0
61323,1,1,0,0,0,0,0,0,0,0,0,0
61324,1,1,19,21,0,0,0,0,0,0,22,0
61325,1,1,11,11,11,11,11,11,11,11,11,11
61326,1,1,0,0,0,13,0,16,0,0,0,0
61327,0,1,0,0,0,0,0,0,0,0,0,0
61327,1,1,0,0,0,0,0,0,0,0,0,0
61328,1,1,17,17,17,17,17,17,17,17,17,17
61329,1,1,8,10,0,0,30,18,7,11,0,23
61330,1,1,0,0,0,0,0,0,0,0,0,0
61331,1,1,0,0,0,0,0,0,0,0,0,0
61331,2,1,0,0,0,0,0,0,0,0,0,0
61332,1,1,28,28,28,28,28,28,28,28,28,28
61333,0,1,0,0,28,0,29,40,37,0,11,25
61333,1,1,0,0,0,0,0,0,0,0,0,0
61333,2,1,7,10,3,13,0,10,8,9,0,8
61333,3,1,14,0,5,14,0,10,0,4,0,0
61333,4,1,0,10,16,6,0,0,0,0,0,12
61334,1,1,0,0,0,0,0,0,0,0,0,0
61334,2,1,23,0,0,0,0,0,25,0,0,0
61334,3,1,0,0,0,0,0,0,0,0,0,0
61335,1,1,17,25,22,19,0,5,0,18,28,24
61336,1,1,0,0,0,12,0,0,0,0,0,0
61337,0,1,15,0,0,0,0,0,0,0,0,28
61337,1,1,47,0,0,23,0,0,0,18,0,0
61338,1,1,0,0,0,0,0,0,0,0,0,0
61338,2,1,0,0,0,0,0,0,3,0,0,0
61339,1,1,0,0,0,0,0,0,0,0,0,0
61339,2,1,0,0,35,0,0,0,0,0,0,0
61340,0,1,0,0,0,0,0,0,0,0,0,0
61340,1,1,0,0,0,0,0,0,0,0,0,0
61341,1,1,0,29,5,6,28,0,0,27,0,22
61342,1,1,15,15,15,15,15,15,15,15,15,15
61343,1,1,27,27,27,27,27,27,27,27,27,27
61344,0,1,0,0,0,0,0,0,0,0,0,0
61344,1,1,0,0,0,0,0,0,0,0,0,0
61345,1,1,27,27,14,16,34,5,25,30,15,19
61346,0,1,31,31,31,31,31,31,31,31,31,31
61346,1,1,0,0,0,0,0,0,0,0,0,21
61347,1,1,15,15,15,15,15,15,15,15,15,15
61348,1,1,0,0,0,0,0,0,0,0,0,11
61349,1,1,0,0,0,0,0,0,0,0,0,0
61349,2,1,0,0,0,0,0,0,0,10,0,0
61350,0,1,0,0,0,0,0,0,0,0,0,0
61350,1,1,0,0,0,0,0,0,0,0,0,0
61351,0,1,0,0,0,0,0,0,0,7,0,0
61351,1,1,0,0,0,0,0,0,0,2,0,0
61352,0,1,0,0,0,0,0,0,0,0,0,0
61352,1,1,0,0,0,0,0,0,0,0,0,0
61353,1,1,0,0,0,0,0,0,0,0,0,0
61354,0,1,0,0,0,0,0,0,0,0,0,0
61354,1,1,0,0,0,0,0,0,0,14,0,0
61354,2,1,0,9,0,13,0,13,0,0,0,0
61355,1,1,20,32,24,8,21,0,5,17,30,12
61356,1,1,0,0,0,0,0,0,0,0,0,0
61357,1,1,0,0,0,0,0,0,0,0,0,0
61358,1,1,12,23,26,30,6,10,0,29,14,15
61359,1,1,0,0,0,0,0,0,0,0,0,0
61360,1,1,0,0,0,0,0,0,0,0,0,0
61361,1,1,0,0,0,0,0,0,0,0,0,0
61361,2,1,0,0,0,0,0,0,0,0,0,0
61362,1,1,0,0,0,0,0,0,0,0,0,0
61362,2,1,0,0,0,0,0,0,0,0,0,0
61362,3,1,0,0,0,0,0,0,0,0,0,0
61363,1,1,7,7,7,7,7,7,7,7,7,7
61364,1,1,0,0,0,0,0,0,0,0,0,0
61364,2,1,0,0,0,0,0,0,0,0,0,0
61364,3,1,0,0,0,0,0,0,0,0,0,0
61365,1,1,0,0,0,0,0,0,0,0,0,0
61366,1,1,17,17,17,17,17,17,17,17,17,17
61366,2,1,0,0,0,0,0,0,0,0,0,0
61367,1,1,20,20,20,20,20,20,20,20,20,20
61368,0,1,0,0,0,0,0,0,0,0,0,0
61368,1,1,0,14,0,0,0,0,0,0,0,7
61369,0,1,0,0,0,0,0,0,0,0,0,0
61369,1,1,0,0,0,0,0,0,0,0,0,0
61370,1,1,0,0,0,0,0,0,0,0,0,0
61371,1,1,0,0,0,0,0,0,0,0,0,0
61372,1,1,0,0,0,0,24,0,0,0,0,0
61372,2,1,0,0,0,0,0,0,0,0,0,0
61373,1,1,0,0,0,0,0,0,28,0,16,0
61374,1,1,0,0,0,9,0,0,0,0,0,0
61374,2,1,0,0,0,0,0,0,0,0,0,0
61375,1,1,0,0,0,0,0,0,0,0,0,0
61376,1,1,0,0,0,0,0,0,0,18,0,0
61376,2,1,0,0,0,0,0,0,0,0,0,0
61377,1,1,19,19,19,19,19,19,19,19,19,19
61378,1,1,0,0,0,0,0,0,0,0,0,0
61378,2,1,0,0,0,0,0,0,0,0,0,0
61379,0,1,0,6,10,0,8,8,0,18,0,0
61379,1,1,0,9,0,0,0,0,0,52,0,0
61380,1,1,16,19,0,5,21,0,0,15,0,18
61380,2,1,0,0,0,0,0,0,0,0,0,0
61381,1,1,0,0,0,0,0,0,0,0,0,0
61382,1,1,0,0,0,0,0,0,0,0,0,0
61382,2,1,0,10,0,0,0,0,3,0,10,21
61383,1,1,0,0,0,0,0,0,0,0,0,0
61384,1,1,12,12,12,12,12,12,12,12,12,12
61384,2,1,0,0,0,0,0,0,0,0,0,0
61384,3,1,14,0,0,0,0,0,0,0,0,0
61384,4,1,0,0,4,0,0,0,0,4,0,0
61385,1,1,25,25,25,25,25,25,25,25,25,25
61386,0,1,15,15,15,15,15,15,15,15,15,15
61386,1,1,0,0,0,0,0,0,0,0,0,0
61387,1,1,0,0,0,0,0,0,0,0,0,0
61387,2,1,0,0,0,0,0,0,18,0,0,0
61388,1,1,4,9,0,0,0,0,0,0,0,0
61388,2,1,0,0,0,0,0,0,0,0,0,0
61389,1,1,6,6,6,6,6,6,6,6,6,6
61390,0,1,0,0,0,0,0,0,0,0,0,0
61390,1,1,0,8,0,0,14,0,16,18,38,25
61391,1,1,7,7,7,7,7,7,7,7,7,7
61391,2,1,0,0,0,0,0,0,21,0,0,0
61392,1,1,0,0,0,0,0,0,0,0,0,0
61393,0,1,0,0,0,0,0,0,0,0,0,0
61393,1,1,0,0,0,6,17,0,0,0,9,12
61394,1,1,0,0,0,0,0,0,0,0,0,0
61395,1,1,0,0,0,0,0,0,0,0,0,0
61395,2,1,0,0,0,0,0,0,0,0,0,0
61396,1,1,0,0,0,0,0,0,0,0,0,0
61396,2,1,17,23,14,15,8,0,13,10,19,17
61397,1,1,7,7,7,7,7,7,7,7,7,7
61398,0,1,0,0,0,0,0,0,0,0,0,0
61398,1,1,0,0,0,0,0,0,0,0,0,0
61399,0,1,26,0,0,27,0,0,21,0,19,0
61399,1,1,7,3,9,0,0,0,0,0,0,0
61400,0,1,0,0,0,0,0,0,0,0,0,0
61400,1,1,0,0,0,0,0,0,0,0,0,0
61402,1,1,0,0,0,0,0,0,0,0,0,0
61403,0,1,18,18,18,18,18,18,18,18,18,18
61403,1,1,13,0,15,0,0,0,0,0,0,10
61404,0,1,0,0,0,0,0,0,0,0,0,0
61404,1,1,0,0,0,0,0,0,0,0,6,24
61405,0,1,23,37,0,0,0,0,31,24,12,21
61405,1,1,0,0,29,0,15,21,38,0,5,40
61406,1,1,0,0,0,23,0,0,0,0,0,0
61406,2,1,5,5,5,5,5,5,5,5,5,5
61407,1,1,26,17,10,16,22,14,7,13,10,12
61408,1,1,0,0,0,0,0,0,0,6,0,0
61409,1,1,0,0,0,0,0,0,0,0,0,0
61410,1,1,0,0,0,0,0,0,0,0,0,0
61411,1,1,0,0,11,0,0,0,0,0,0,0
61411,2,1,0,3,0,0,0,0,0,0,0,0
61411,3,1,11,11,11,11,11,11,11,11,11,11
61412,1,1,0,0,0,18,0,8,0,4,0,3
61413,1,1,0,0,0,0,0,0,0,0,0,0
61413,2,1,0,0,0,0,0,0,0,0,0,0
61414,0,1,0,20,0,0,0,0,0,12,0,17
61414,2,1,0,0,0,0,0,0,11,0,0,0
61415,1,1,0,0,0,16,22,0,0,0,0,0
61415,2,1,0,0,0,0,0,0,0,0,0,0
61416,1,1,5,12,8,23,17,7,48,30,17,17
61417,1,1,7,19,40,12,12,16,0,21,27,15
61418,1,1,15,15,15,15,15,15,15,15,15,15
61418,2,1,0,0,0,0,0,0,0,0,0,0
61418,3,1,0,0,0,0,0,0,0,0,0,0
61419,0,1,36,16,32,0,0,0,0,0,0,0
61419,1,1,0,0,0,0,0,0,7,0,0,0
61420,0,1,4,29,17,0,34,0,0,0,0,0
61420,1,1,0,0,0,0,0,0,0,0,0,0
61421,1,1,10,13,18,8,3,5,9,0,16,8
61421,2,1,0,0,0,0,0,13,0,0,0,0
61422,1,1,0,12,2,19,0,5,21,0,8,25
61422,2,1,0,0,0,0,0,0,0,0,0,0
61423,1,1,17,17,17,17,17,17,17,17,17,17
61424,1,1,21,21,21,21,21,21,21,21,21,21
61424,2,1,0,0,0,0,0,0,0,0,0,0
61425,0,1,0,0,0,0,0,0,10,0,0,15
61425,1,1,0,0,0,4,20,8,0,0,0,38
61426,1,1,13,13,13,13,13,13,13,13,13,13
61427,0,1,0,0,0,0,0,0,0,0,0,14
61427,1,1,12,14,0,0,0,13,22,0,0,0