ST_CASE,VEH_NO,PER_NO,P1,P2,P3,P4,P5,P6,P7,P8,P9,P10
61427,2,1,0,0,0,0,0,0,3,0,0,0
61428,1,1,0,0,0,0,0,0,0,0,0,0
61428,2,1,0,0,0,0,0,0,0,0,0,0
61429,1,1,0,0,0,0,0,29,0,0,0,0
61429,2,1,0,0,0,0,0,0,0,0,0,0
61430,1,1,17,17,17,17,17,17,17,17,17,17
61430,2,1,0,0,0,0,0,0,0,0,0,0
61430,3,1,0,0,0,0,0,0,0,0,0,0
61431,1,1,0,0,0,0,0,0,0,0,0,0
61432,1,1,0,0,0,0,0,0,0,0,0,0
61432,2,1,0,0,0,0,0,0,0,0,0,0
61433,1,1,10,10,10,10,10,10,10,10,10,10
61433,2,1,0,0,0,0,0,0,0,0,0,0
61434,1,1,0,0,0,0,0,0,0,0,0,0
61435,0,1,3,3,3,3,3,3,3,3,3,3
61435,1,1,0,0,0,0,0,0,0,22,0,0
61436,1,1,0,0,0,0,0,0,0,0,0,0
61436,2,1,0,0,0,0,0,0,0,0,0,0
61437,1,1,23,0,0,22,0,0,10,0,7,0
61437,2,1,0,0,0,0,0,0,0,17,0,0
61438,1,1,0,0,0,0,0,0,0,0,0,0
61438,2,1,23,0,0,0,0,0,0,0,0,0
61438,3,1,0,28,0,14,20,0,0,0,23,0
61439,1,1,0,0,0,0,0,0,0,0,0,0
61439,2,1,0,0,0,0,0,0,35,23,0,0
61439,3,1,0,0,0,0,0,0,0,0,6,0
61440,0,1,0,0,0,0,0,0,0,0,0,0
61440,1,1,0,5,10,9,29,22,0,18,6,10
61441,1,1,25,25,25,25,25,25,25,25,25,25
61442,1,1,0,0,0,0,0,0,0,0,0,7
61442,2,1,0,0,2,0,0,0,0,0,0,0
61443,1,1,0,0,0,0,0,0,0,0,0,0
61443,2,1,0,28,0,0,0,0,0,0,0,0
61444,1,1,12,7,25,11,7,23,8,0,0,0
61444,2,1,0,0,0,8,0,18,0,0,0,0
61444,3,1,0,0,0,0,0,0,0,0,0,0
61444,4,1,0,0,0,0,0,0,0,0,0,0
61445,1,1,0,0,0,0,0,0,0,22,0,32
61445,2,1,0,0,0,0,0,0,0,0,0,0
61445,3,1,0,0,0,0,0,0,0,0,0,0
61446,0,1,19,7,19,19,16,0,0,0,2,41
61446,1,1,0,0,0,0,0,0,0,0,0,0
61447,1,1,0,0,0,0,13,35,0,0,0,0
61448,0,1,0,0,0,0,0,0,0,0,0,0
61448,1,1,0,0,0,0,0,0,0,0,0,0
61449,0,1,0,0,0,0,0,0,0,0,0,0
61449,1,1,0,0,0,0,0,0,0,0,0,0
61450,0,1,0,0,0,40,0,0,26,30,0,0
61450,1,1,0,0,0,0,0,0,0,0,0,0
61451,0,1,25,0,0,0,0,5,14,13,0,23
61451,1,1,0,0,0,0,0,0,0,0,0,0
61452,1,1,0,0,0,0,0,0,0,0,0,0
61452,2,1,0,0,0,0,0,0,0,0,0,0
61453,1,1,0,0,0,0,0,0,0,0,0,0
61454,1,1,0,0,0,0,0,0,0,0,0,0
61454,2,1,0,0,0,0,17,0,0,0,0,0
61455,0,1,0,0,0,0,0,0,0,0,0,0
61455,1,1,0,0,0,0,0,0,0,0,0,0
61456,1,1,0,0,0,0,0,0,0,0,0,0
61456,2,1,0,0,15,0,0,12,0,0,0,0
61457,1,1,0,0,0,0,0,0,0,0,0,0
61457,2,1,0,0,0,0,0,0,0,0,0,0
61458,1,1,23,23,23,23,23,23,23,23,23,23
61459,1,1,0,0,0,0,0,0,0,0,0,0
61459,2,1,0,0,0,0,0,0,0,0,0,0
61460,1,1,9,9,9,9,9,9,9,9,9,9
61460,2,1,0,0,0,0,0,0,0,0,18,0
61461,1,1,0,0,0,0,0,0,0,0,0,0
61462,1,1,0,0,0,0,0,0,0,0,0,0
61462,2,1,0,0,0,0,0,0,0,0,0,0
61463,1,1,4,4,4,4,4,4,4,4,4,4
61464,1,1,7,7,7,7,7,7,7,7,7,7
61465,1,1,17,17,17,17,17,17,17,17,17,17
61465,2,1,5,5,5,5,5,5,5,5,5,5
61465,3,1,0,0,0,0,0,0,0,0,24,0
61466,1,1,0,0,0,0,0,0,0,0,0,0
61466,2,1,0,0,0,0,0,0,0,0,0,0
61466,3,1,0,0,0,0,0,21,0,0,0,0
61467,1,1,0,0,0,0,0,0,0,0,0,0
61468,1,1,0,0,0,0,0,0,0,0,0,0
61468,2,1,0,0,23,0,0,0,0,0,0,0
61468,3,1,0,0,0,0,0,0,0,0,0,0
61468,4,1,0,0,0,0,0,0,0,0,0,0
61469,1,1,0,0,0,0,0,0,0,0,0,0
61469,2,1,0,0,0,0,0,0,0,0,0,0
61470,1,1,20,20,20,20,20,20,20,20,20,20
61471,0,1,0,0,0,0,0,0,0,0,0,0
61471,1,1,0,0,0,0,0,0,0,0,0,0
61473,1,1,19,0,0,8,28,0,0,5,0,0
61474,1,1,0,0,0,0,0,0,0,11,0,0
61475,1,1,0,0,0,0,0,0,0,0,0,0
61475,2,1,0,0,0,0,0,0,0,0,0,0
61476,1,1,0,0,0,7,7,0,0,0,0,0
61476,2,1,0,0,0,0,0,0,0,0,0,0
61476,3,1,0,0,0,0,0,0,0,16,0,0
61477,0,1,0,0,0,0,15,34,0,15,10,0
61477,1,1,0,0,0,0,0,0,0,0,0,6
61478,1,1,0,0,0,0,0,0,0,0,0,0
61478,2,1,0,0,0,0,0,0,0,0,0,0
61479,0,1,0,0,0,0,0,0,0,0,0,0
61479,1,1,0,0,0,0,0,0,0,0,0,0
61480,1,1,0,0,0,0,0,0,0,0,0,0
61480,2,1,0,0,0,0,0,0,0,0,0,0
61481,1,1,0,0,0,42,0,0,0,0,0,13
61482,1,1,18,18,18,18,18,18,18,18,18,18
61482,2,1,0,0,0,0,0,0,19,16,0,0
61483,1,1,21,20,24,13,8,33,6,24,14,4
61484,1,1,11,18,11,3,10,6,2,18,5,0
61485,1,1,16,16,16,16,16,16,16,16,16,16
61485,2,1,0,0,0,0,0,11,0,0,0,0
61485,3,1,0,0,0,0,0,0,0,0,0,0
61485,4,1,0,0,0,0,0,9,0,0,0,25
61486,1,1,0,0,0,0,0,0,0,0,0,0
61486,2,1,0,0,0,0,0,0,0,0,0,0
61487,1,1,14,19,16,7,37,18,15,24,14,5
61488,1,1,0,0,16,0,7,0,16,0,0,0
61489,0,1,0,0,0,23,0,0,0,2,0,0
61489,1,1,28,8,0,12,0,0,0,0,0,6
61490,1,1,0,0,0,0,0,0,0,0,0,0
61490,2,1,0,0,0,0,0,0,0,0,0,0
61491,1,1,0,0,0,0,0,0,0,0,0,0
61492,1,1,0,0,0,0,0,0,0,0,0,0
61492,2,1,0,0,0,0,0,0,0,0,0,0
61493,1,1,0,0,0,0,0,0,0,0,0,0
61493,2,1,0,0,0,0,0,23,10,0,21,0
61494,0,1,0,0,22,0,6,11,19,0,0,34
61494,1,1,0,0,0,0,0,0,0,0,0,0
61495,0,1,0,19,24,0,0,0,0,9,0,20
61495,1,1,10,10,0,16,0,0,0,12,17,0
61496,1,1,0,0,0,0,0,0,0,0,0,0
61496,2,1,0,0,0,0,0,0,0,0,0,0
61496,3,1,0,0,0,0,0,0,0,0,0,0
61496,4,1,0,0,0,0,0,0,0,0,0,0
61497,1,1,15,12,0,21,12,5,23,8,5,0
61498,0,1,0,0,0,0,0,0,0,0,0,0
61498,1,1,0,0,0,0,0,0,0,0,0,0
61499,1,1,0,0,0,0,0,0,0,0,0,0
61499,2,1,0,0,0,0,0,0,0,0,0,0
61500,1,1,16,16,16,16,16,16,16,16,16,16
61500,2,1,0,0,0,0,0,0,0,0,0,0
61501,1,1,0,0,0,0,0,0,0,0,0,0
61501,2,1,0,0,0,8,0,0,0,0,0,0
61502,1,1,15,15,15,15,15,15,15,15,15,15
61503,0,1,9,9,9,9,9,9,9,9,9,9
61503,1,1,0,0,0,0,0,0,0,0,3,0
61504,1,1,13,13,13,13,13,13,13,13,13,13
61504,2,1,0,0,0,0,0,0,0,0,0,0
61505,1,1,0,0,0,0,0,0,0,0,0,0
61506,1,1,0,0,0,0,0,0,0,0,0,0
61506,2,1,0,0,0,0,0,0,0,0,0,0
61507,0,1,0,0,0,0,0,0,0,0,0,0
61507,1,1,0,0,0,0,0,6,0,0,0,0
61508,1,1,25,25,25,25,25,25,25,25,25,25
61509,1,1,0,0,0,0,0,0,0,0,0,0
61509,2,1,0,0,0,0,4,0,0,0,0,0
61510,0,1,0,0,0,0,0,0,0,0,0,0
61510,1,1,0,0,23,0,0,0,0,10,16,0
61511,1,1,15,15,15,15,15,15,15,15,15,15
61511,2,1,0,0,0,0,0,0,0,0,0,0
61512,0,1,0,32,0,0,0,0,0,0,3,0
61512,1,1,0,0,0,0,0,0,0,11,0,0
61513,1,1,0,0,0,0,0,0,0,0,0,0
61513,2,1,0,0,0,0,0,0,5,18,0,0
61514,1,1,3,36,22,11,9,20,14,4,14,0
61515,1,1,1,1,1,1,1,1,1,1,1,1
61516,1,1,8,17,22,29,12,18,10,16,13,8
61517,1,1,0,0,0,0,0,0,0,0,0,0
61517,2,1,0,0,0,0,0,0,0,0,0,0
61518,1,1,13,13,13,13,13,13,13,13,13,13
61519,0,1,0,0,0,0,0,0,0,0,0,0
61519,1,1,28,0,5,11,5,7,18,0,0,8
61520,1,1,0,0,12,20,16,30,0,0,0,0
61521,1,1,9,9,9,9,9,9,9,9,9,9
61521,2,1,0,0,0,11,0,0,0,0,0,0
61522,1,1,28,28,28,28,28,28,28,28,28,28
61522,2,1,0,0,0,0,0,0,0,0,0,0
61522,3,1,0,0,0,0,0,0,0,0,0,0
61523,1,1,0,0,0,0,0,0,0,0,0,0
61523,2,1,2,2,2,2,2,2,2,2,2,2
61524,1,1,0,0,0,0,0,0,0,0,0,18
61524,2,1,0,0,8,20,0,0,0,21,6,0
61525,0,1,8,16,0,40,36,27,20,15,0,0
61525,1,1,0,0,0,0,0,0,0,0,0,0
61526,0,1,4,4,4,4,4,4,4,4,4,4
61526,1,1,15,15,15,15,15,15,15,15,15,15
61527,0,1,0,0,0,0,0,21,0,28,0,7
61527,1,1,0,0,0,0,0,0,0,0,0,0
61528,1,1,0,0,0,0,0,0,0,0,0,0
61528,2,1,0,0,0,0,0,0,0,0,0,0
61529,1,1,0,13,0,0,0,0,0,0,0,0
61530,0,1,0,0,0,0,0,0,8,0,0,0
61530,1,1,0,0,0,0,0,0,0,0,0,0
61531,1,1,0,0,0,0,0,0,0,0,0,0
61532,1,1,0,0,0,0,0,0,0,0,0,0
61533,1,1,0,0,0,0,0,0,0,0,0,0
61533,2,1,0,0,0,0,0,0,0,0,0,0
61534,1,1,20,20,20,20,20,20,20,20,20,20
61535,1,1,0,0,0,0,0,0,0,0,0,0
61536,1,1,13,13,13,13,13,13,13,13,13,13
61537,0,1,0,0,0,0,0,0,0,0,0,0
61537,1,1,10,0,0,0,0,0,0,0,0,0
61538,1,1,10,10,10,10,10,10,10,10,10,10
61538,2,1,0,0,0,0,0,0,0,0,0,0
61539,1,1,1,1,1,1,1,1,1,1,1,1
61539,2,1,0,0,0,0,0,0,0,0,0,0
61540,0,1,0,0,0,0,0,0,0,0,0,0
61540,1,1,0,0,0,0,0,0,0,0,0,0
61541,1,1,0,0,0,0,0,0,0,0,0,0
61541,2,1,0,0,0,0,0,0,15,0,0,0
61542,0,1,24,24,24,24,24,24,24,24,24,24
61542,1,1,0,0,0,0,0,14,0,0,0,0
61543,1,1,9,9,9,9,9,9,9,9,9,9
61544,1,1,0,0,0,0,0,0,0,9,0,8
61544,2,1,0,0,0,3,0,0,0,0,0,0
61544,3,1,0,0,0,0,0,0,0,0,0,0
61545,0,1,0,0,0,0,0,0,0,0,0,0
61545,1,1,0,0,0,0,0,0,0,14,0,0
61546,1,1,9,9,9,9,9,9,9,9,9,9
61546,2,1,0,0,0,0,0,0,0,0,0,0
61546,3,1,0,0,0,0,18,0,0,0,0,0
61546,4,1,0,0,0,9,0,0,0,0,0,0
61547,1,1,0,0,0,0,12,0,20,0,0,0
61549,1,1,0,0,0,0,0,0,0,0,0,0
61550,1,1,0,0,0,0,12,0,0,0,0,0
61550,2,1,0,0,0,0,0,0,0,0,0,0
61551,1,1,0,11,0,0,0,0,0,0,0,0
61552,1,1,21,21,21,21,21,21,21,21,21,21
61552,2,1,3,0,19,10,0,0,0,0,0,37
61552,3,1,12,0,0,0,0,0,0,0,0,0
61552,4,1,0,0,0,0,0,0,0,0,0,0
61553,1,1,0,0,0,0,0,16,0,0,0,34
61554,0,1,8,8,8,8,8,8,8,8,8,8
61554,1,1,0,0,0,0,0,0,0,0,0,0
61555,1,1,0,15,0,17,28,0,0,0,0,16
61556,0,1,0,0,0,0,0,0,14,0,0,0
61556,1,1,0,0,0,0,0,0,0,0,0,0
61556,2,1,0,0,0,0,0,0,0,0,0,0
61557,1,1,0,0,0,0,0,0,0,0,0,0
61558,1,1,0,0,0,0,0,12,0,22,0,18
61559,1,1,19,0,10,0,0,6,0,0,23,14
61559,2,1,0,0,0,0,0,0,0,0,0,0
61560,1,1,0,0,0,0,0,0,0,0,0,0
61560,2,1,0,15,0,0,0,0,0,0,0,0
61561,1,1,2,2,2,2,2,2,2,2,2,2
61562,1,1,0,5,0,0,0,0,0,0,32,0
61562,2,1,0,0,0,0,0,0,0,0,0,0
61563,0,1,0,0,0,0,0,0,0,0,0,0
61563,1,1,0,0,0,0,0,0,0,0,0,0
61564,1,1,4,0,0,0,0,0,0,0,0,0
61565,1,1,19,19,0,0,3,22,5,20,0,0
61566,0,1,13,16,26,42,20,24,11,38,31,29
61566,1,1,0,0,0,0,11,0,0,0,8,0
61566,2,1,0,0,0,0,0,0,0,0,0,0
61567,0,1,0,0,0,0,0,0,0,0,0,0
61567,1,1,0,0,0,0,0,0,0,0,0,0
61568,1,1,0,9,0,0,0,0,0,0,0,0
61569,0,1,0,0,0,21,0,21,0,0,0,0
61569,1,1,0,0,0,0,0,0,0,0,0,0
61570,1,1,19,6,0,10,6,42,2,14,31,20
61570,2,1,0,24,0,0,0,0,0,0,0,0
61571,1,1,0,0,0,0,0,0,0,0,0,0
61571,2,1,0,0,0,0,0,0,0,0,0,0
61572,1,1,12,12,12,12,12,12,12,12,12,12
61573,1,1,0,0,0,0,0,0,0,0,0,0
61574,0,1,11,0,13,19,39,15,3,0,11,39
61574,0,2,0,0,0,0,0,0,0,0,0,0
61574,0,3,13,21,0,0,32,0,26,34,0,0
61574,1,1,0,0,0,0,0,0,0,0,19,14
61574,2,1,0,0,0,0,0,0,0,0,0,0
61575,1,1,0,0,0,0,0,0,0,0,0,0
61576,1,1,0,0,15,0,0,0,7,0,0,0
61576,2,1,0,0,0,0,0,0,0,0,0,0
61576,3,1,0,0,0,0,0,0,0,0,0,0
61576,4,1,0,0,0,0,0,0,0,0,0,0
61576,5,1,0,0,0,0,0,0,0,0,0,0
61577,0,1,0,0,0,0,0,0,0,0,0,0
61577,1,1,6,9,18,12,12,11,0,5,10,26
61578,0,1,10,0,0,0,17,16,0,23,0,0
61578,1,1,0,0,0,0,0,0,0,0,0,0
61579,1,1,0,0,0,0,0,0,0,0,0,0
61579,2,1,8,0,9,0,7,17,0,16,0,0
61580,1,1,0,0,0,0,0,0,0,0,0,0
61580,2,1,0,0,0,0,0,0,0,0,0,0
61581,1,1,0,0,0,0,0,0,0,0,0,0
61582,1,1,0,0,0,0,0,0,0,0,0,0
61582,2,1,12,0,0,0,0,0,0,0,0,0
61583,1,1,0,0,0,0,0,0,0,0,0,0
61584,1,1,15,15,15,15,15,15,15,15,15,15
61584,2,1,0,0,0,0,0,0,0,0,0,0
61585,1,1,3,3,3,3,3,3,3,3,3,3
61586,1,1,0,0,0,0,0,24,0,0,0,0
61586,2,1,0,0,0,0,0,0,19,42,0,0
61586,3,1,0,0,0,30,0,0,0,30,0,0
61586,4,1,0,0,0,0,0,0,0,0,0,0
61587,1,1,18,18,18,18,18,18,18,18,18,18
61588,1,1,0,0,0,0,0,0,0,0,0,0
61588,2,1,0,0,0,0,0,0,0,0,0,0
61588,3,1,0,0,0,0,0,0,0,30,0,0
61588,4,1,0,0,0,0,25,0,0,0,0,0
61588,5,1,0,0,0,0,0,0,0,0,0,0
61588,6,1,0,0,0,0,0,0,0,0,0,0
61589,1,1,0,0,0,0,0,0,0,0,0,0
61590,1,1,0,0,0,0,0,0,0,0,0,0
61590,2,1,0,19,0,0,0,0,0,0,0,0
61591,1,1,18,18,18,18,18,18,18,18,18,18
61591,2,1,0,0,0,0,0,0,0,0,0,0
61592,0,1,0,0,0,0,0,42,0,0,0,0
61592,1,1,0,0,0,0,0,0,0,0,0,0
61593,1,1,0,0,0,0,0,0,0,0,0,0
61594,1,1,0,0,0,21,0,23,8,14,20,36
61595,1,1,22,21,26,22,13,26,26,31,18,25
61596,0,1,0,0,0,0,0,0,0,0,0,0
61596,1,1,0,0,0,0,0,0,0,0,0,0
61597,1,1,0,0,0,0,0,0,0,0,0,0
61597,2,1,0,0,0,0,0,0,0,0,0,0
61598,1,1,0,0,0,0,0,0,0,0,0,0
61599,1,1,0,0,0,0,0,0,0,0,0,0
61600,1,1,0,0,0,0,0,11,0,0,0,0
61600,2,1,0,0,0,0,0,0,0,0,0,0
61601,1,1,0,0,0,0,0,0,0,0,0,0
61601,2,1,0,0,0,0,0,0,0,0,0,0
61601,3,1,0,0,0,0,0,0,0,0,0,0
61602,1,1,9,18,5,25,14,10,23,13,10,31
61603,1,1,12,15,22,11,29,21,19,32,26,16
61604,1,1,0,0,0,0,0,0,0,0,0,0
61605,1,1,0,0,0,0,0,0,0,0,0,0
61605,2,1,3,0,20,0,10,0,8,0,0,0
61606,0,1,0,0,0,0,0,0,0,0,0,0
61606,1,1,0,0,0,0,0,11,0,17,0,0
61607,0,1,0,0,0,0,0,0,0,0,11,0
61607,1,1,0,0,0,0,0,0,0,0,0,0
61608,1,1,0,23,27,0,15,32,0,9,26,30
61609,1,1,8,8,8,8,8,8,8,8,8,8
61610,1,1,3,0,7,27,5,10,15,14,4,11
61611,1,1,0,0,0,0,0,0,0,0,0,0
61612,1,1,0,0,0,0,0,0,0,0,0,0
61612,2,1,0,0,0,0,0,0,0,0,0,0
61613,1,1,29,29,29,29,29,29,29,29,29,29
61613,2,1,0,10,0,0,0,0,0,0,0,17
61614,1,1,0,0,0,0,0,0,0,0,0,0
61614,2,1,14,14,14,14,14,14,14,14,14,14
61615,1,1,7,19,19,4,7,6,18,26,9,37
61615,2,1,0,7,0,19,0,0,0,10,0,0
61616,1,1,22,22,22,22,22,22,22,22,22,22
61616,2,1,0,0,0,0,0,0,0,0,0,0
61617,1,1,0,0,0,0,0,0,0,0,13,0
61618,0,1,0,10,0,0,0,0,0,0,0,28
61618,0,2,20,0,0,0,0,0,18,0,0,0
61618,1,1,0,0,0,0,0,0,0,0,0,0
61619,1,1,3,3,3,3,3,3,3,3,3,3
61620,0,1,0,0,0,0,0,23,0,0,0,0
61620,1,1,0,0,0,0,0,0,0,0,0,0
61621,0,1,28,28,28,28,28,28,28,28,28,28
61621,1,1,0,0,0,0,0,0,0,0,0,0
61622,1,1,0,0,0,0,0,0,0,0,0,0
61622,2,1,0,0,0,0,0,0,0,0,0,0
61623,0,1,18,18,18,18,18,18,18,18,18,18
61623,1,1,0,0,0,19,17,0,0,0,0,6
61624,0,1,28,16,0,0,28,0,0,6,0,0
61624,1,1,0,0,0,0,0,0,0,0,0,0
61625,1,1,0,0,0,0,0,0,0,0,0,0
61625,2,1,18,0,0,0,0,0,0,0,0,0
61626,1,1,14,14,14,14,14,14,14,14,14,14
61627,1,1,0,0,0,0,0,0,0,0,0,0
61627,2,1,0,0,0,0,0,0,0,0,0,0
61628,1,1,9,9,9,9,9,9,9,9,9,9
61629,1,1,0,0,0,0,0,0,0,0,0,0
61629,2,1,0,0,0,0,0,0,0,0,0,0
61629,3,1,15,0,0,0,0,0,0,0,0,0
61630,1,1,20,20,20,20,20,20,20,20,20,20
61631,1,1,0,0,0,14,0,0,0,0,0,0
61631,2,1,0,0,0,0,0,0,0,0,0,0
61632,1,1,0,0,0,0,0,0,0,0,0,0
61632,2,1,0,0,0,0,0,0,0,0,0,0
61632,3,1,0,0,0,0,0,0,0,0,0,0
61633,1,1,0,11,7,34,0,0,10,0,0,18
61634,1,1,20,20,20,20,20,20,20,20,20,20
61635,1,1,11,18,0,24,25,14,12,0,25,8
61636,1,1,0,20,0,16,29,7,0,0,11,16
61637,1,1,13,13,13,13,13,13,13,13,13,13
61637,2,1,0,0,0,0,0,0,0,0,0,0
61638,1,1,0,0,0,0,0,0,0,0,0,0
61638,2,1,0,0,0,0,0,0,0,0,0,0
61639,1,1,0,0,0,0,0,0,0,0,0,0
61639,2,1,0,0,0,0,0,0,0,0,0,0
61639,3,1,0,0,0,0,0,0,0,0,0,0
61639,4,1,0,0,0,0,0,0,0,0,0,0
61640,1,1,0,0,0,0,0,0,0,0,0,0
61641,1,1,0,0,0,0,0,0,0,0,0,0
61641,2,1,0,13,0,0,0,0,0,0,0,0
61642,1,1,19,21,19,22,12,15,11,14,19,0
61643,1,1,4,4,4,4,4,4,4,4,4,4
61643,2,1,20,0,14,0,0,0,0,12,0,0
61644,1,1,0,0,0,0,0,0,0,0,0,0
61645,1,1,0,24,0,0,0,0,0,0,0,0
61646,1,1,7,7,7,7,7,7,7,7,7,7
61646,2,1,0,0,0,6,0,0,0,0,13,0
61646,3,1,27,21,29,0,41,16,26,16,0,13
61647,1,1,0,0,0,16,0,0,0,9,0,0
61647,2,1,0,0,0,0,0,0,0,0,0,0
61648,0,1,0,9,0,0,0,0,0,17,0,0
61648,2,1,0,0,5,0,0,15,17,0,0,0
61649,1,1,0,0,16,16,0,0,22,33,13,0
61650,1,1,0,0,0,0,11,0,20,0,0,20
61650,2,1,0,0,0,0,0,0,0,0,0,0
61651,1,1,0,0,0,0,0,0,0,0,0,0
61652,0,1,14,14,14,14,14,14,14,14,14,14
61652,1,1,0,0,6,0,0,19,0,0,5,0
61653,0,1,0,23,0,10,0,0,0,0,20,21
61653,0,2,30,11,0,0,0,0,0,0,0,12
61653,1,1,0,0,0,0,9,0,0,0,0,16
61654,1,1,0,0,7,13,18,0,0,8,17,0
61654,2,1,0,0,3,0,0,0,0,0,4,0
61655,1,1,0,0,0,0,0,0,0,0,0,0
61656,1,1,13,13,13,13,13,13,13,13,13,13
61658,1,1,12,4,0,13,12,0,11,0,15,7
61658,2,1,0,0,0,0,0,0,0,0,0,0
61659,1,1,17,17,17,17,17,17,17,17,17,17
61659,2,1,0,0,0,0,0,0,30,0,0,27
61660,0,1,0,0,0,0,0,0,0,0,0,0
61660,1,1,0,0,0,0,0,0,0,0,0,0
61660,2,1,0,0,0,0,0,17,0,5,0,0
61660,3,1,0,0,0,0,0,0,0,0,0,0
61661,0,1,0,59,23,32,0,0,22,15,0,0
61661,1,1,0,0,0,0,0,4,1,0,0,0
61662,0,1,0,0,0,0,0,0,0,0,0,0
61662,1,1,0,0,0,0,0,0,0,0,0,0
61663,0,1,34,35,16,18,15,29,20,24,26,20
61663,1,1,0,0,9,0,0,0,0,0,0,0
61664,0,1,17,17,17,17,17,17,17,17,17,17
61664,0,2,0,29,0,0,0,0,15,0,0,0
61664,1,1,0,0,0,0,0,0,0,0,0,0
61665,1,1,21,21,21,21,21,21,21,21,21,21
61665,2,1,0,0,0,0,0,0,0,0,0,0
61666,1,1,19,19,19,19,19,19,19,19,19,19
61667,1,1,24,24,24,24,24,24,24,24,24,24
61667,2,1,0,0,0,0,0,0,0,0,0,0
61668,0,1,0,0,0,0,0,0,0,0,0,0
61668,1,1,0,0,0,0,0,0,0,0,0,0
61669,1,1,0,0,0,0,0,0,0,0,0,0
61669,2,1,0,0,0,0,0,0,0,0,0,0
61670,0,1,22,22,22,22,22,22,22,22,22,22
61670,1,1,0,4,0,0,0,0,0,0,0,0
61671,1,1,0,0,0,0,0,14,0,0,0,0
61671,2,1,0,0,0,0,0,0,0,0,0,0
61672,1,1,0,0,0,0,0,0,0,0,0,0
61673,0,1,0,0,0,0,0,0,0,0,0,0
61673,1,1,0,25,0,0,0,0,0,0,0,11
61674,1,1,0,27,0,0,0,11,20,0,14,0
61675,1,1,16,16,16,16,16,16,16,16,16,16
61676,0,1,1,1,1,1,1,1,1,1,1,1
61676,1,1,0,0,0,0,0,0,0,0,0,0
61677,1,1,24,24,24,24,24,24,24,24,24,24
61678,0,1,0,0,0,0,0,0,0,0,0,0
61678,1,1,0,0,0,0,0,0,0,0,0,0
61679,1,1,0,0,0,0,0,0,15,0,8,13
61680,1,1,20,20,20,20,20,20,20,20,20,20
61681,1,1,0,0,0,0,0,0,0,0,0,0
61682,1,1,0,0,0,0,0,0,0,0,0,0
61684,1,1,0,0,0,0,0,0,0,0,23,0
61684,2,1,0,0,0,0,0,0,0,0,0,0
61685,1,1,0,0,0,0,0,0,0,0,0,0
61685,2,1,0,0,0,0,0,0,0,3,0,0
61686,1,1,0,0,0,10,0,0,19,0,11,0
61687,1,1,21,21,21,21,21,21,21,21,21,21
61689,0,1,0,0,0,0,0,26,25,0,18,0
61689,1,1,0,0,0,0,0,0,0,0,0,0
61690,1,1,0,0,0,0,0,0,0,0,0,0
61691,1,1,0,0,0,0,0,0,0,0,0,0
61691,2,1,0,0,0,0,19,0,0,0,0,0
61692,1,1,4,4,4,4,4,4,4,4,4,4
61692,2,1,0,0,0,0,0,0,0,0,0,0
61693,0,1,8,8,8,8,8,8,8,8,8,8
61693,1,1,0,0,0,0,0,0,0,0,0,0
61693,2,1,0,0,0,0,16,0,0,0,0,0
61693,3,1,0,0,0,0,0,0,0,0,0,0
61693,4,1,3,13,0,8,7,9,0,4,0,25
61694,0,1,0,0,0,0,0,0,0,0,0,0
61694,1,1,0,0,0,0,0,0,0,0,0,0
61695,0,1,31,31,31,31,31,31,31,31,31,31
61695,1,1,21,34,4,20,0,0,0,0,0,0
61696,0,1,0,3,8,26,4,0,16,24,15,21
61696,1,1,0,0,0,0,0,0,0,0,0,0
61697,1,1,0,0,0,0,0,0,0,0,0,0
61697,2,1,0,0,0,0,0,0,0,7,0,0
61697,3,1,0,0,0,0,0,0,0,0,0,0
61697,4,1,0,0,0,0,0,0,0,0,0,0
61698,0,1,3,3,3,3,3,3,3,3,3,3
61698,1,1,0,0,0,0,0,0,0,25,0,0
61699,1,1,0,0,0,0,0,0,0,0,0,0
61699,2,1,0,0,0,0,0,0,0,0,0,0
61700,1,1,14,0,0,16,3,27,23,10,5,29
61701,1,1,0,0,0,0,0,0,0,0,0,0
61701,2,1,0,0,0,0,0,0,0,0,0,0
61702,1,1,0,0,0,0,0,0,0,0,0,0
61702,2,1,4,0,0,0,0,0,0,0,0,0
61703,1,1,10,10,10,10,10,10,10,10,10,10