ST_CASE,VEH_NO,PER_NO,P1,P2,P3,P4,P5,P6,P7,P8,P9,P10
61704,1,1,0,0,0,0,0,0,0,0,0,0
61705,0,1,0,0,0,0,0,0,0,0,0,0
61705,1,1,0,0,0,0,13,0,0,0,0,0
61706,1,1,10,10,10,10,10,10,10,10,10,10
61707,0,1,0,0,0,0,0,0,0,0,0,0
61707,1,1,0,0,0,18,0,0,0,0,0,0
61708,1,1,0,0,0,0,0,0,0,0,0,0
61708,2,1,0,0,0,0,0,0,0,4,0,0
61708,3,1,0,9,0,0,0,0,0,0,0,0
61709,1,1,0,0,0,0,0,0,0,0,0,0
61710,1,1,14,14,14,14,14,14,14,14,14,14
61710,2,1,0,0,0,0,0,0,0,0,0,0
61711,1,1,15,15,15,15,15,15,15,15,15,15
61711,2,1,0,0,0,19,0,0,0,0,13,0
61712,1,1,0,0,0,0,0,0,0,0,0,0
61712,2,1,0,0,0,0,0,0,0,0,0,0
61713,1,1,0,0,0,0,25,9,14,0,0,14
61713,2,1,0,0,0,0,0,0,0,29,0,0
61713,3,1,0,19,0,32,0,0,0,13,0,0
61714,0,1,0,0,7,0,0,0,0,0,0,0
61714,1,1,0,0,0,0,0,0,0,0,0,0
61715,0,1,7,0,33,0,0,27,0,0,0,0
61715,1,1,0,0,0,0,0,0,0,0,0,0
61716,1,1,17,17,17,17,17,17,17,17,17,17
61717,1,1,0,0,0,0,0,0,0,0,0,0
61719,1,1,0,0,0,0,0,0,0,0,0,0
61719,2,1,0,0,0,0,0,0,0,0,0,0
61720,0,1,0,0,0,21,0,0,44,0,0,0
61720,1,1,16,0,0,19,12,17,0,6,7,30
61721,1,1,0,0,0,32,10,0,10,12,31,19
61721,2,1,0,0,0,0,0,0,0,0,0,0
61722,1,1,0,0,26,0,0,0,0,0,0,0
61722,2,1,22,0,0,0,0,0,0,0,0,0
61722,3,1,0,20,0,0,0,0,0,0,0,15
61722,4,1,0,0,0,0,0,0,13,9,0,0
61723,1,1,13,34,10,17,7,20,22,5,13,1
61724,1,1,0,0,0,0,0,8,0,0,0,0
61724,2,1,0,0,0,0,0,0,0,0,0,0
61725,1,1,9,9,9,9,9,9,9,9,9,9
61726,0,1,17,16,15,20,8,12,13,18,19,31
61726,1,1,0,13,7,12,11,11,0,0,0,0
61727,1,1,25,25,25,25,25,25,25,25,25,25
61727,2,1,0,0,0,13,0,0,0,0,0,0
61728,1,1,0,0,0,0,0,0,0,0,0,0
61728,2,1,0,0,0,0,0,0,0,0,0,0
61729,1,1,0,0,0,0,0,0,0,0,0,0
61729,2,1,0,0,0,0,0,0,12,0,0,0
61730,0,1,20,0,0,0,23,0,0,0,0,20
61730,1,1,2,9,0,4,0,12,0,9,6,12
61731,1,1,0,0,12,9,0,0,4,30,21,25
61732,1,1,38,38,38,38,38,38,38,38,38,38
61733,0,1,0,0,0,0,0,0,0,0,0,0
61733,1,1,0,0,0,0,0,0,0,0,0,0
61734,1,1,0,10,0,0,0,0,0,0,0,0
61735,1,1,0,0,0,0,0,0,0,0,0,0
61735,2,1,0,0,0,0,0,0,0,0,0,0
61736,1,1,0,0,7,0,24,31,29,0,8,0
61737,1,1,0,0,0,0,0,32,0,0,0,0
61737,2,1,0,0,0,0,0,0,0,0,0,12
61738,1,1,25,0,25,0,0,18,0,0,16,0
61739,1,1,0,0,0,0,0,0,0,0,0,0
61739,2,1,0,0,0,0,0,0,0,0,0,0
61740,0,1,4,4,4,4,4,4,4,4,4,4
61740,1,1,0,0,0,0,0,0,0,0,0,0
61741,1,1,14,14,14,14,14,14,14,14,14,14
61742,0,1,14,14,14,14,14,14,14,14,14,14
61742,1,1,0,0,0,0,0,0,0,0,0,0
61743,0,1,32,15,29,41,13,5,24,19,34,20
61743,1,1,0,0,13,0,22,0,0,0,8,11
61744,1,1,0,0,0,0,0,21,0,0,0,0
61746,1,1,0,0,0,0,14,0,0,0,0,0
61746,2,1,9,9,9,9,9,9,9,9,9,9
61747,1,1,0,0,0,29,0,0,0,0,0,0
61747,2,1,0,0,0,0,0,0,0,0,0,0
61747,3,1,0,0,0,0,0,0,0,0,0,0
61748,1,1,36,36,36,36,36,36,36,36,36,36
61749,1,1,22,22,22,22,22,22,22,22,22,22
61749,2,1,0,0,0,0,0,0,0,0,0,0
61750,0,1,0,28,0,0,0,0,0,0,20,0
61750,1,1,0,0,0,0,0,0,0,0,0,0
61751,1,1,0,0,16,0,0,0,0,0,26,23
61752,1,1,0,0,0,0,0,0,0,0,0,0
61752,2,1,0,0,0,0,0,0,0,0,0,0
61753,1,1,0,0,0,0,0,0,0,0,0,0
61754,1,1,0,15,0,14,0,10,0,0,0,0
61755,0,1,11,11,11,11,11,11,11,11,11,11
61755,1,1,19,0,0,0,0,0,0,0,0,0
61756,1,1,18,0,0,0,0,0,0,0,0,0
61757,1,1,0,0,7,0,0,0,0,0,0,0
61758,0,1,0,0,0,0,0,0,0,0,0,0
61758,1,1,0,0,0,0,0,0,0,0,32,0
61759,1,1,0,0,21,0,0,0,0,0,0,0
61759,2,1,0,0,0,0,0,0,0,0,0,0
61761,0,1,26,26,26,26,26,26,26,26,26,26
61761,1,1,0,0,0,0,0,0,0,0,0,0
61762,1,1,0,0,0,0,0,0,0,0,0,0
61762,2,1,0,0,0,0,0,0,0,0,0,0
61763,1,1,15,15,15,15,15,15,15,15,15,15
61764,1,1,33,33,33,33,33,33,33,33,33,33
61765,1,1,0,0,0,0,0,0,0,0,20,0
61765,2,1,0,0,0,0,0,0,0,0,0,0
61765,3,1,0,0,28,29,0,16,7,0,13,8
61766,0,1,0,0,0,0,25,0,0,0,9,0
61766,1,1,0,0,0,0,0,0,0,0,0,0
61767,1,1,2,2,2,2,2,2,2,2,2,2
61767,2,1,0,0,0,0,0,0,0,0,0,0
61768,1,1,3,3,3,3,3,3,3,3,3,3
61768,2,1,0,0,0,0,0,0,0,0,0,0
61769,0,1,0,6,11,19,17,25,27,15,24,16
61769,0,2,0,0,0,0,0,0,0,0,0,0
61769,1,1,0,26,12,15,31,19,8,17,20,10
61770,1,1,0,0,0,0,0,0,0,37,0,0
61771,1,1,0,0,0,0,0,0,0,0,0,0
61771,2,1,0,0,0,0,0,0,0,0,0,0
61773,1,1,8,8,8,8,8,8,8,8,8,8
61774,1,1,0,0,0,19,41,25,0,0,0,25
61775,1,1,0,0,0,0,0,0,0,0,0,0
61776,0,1,0,31,15,0,0,0,0,14,0,0
61776,1,1,0,6,0,0,0,32,0,0,0,9
61777,0,1,0,0,0,0,0,0,0,0,0,0
61777,1,1,0,0,0,0,0,0,0,0,15,0
61778,0,1,1,1,1,1,1,1,1,1,1,1
61778,1,1,0,8,22,0,19,20,0,0,0,25
61779,1,1,0,0,0,0,0,0,0,0,0,0
61779,2,1,0,0,0,0,0,0,0,0,0,0
61779,3,1,0,0,0,0,0,0,0,0,0,0
61780,1,1,0,0,0,0,0,0,0,0,0,0
61780,2,1,0,0,0,0,0,0,0,0,0,0
61781,1,1,0,0,0,0,0,0,0,0,0,0
61781,2,1,3,3,3,3,3,3,3,3,3,3
61782,1,1,0,0,0,0,0,0,0,0,0,0
61783,1,1,0,0,0,0,0,0,0,0,0,0
61784,1,1,0,0,0,0,0,0,0,0,0,0
61785,1,1,31,12,12,19,4,21,13,18,25,30
61786,0,1,0,0,34,0,0,15,9,34,0,8
61786,1,1,0,0,0,0,0,0,0,0,0,0
61787,0,1,0,0,0,0,0,0,0,0,0,0
61787,1,1,0,0,0,0,0,0,0,0,10,0
61789,1,1,11,11,11,11,11,11,11,11,11,11
61790,0,1,27,27,27,27,27,27,27,27,27,27
61790,1,1,0,0,0,0,0,0,0,0,0,0
61791,1,1,0,0,0,0,0,0,0,0,0,0
61791,2,1,0,0,0,8,0,0,0,0,0,0
61792,1,1,0,0,14,0,9,0,8,19,0,19
61793,1,1,5,5,5,5,5,5,5,5,5,5
61794,0,1,0,0,0,0,0,0,0,0,0,0
61794,1,1,0,0,0,0,0,0,0,0,0,0
61795,1,1,8,8,8,8,8,8,8,8,8,8
61796,1,1,0,0,0,0,0,0,0,0,0,0
61796,2,1,0,0,0,0,0,0,0,0,0,0
61797,1,1,0,0,0,0,0,0,0,14,0,0
61797,2,1,0,0,0,0,0,0,0,0,0,0
61798,1,1,0,0,0,0,0,0,0,0,0,0
61799,1,1,10,27,24,0,0,4,19,18,20,12
61800,0,1,7,0,0,0,21,0,0,0,0,20
61800,1,1,0,0,0,0,22,0,0,0,0,0
61801,1,1,14,10,12,22,13,0,28,20,11,0
61802,1,1,0,0,0,0,0,15,0,0,0,0
61802,2,1,0,0,0,0,0,0,0,0,0,0
61803,1,1,0,0,0,0,0,0,0,0,0,0
61804,1,1,0,0,0,0,0,0,0,0,0,0
61805,1,1,0,0,0,0,0,0,0,0,0,0
61805,2,1,0,0,0,0,0,0,0,0,0,0
61806,1,1,0,0,0,0,0,0,0,0,0,0
61806,2,1,0,0,0,0,0,0,0,0,0,0
61807,1,1,0,0,0,0,0,0,0,0,0,0
61808,0,1,0,0,0,9,0,12,0,0,24,30
61808,1,1,22,22,22,22,22,22,22,22,22,22
61809,0,1,0,0,0,0,0,0,0,0,0,0
61809,1,1,0,0,0,0,31,0,0,0,0,0
61809,2,1,0,0,0,0,0,0,0,0,0,0
61809,3,1,0,0,0,0,0,0,0,0,0,0
61810,1,1,0,0,0,0,0,0,0,0,0,0
61810,2,1,0,0,0,0,0,0,0,0,0,0
61811,1,1,0,0,0,0,0,0,0,0,0,0
61811,2,1,0,0,0,0,0,0,0,0,0,0
61812,1,1,0,0,0,0,18,0,0,11,0,0
61813,1,1,14,14,14,14,14,14,14,14,14,14
61813,2,1,0,0,0,0,0,0,0,0,0,0
61814,1,1,19,19,19,19,19,19,19,19,19,19
61814,2,1,0,0,0,0,0,0,0,0,0,0
61815,1,1,8,8,8,8,8,8,8,8,8,8
61815,2,1,0,0,0,0,0,0,0,0,0,0
61816,1,1,0,0,0,0,0,0,0,0,0,0
61817,1,4,0,21,0,0,0,16,0,0,0,0
61818,1,1,0,0,0,0,0,0,0,0,0,0
61818,2,1,0,0,0,0,0,0,0,0,0,0
61819,1,1,16,16,16,16,16,16,16,16,16,16
61819,2,1,25,0,19,15,0,25,0,9,0,20
61820,0,1,0,16,0,38,0,0,26,0,0,8
61820,1,1,0,0,8,0,0,7,0,15,0,6
61821,1,1,11,11,11,11,11,11,11,11,11,11
61822,1,1,7,12,13,18,0,31,0,0,22,18
61823,1,1,0,0,0,0,0,0,0,0,0,0
61823,2,1,0,0,0,0,0,0,0,0,8,17
61823,3,1,0,0,0,0,0,14,0,21,0,0
61824,1,1,8,8,8,8,8,8,8,8,8,8
61825,1,1,0,0,0,0,0,0,14,0,0,0
61825,2,1,0,0,0,0,0,0,0,0,0,0
61825,3,1,0,0,0,0,0,0,20,0,0,0
61826,1,1,0,15,17,12,0,20,0,0,0,0
61827,0,1,0,0,0,0,0,0,0,0,0,0
61827,1,1,0,0,0,0,0,0,0,0,0,0
61828,0,1,0,0,0,5,0,0,0,0,0,0
61828,1,1,0,0,0,0,0,0,0,0,0,0
61829,1,1,0,0,0,0,0,0,0,0,0,0
61829,2,1,0,0,0,0,0,0,0,0,0,0
61829,3,1,0,0,0,0,0,0,0,0,0,0
61830,1,1,0,0,0,0,0,0,0,0,0,0
61830,2,1,0,0,0,0,0,0,0,0,0,0
61830,3,1,0,0,0,0,0,9,0,0,0,0
61831,1,1,0,0,0,0,0,0,0,0,0,0
61832,1,1,0,0,0,0,0,18,0,0,0,0
61832,2,1,0,0,0,0,0,0,0,0,7,0
61833,1,1,0,0,0,0,0,0,0,0,0,0
61834,1,1,0,0,0,0,0,0,0,0,0,0
61834,2,1,0,0,0,0,0,0,0,0,0,0
61835,1,1,0,0,0,0,0,0,0,0,0,0
61836,1,1,0,0,0,0,0,0,0,0,0,0
61837,1,1,0,0,0,0,42,0,0,0,0,0
61837,2,1,0,0,0,0,0,0,0,0,0,0
61838,0,1,0,0,0,0,0,0,0,0,0,11
61838,1,1,0,0,0,0,0,0,0,0,0,0
61839,1,1,11,11,11,11,11,11,11,11,11,11
61841,1,1,0,0,5,0,0,0,0,0,0,0
61841,2,1,0,0,0,0,0,0,0,0,0,0
61842,1,1,8,8,8,8,8,8,8,8,8,8
61842,2,1,0,0,0,0,0,0,0,0,0,0
61843,1,1,0,0,0,0,0,0,0,0,0,0
61845,1,1,0,0,0,0,0,0,0,0,0,0
61846,1,1,21,21,21,21,21,21,21,21,21,21
61846,2,1,0,0,0,0,0,0,0,0,0,0
61847,0,1,8,8,8,8,8,8,8,8,8,8
61847,1,1,14,14,14,14,14,14,14,14,14,14
61848,0,1,13,14,0,35,18,20,8,5,31,28
61848,1,1,0,0,0,0,0,0,0,0,0,0
61849,1,1,0,0,13,0,0,0,0,0,0,0
61850,0,1,22,21,38,11,23,35,6,33,19,17
61850,1,1,0,4,0,8,0,19,5,10,0,2
61850,2,1,0,0,0,0,0,0,0,10,11,0
61851,1,1,10,22,13,13,0,2,18,15,33,0
61852,1,1,2,2,2,2,2,2,2,2,2,2
61852,2,1,0,0,0,0,0,12,0,0,0,0
61853,1,1,21,9,37,20,22,15,23,0,15,7
61853,2,1,0,0,0,0,0,0,0,0,0,0
61854,1,1,26,26,26,26,26,26,26,26,26,26
61855,0,1,0,0,0,0,0,0,0,0,0,0
61855,1,1,0,0,0,0,0,0,0,0,0,0
61856,0,1,0,0,0,0,0,0,0,0,0,0
61856,1,1,0,0,0,0,0,9,0,7,0,38
61857,1,1,0,0,0,0,0,18,0,0,0,0
61857,2,1,0,0,0,0,0,0,0,0,0,0
61858,1,1,0,0,0,0,0,0,0,0,0,0
61858,2,1,0,0,0,0,0,0,0,0,0,0
61859,0,1,0,0,0,0,0,0,0,0,0,0
61859,1,1,0,0,0,0,0,0,0,0,0,0
61860,1,1,31,11,33,7,29,9,18,26,22,22
61861,1,1,0,0,0,0,0,0,0,0,0,0
61861,2,1,0,0,0,0,0,0,0,0,0,20
61861,3,1,0,13,0,0,0,0,0,0,0,0
61862,1,1,30,17,13,16,20,22,23,16,14,18
61862,2,1,0,0,0,0,0,0,0,0,0,9
61863,1,1,32,32,32,32,32,32,32,32,32,32
61864,1,1,0,0,0,0,0,0,0,0,0,0
61865,1,1,25,0,32,0,31,24,0,0,0,0
61866,1,1,0,0,0,0,0,0,0,0,0,0
61866,3,1,0,0,0,0,0,0,0,0,0,0
61867,0,1,0,0,0,0,0,0,17,0,0,0
61867,1,1,0,0,0,0,0,0,0,0,0,0
61868,1,1,0,0,0,0,0,0,0,0,0,0
61869,1,1,0,0,0,0,0,0,0,0,0,0
61869,2,1,0,0,0,0,0,0,0,0,0,0
61870,2,1,0,0,0,0,0,0,0,0,0,0
61870,3,1,0,0,0,0,0,0,0,0,0,0
61871,0,1,0,0,0,0,0,0,0,0,0,0
61871,1,1,0,11,0,16,20,13,0,0,27,0
61872,1,1,0,0,0,0,0,0,0,0,0,0
61872,2,1,0,0,0,12,18,0,0,0,0,8
61872,3,1,0,0,0,0,0,0,0,0,0,0
61872,4,1,0,0,0,0,0,0,0,0,0,0
61872,5,1,0,0,0,0,0,0,0,0,0,0
61873,0,1,0,0,0,0,0,0,0,0,0,0
61873,1,1,0,0,0,0,0,0,0,0,0,0
61874,0,1,0,22,20,19,17,0,0,0,0,29
61874,1,1,0,0,0,0,0,0,0,0,0,0
61875,0,1,0,0,0,0,12,0,0,0,0,0
61875,1,1,0,0,0,0,0,0,0,0,0,0
61876,1,1,16,28,18,5,27,19,0,14,21,4
61877,0,1,0,0,0,0,0,0,0,0,0,0
61877,1,1,0,9,0,0,0,0,0,0,0,0
61878,1,1,24,10,22,23,14,31,8,15,17,40
61879,1,1,0,0,0,16,0,0,0,0,0,0
61879,2,1,0,0,0,0,0,0,0,0,0,0
61880,0,1,0,0,0,0,0,0,0,0,0,0
61880,1,1,0,0,0,0,0,12,0,0,0,0
61881,1,1,33,33,33,33,33,33,33,33,33,33
61882,1,1,0,0,0,0,0,0,0,0,0,0
61882,2,1,0,0,0,0,0,0,0,0,0,0
61883,1,1,21,17,10,9,7,13,49,14,6,17
61884,0,1,0,0,0,0,0,0,0,0,0,0
61884,1,1,0,0,0,0,0,0,0,0,0,0
61885,1,1,30,30,30,30,30,30,30,30,30,30
61885,2,1,0,0,0,0,0,0,0,0,0,0
61886,0,1,24,24,24,24,24,24,24,24,24,24
61886,1,1,0,0,0,0,0,0,0,0,0,0
61887,1,1,20,20,20,20,20,20,20,20,20,20
61888,1,1,0,0,0,0,0,0,0,0,0,0
61888,2,1,0,0,0,0,0,0,0,0,0,0
61888,3,1,0,0,0,0,0,0,0,0,0,0
61888,4,1,0,0,0,0,0,0,0,0,0,0
61889,0,1,6,0,0,0,0,23,0,0,0,0
61889,1,1,0,20,3,0,0,0,0,0,0,5
61890,1,1,0,0,0,0,0,0,0,0,0,0
61890,2,1,0,0,0,0,0,0,0,0,0,0
61891,1,1,0,0,7,14,0,0,0,0,0,0
61891,2,1,0,0,0,0,0,0,0,0,0,0
61892,0,1,0,14,0,0,7,16,0,0,0,32
61892,1,1,0,7,13,8,12,0,0,13,10,7
61893,1,1,33,33,33,33,33,33,33,33,33,33
61894,1,1,0,12,27,0,0,0,0,23,0,0
61894,2,1,0,0,0,0,0,0,0,0,0,0
61895,1,1,0,0,0,0,0,0,0,0,0,0
61895,2,1,0,0,0,0,0,0,0,0,0,0
61895,3,1,0,0,0,0,0,0,0,0,0,0
61895,4,1,0,0,0,3,0,0,0,0,0,0
61895,5,1,0,0,13,0,0,0,0,0,6,0
61896,1,1,6,6,6,6,6,6,6,6,6,6
61897,0,1,0,47,20,0,0,45,0,0,0,9
61897,1,1,0,6,24,0,10,0,14,14,7,35
61899,1,1,19,19,19,19,19,19,19,19,19,19
61900,0,1,16,0,0,21,6,0,0,0,0,0
61900,1,1,0,0,0,0,0,7,0,0,0,0
61901,1,1,20,20,20,20,20,20,20,20,20,20
61902,1,1,20,0,0,0,3,0,0,0,0,17
61903,1,1,0,37,15,52,21,0,12,0,2,0
61903,2,1,0,0,0,0,0,0,0,0,0,0
61903,3,1,0,0,0,0,0,24,19,0,0,0
61903,4,1,0,0,14,0,0,0,0,0,0,0
61904,1,1,10,8,17,11,8,12,3,10,0,0
61905,1,1,12,12,12,12,12,12,12,12,12,12
61907,1,1,0,0,0,0,0,0,0,0,0,0
61907,2,1,0,0,0,0,14,0,0,0,0,0
61908,1,1,14,0,0,0,0,0,0,0,0,0
61908,2,1,0,0,0,0,0,0,0,0,0,0
61910,0,1,0,0,0,0,0,0,0,0,8,26
61910,1,1,0,0,0,0,0,0,0,0,0,0
61911,1,1,24,12,0,5,19,4,14,11,11,21
61911,2,1,0,29,13,0,0,0,0,0,0,0
61912,1,1,0,0,0,0,0,0,0,0,0,0
61912,2,1,0,0,0,0,0,0,0,0,0,0
61913,1,1,0,0,0,0,0,0,0,0,0,0
61914,1,1,29,29,29,29,29,29,29,29,29,29
61915,0,1,25,0,12,0,38,6,31,21,7,33
61915,1,1,12,0,0,0,0,0,0,0,0,0
61916,1,1,0,0,0,0,0,0,21,0,15,0
61916,2,1,0,0,0,0,0,0,0,0,0,0
61916,3,1,0,0,0,0,0,0,0,0,0,0
61917,0,1,9,0,0,0,0,0,0,0,0,0
61917,1,1,0,0,0,0,0,0,0,0,0,0
61918,1,1,0,0,0,0,0,0,0,0,0,0
61918,2,1,0,0,12,13,0,14,9,11,0,0
61919,1,1,12,12,12,12,12,12,12,12,12,12
61919,2,1,1,1,1,1,1,1,1,1,1,1
61920,1,1,25,25,25,25,25,25,25,25,25,25
61921,1,1,15,15,15,15,15,15,15,15,15,15
61922,1,1,0,0,0,0,0,0,0,0,0,0
61922,2,1,0,0,0,0,0,0,0,0,0,0
61922,3,1,0,0,0,0,0,0,0,0,0,0
61922,4,1,0,0,0,0,0,0,0,0,0,0
61923,1,1,0,0,0,0,0,0,0,0,0,0
61923,2,1,0,0,0,30,0,0,13,0,0,0
61924,1,1,16,16,16,16,16,16,16,16,16,16
61924,2,1,0,0,0,0,0,0,0,0,0,0
61925,0,1,0,0,0,0,0,0,0,0,0,0
61925,1,1,0,0,0,0,18,0,0,0,0,0
61926,1,1,0,0,0,0,0,0,0,0,0,0
61926,2,1,0,0,0,0,0,0,0,0,0,0
61927,0,1,31,0,0,0,8,20,30,0,19,0
61927,1,1,0,0,0,0,0,0,0,0,0,0
61928,1,1,0,0,0,0,0,0,0,0,0,0
61928,2,1,0,0,0,0,0,0,0,0,0,0
61929,0,1,0,0,17,0,0,0,0,0,0,0
61929,1,1,0,0,0,24,0,0,0,0,0,0
61930,0,1,0,0,0,0,0,0,0,0,0,0
61930,1,1,0,0,0,0,0,0,0,0,0,0
61931,1,1,5,25,17,24,16,7,20,11,22,18
61932,0,1,20,20,20,20,20,20,20,20,20,20
61932,1,1,0,0,0,0,0,0,0,0,0,0
61933,1,1,0,0,0,0,0,0,0,0,0,0
61933,2,1,0,0,0,0,0,0,0,0,0,0
61933,3,1,0,0,0,0,0,0,0,0,0,0
61934,0,1,14,11,9,5,21,15,7,2,11,22
61934,1,1,0,0,0,0,0,0,0,17,0,0
61935,0,1,0,0,0,0,0,0,0,0,0,0
61935,1,1,0,0,0,0,9,0,0,0,0,6
61936,0,1,0,0,6,20,0,0,14,0,0,0
61936,1,1,0,0,0,0,0,0,0,0,0,0
61937,1,1,27,27,27,27,27,27,27,27,27,27
61938,0,1,0,0,0,0,0,0,0,0,0,0
61938,1,1,0,0,0,0,0,0,0,0,0,0
61939,1,1,0,0,0,0,0,0,0,0,0,0
61940,1,1,0,0,0,0,0,0,0,0,0,0
61940,2,1,0,0,0,0,0,0,0,0,0,0
61941,0,1,12,12,12,12,12,12,12,12,12,12
61941,1,1,0,0,0,0,0,0,19,0,0,0
61942,1,1,9,9,9,9,9,9,9,9,9,9
61943,1,1,0,0,0,0,0,0,0,0,0,0
61944,1,1,0,0,2,0,9,0,0,0,0,0
61944,2,1,0,0,0,0,0,0,0,0,0,0
61945,1,1,1,1,1,1,1,1,1,1,1,1
61946,1,1,14,14,14,14,14,14,14,14,14,14
61947,1,1,0,0,0,0,0,0,0,0,0,0
61948,1,1,0,0,0,0,0,0,0,0,0,0
61948,2,1,0,0,0,0,0,0,0,0,0,0
61949,1,1,19,19,19,19,19,19,19,19,19,19
61950,1,1,25,25,25,25,25,25,25,25,25,25
61950,2,1,0,0,0,0,0,0,0,0,0,0
61951,1,1,0,0,0,0,0,0,0,0,0,0
61952,1,1,0,0,0,0,0,0,0,0,0,0
61952,2,1,0,0,16,0,0,0,9,0,0,0
61953,1,1,0,0,0,0,0,0,0,0,0,0
61953,2,1,0,0,0,0,0,0,0,0,0,0
61954,1,1,31,31,31,31,31,31,31,31,31,31
61954,2,1,0,0,0,0,0,0,0,0,0,0
61955,1,1,0,0,0,0,0,0,0,0,0,0
61956,0,1,21,0,0,0,32,4,29,0,0,50
61956,1,1,0,14,0,4,0,0,25,0,0,0
61957,1,1,29,29,29,29,29,29,29,29,29,29
61958,1,1,10,12,12,10,25,22,14,20,3,7
61959,1,1,0,0,0,0,0,0,0,0,0,0
61959,2,1,0,0,0,0,0,0,0,22,0,0
61960,1,1,19,19,19,19,19,19,19,19,19,19
61961,1,1,0,0,0,0,0,0,0,0,0,0
61961,2,1,0,0,0,0,0,0,0,0,0,0
61962,1,1,0,0,0,0,0,0,0,0,0,0
61962,2,1,0,0,0,0,0,0,0,0,0,0
61963,1,1,12,12,12,12,12,12,12,12,12,12
61964,0,1,0,18,0,0,19,0,0,0,26,0
61964,1,1,0,0,0,0,0,0,0,0,26,0
61964,2,1,0,0,0,0,0,0,8,10,0,0
61965,1,1,0,27,0,0,22,23,0,23,0,35
61965,2,1,0,0,0,0,0,0,0,0,0,0
61966,1,1,16,15,30,15,23,28,16,0,0,20
61967,1,1,18,0,0,0,0,0,23,0,0,0
61968,1,1,0,14,0,0,28,0,0,0,21,0
61969,0,1,0,0,0,0,0,0,0,0,0,0
61969,1,1,0,18,0,0,21,0,0,0,0,0
61970,1,1,15,15,15,15,15,15,15,15,15,15
61970,2,1,0,24,0,0,30,0,11,0,33,0
61970,3,1,0,0,13,0,0,0,0,8,4,0
61971,0,1,0,0,0,5,11,0,0,0,37,9
61971,1,1,6,0,17,17,21,4,0,0,0,17
61971,2,1,6,0,6,0,0,0,0,8,18,14
61972,0,1,0,34,0,0,12,0,0,0,0,0
61972,1,1,0,0,0,0,0,0,0,0,0,0
61973,1,1,0,0,0,0,0,0,0,0,0,0
61973,2,1,0,0,0,0,0,0,0,0,0,0
61974,1,1,0,0,0,0,0,0,0,0,0,0
61975,1,1,0,0,0,0,0,0,0,0,0,0
61975,2,1,0,0,0,0,0,0,0,0,0,0
61976,0,1,0,0,11,0,0,0,0,0,0,0
61976,1,1,5,0,0,4,10,0,19,0,3,7
61978,1,1,0,0,0,0,0,0,0,0,0,0
61979,1,1,0,0,0,0,0,0,0,0,0,0
61980,1,1,16,16,16,16,16,16,16,16,16,16
61981,0,1,0,0,0,0,0,0,0,0,0,0
61981,1,1,0,0,0,0,25,0,0,0,27,0
61982,0,1,0,0,0,0,0,0,0,0,0,0
61982,1,1,0,0,0,0,0,0,0,0,0,0
61983,1,1,0,0,29,12,12,30,0,0,0,11
61984,1,1,32,32,32,32,32,32,32,32,32,32
61984,2,1,0,0,0,0,0,0,0,0,0,0
61985,1,1,0,0,0,0,0,0,0,0,0,0
61986,1,1,0,0,0,0,0,0,0,0,0,0
61986,2,1,11,0,0,0,0,0,0,0,0,0
61986,3,1,0,0,0,0,0,0,0,0,0,0
61987,0,1,20,0,0,16,19,0,0,28,13,13
61987,1,1,0,0,0,0,0,0,0,0,6,0
61988,1,1,3,3,3,3,3,3,3,3,3,3
61989,1,1,0,0,0,0,26,0,0,0,0,0
61990,0,1,22,12,0,0,5,25,32,15,0,2
61990,1,1,11,0,0,0,0,0,11,0,0,0
61991,1,1,0,0,0,0,0,0,0,0,0,0
61991,2,1,0,0,0,0,0,0,0,0,0,0
61992,0,1,0,0,0,0,0,0,0,0,0,0
61992,1,1,0,0,0,0,0,0,0,0,0,0
61993,1,1,7,25,23,11,5,14,34,19,0,24
61994,0,1,25,25,25,25,25,25,25,25,25,25
61994,1,1,0,0,0,0,17,0,0,0,0,0
61995,1,1,9,9,9,9,9,9,9,9,9,9
61995,2,1,0,0,0,0,0,0,0,0,0,0
61997,1,1,0,0,0,8,0,0,0,3,0,0
61997,2,1,0,0,0,0,0,0,0,0,0,0
61997,3,1,0,0,0,0,0,0,0,0,0,0