ST_CASE,VEH_NO,PER_NO,P1,P2,P3,P4,P5,P6,P7,P8,P9,P10
61998,1,1,5,5,5,5,5,5,5,5,5,5
61999,1,1,16,8,15,17,0,24,13,26,15,19
62000,1,1,3,3,3,3,3,3,3,3,3,3
62001,1,1,0,15,0,0,0,0,0,0,0,0
62001,2,1,0,0,0,0,0,0,0,0,0,0
62002,1,1,0,0,0,0,0,7,0,0,0,0
62002,2,1,0,0,0,0,0,0,0,0,0,0
62003,1,1,0,0,0,0,0,0,0,0,0,0
62003,2,1,0,0,0,0,12,0,0,0,0,0
62004,0,1,39,0,28,12,0,32,27,26,13,0
62004,1,1,0,0,0,0,0,0,0,0,25,0
62005,1,1,11,11,11,11,11,11,11,11,11,11
62006,1,1,10,0,0,21,0,0,0,0,0,0
62007,0,1,0,0,0,0,0,0,0,0,0,0
62007,1,1,0,0,0,0,0,0,0,0,0,0
62008,1,1,0,0,0,0,0,0,0,0,0,0
62009,1,1,5,5,5,5,5,5,5,5,5,5
62009,2,1,0,0,0,0,0,0,0,0,0,0
62010,1,1,0,0,0,0,0,0,0,0,0,0
62011,0,1,6,40,0,20,13,16,16,28,39,16
62011,1,1,0,0,0,0,0,0,0,0,0,0
62012,1,1,0,0,0,0,0,0,0,0,0,0
62013,1,1,0,0,0,0,0,0,0,0,0,0
62014,1,1,0,0,0,0,0,0,0,0,0,0
62015,1,1,0,0,0,0,0,0,0,0,0,0
62016,1,1,0,0,0,0,0,0,0,0,0,0
62017,1,1,28,28,28,28,28,28,28,28,28,28
62018,1,1,0,0,0,0,0,0,0,0,0,0
62018,2,1,0,0,0,0,0,0,0,0,0,0
62019,0,1,7,7,7,7,7,7,7,7,7,7
62019,1,1,0,0,0,0,0,0,0,0,0,0
62020,1,1,0,0,0,0,0,0,0,0,0,0
62021,1,1,4,4,4,4,4,4,4,4,4,4
62022,1,1,0,0,34,26,12,25,0,5,0,12
62023,0,1,15,15,15,15,15,15,15,15,15,15
62023,1,1,0,0,0,0,23,0,0,0,0,0
62024,0,1,0,0,0,0,0,0,0,0,0,0
62024,1,1,0,0,0,0,0,0,0,0,0,0
62025,1,1,0,0,0,0,0,0,0,0,0,0
62026,0,1,0,0,0,0,0,0,0,0,0,0
62026,1,1,0,16,0,0,0,0,0,7,0,0
62027,1,1,0,0,0,0,0,0,0,0,0,0
62027,2,1,0,0,0,0,0,0,0,0,0,0
62028,1,1,0,0,0,0,0,0,0,0,0,0
62029,1,1,0,0,0,0,0,0,0,0,0,0
62029,2,1,0,0,0,0,0,0,0,0,0,0
62029,3,1,0,0,0,0,0,0,0,0,0,0
62029,4,1,0,0,0,0,0,0,0,0,0,0
62029,5,1,0,0,0,0,0,0,0,0,0,0
62029,6,1,0,0,0,0,0,0,0,0,0,0
62030,0,1,0,0,0,17,0,0,0,0,8,0
62030,1,1,0,0,0,0,0,0,0,0,0,0
62031,1,1,0,0,6,0,0,0,0,0,0,0
62031,2,1,0,0,0,0,0,0,0,0,0,4
62032,1,1,0,15,0,30,6,0,0,0,22,13
62033,0,1,0,0,30,27,0,0,15,0,0,0
62033,1,1,0,0,0,0,0,0,0,0,0,0
62034,1,1,0,20,0,0,18,0,12,17,0,30
62035,1,1,0,0,0,0,0,0,0,0,0,0
62036,1,1,0,0,0,0,0,0,0,0,0,0
62036,2,1,0,0,0,0,0,0,0,0,0,0
62037,1,1,0,0,0,0,0,0,0,0,0,0
62038,1,1,20,20,20,20,20,20,20,20,20,20
62038,2,1,0,0,0,0,0,0,0,0,0,0
62039,1,1,0,0,0,0,0,0,0,0,0,0
62040,1,1,0,0,0,0,0,0,0,0,0,22
62041,1,1,18,18,18,18,18,18,18,18,18,18
62042,0,1,0,0,0,0,0,11,24,20,0,0
62042,1,1,0,0,17,0,0,0,3,0,0,0
62043,0,1,0,0,0,0,0,0,0,0,0,0
62043,1,1,0,0,0,0,0,0,0,0,16,0
62043,2,1,0,0,0,0,0,0,0,0,0,0
62044,0,1,0,26,0,0,0,0,30,0,0,0
62044,1,1,0,0,0,0,0,0,0,0,0,0
62045,1,1,0,0,0,0,0,0,0,0,0,0
62045,2,1,0,0,0,0,0,0,0,0,0,10
62046,1,1,10,13,35,15,11,0,2,27,8,14
62046,2,1,0,0,0,0,0,0,0,0,0,0
62047,1,1,0,0,0,0,0,0,0,0,0,0
62047,2,1,0,0,0,0,0,0,0,0,0,0
62048,0,1,0,0,0,0,0,0,0,0,0,0
62048,1,1,0,0,0,0,18,0,0,0,0,0
62049,0,1,5,5,5,5,5,5,5,5,5,5
62049,1,1,0,0,0,0,0,0,0,0,0,0
62050,1,1,4,4,4,4,4,4,4,4,4,4
62050,2,1,0,0,0,0,0,0,0,0,0,0
62051,1,1,0,0,0,0,0,0,0,0,0,10
62051,2,1,0,0,0,0,0,0,0,0,0,0
62052,1,1,12,12,12,12,12,12,12,12,12,12
62053,1,1,26,26,0,16,0,0,0,0,0,0
62054,1,1,0,0,0,0,0,0,0,0,0,0
62055,1,1,0,0,22,0,14,0,0,0,17,0
62056,1,1,15,22,0,0,0,0,21,0,0,9
62056,2,1,0,0,0,0,0,0,0,0,0,0
62057,1,1,16,17,13,13,20,6,3,26,12,25
62057,2,1,0,0,0,0,34,0,0,0,0,0
62058,1,1,22,22,22,22,22,22,22,22,22,22
62059,1,1,0,0,0,0,0,0,0,0,0,3
62060,1,1,20,20,20,20,20,20,20,20,20,20
62060,2,1,0,0,0,0,0,0,0,0,0,0
62061,1,1,21,21,21,21,21,21,21,21,21,21
62061,2,1,0,0,0,0,0,0,0,0,0,0
62062,1,1,31,31,31,31,31,31,31,31,31,31
62063,1,1,5,5,5,5,5,5,5,5,5,5
62063,2,1,0,0,0,0,0,0,0,0,0,0
62064,1,1,16,31,18,6,12,18,22,25,15,22
62065,1,1,0,0,0,0,0,0,0,0,0,0
62065,2,1,0,0,0,0,0,0,0,0,0,0
62066,0,1,0,0,0,9,9,0,20,0,0,0
62066,1,1,0,0,0,19,0,0,0,15,0,0
62067,0,1,0,0,0,0,21,13,17,0,0,7
62067,1,1,0,0,0,0,0,0,0,0,0,0
62067,2,1,0,5,0,9,3,0,0,0,0,0
62068,1,1,14,14,14,14,14,14,14,14,14,14
62069,0,1,0,0,0,0,0,0,0,0,0,0
62069,1,1,19,9,17,9,21,7,6,11,17,13
62070,1,1,0,0,0,0,0,0,0,0,0,0
62070,2,1,0,0,0,0,0,0,0,0,0,0
62071,1,1,25,25,25,25,25,25,25,25,25,25
62072,0,1,0,0,0,0,0,20,0,8,0,12
62072,1,1,0,0,0,0,0,0,0,0,0,0
62072,2,1,0,0,0,0,0,0,0,0,0,0
62073,0,1,22,22,22,22,22,22,22,22,22,22
62073,1,1,0,0,0,0,22,0,0,0,0,0
62074,0,1,15,0,0,0,0,0,27,13,0,0
62074,0,2,0,0,0,0,0,0,0,0,0,0
62074,1,1,0,11,0,0,0,0,0,0,0,0
62075,1,1,0,0,0,0,0,0,0,0,0,0
62075,2,1,0,0,0,0,0,0,0,0,0,0
62076,1,1,0,0,0,0,0,0,0,0,0,0
62077,1,1,0,0,0,0,0,0,0,0,11,0
62078,1,1,0,0,0,0,0,0,0,0,0,0
62079,1,1,0,0,0,0,0,0,0,0,0,0
62079,2,1,0,0,0,0,0,0,0,0,0,0
62079,3,1,0,0,0,0,0,0,0,0,0,0
62079,4,1,0,0,0,0,0,0,0,0,0,0
62080,1,1,17,15,14,21,15,6,0,11,23,19
62081,1,1,0,0,0,0,0,0,0,0,0,0
62081,2,1,0,0,0,0,0,0,0,16,0,0
62082,1,1,0,0,13,0,0,18,0,7,0,0
62082,2,1,0,0,0,0,0,0,0,0,0,0
62083,0,1,0,21,19,0,0,0,29,0,0,0
62083,1,1,0,0,0,0,0,0,0,0,0,9
62084,1,1,0,0,0,0,0,0,0,26,0,0
62084,2,1,0,0,0,0,0,0,0,0,0,0
62085,0,1,0,0,0,0,0,0,0,0,0,0
62085,1,1,0,24,0,0,13,0,0,0,0,0
62086,1,1,6,6,6,6,6,6,6,6,6,6
62086,2,1,0,0,0,0,0,0,0,0,0,0
62086,3,1,12,0,0,12,0,0,0,0,0,0
62087,1,1,12,0,0,0,2,0,0,0,0,0
62088,1,1,0,0,0,0,0,0,0,0,0,0
62088,2,1,0,0,0,0,0,0,0,0,0,0
62089,1,1,0,0,0,0,0,0,0,0,0,0
62090,1,1,20,0,0,0,0,0,23,19,0,0
62090,2,1,0,12,0,0,0,0,0,0,11,0
62091,1,1,0,16,0,0,0,0,0,0,0,0
62092,0,1,0,7,0,0,24,0,14,0,9,20
62092,1,1,15,22,0,7,0,3,20,19,0,12
62092,2,1,0,0,0,0,0,0,0,0,0,0
62093,1,1,24,24,24,24,24,24,24,24,24,24
62094,0,1,14,14,14,14,14,14,14,14,14,14
62094,1,1,0,0,0,0,0,0,0,0,0,0
62095,1,1,0,0,0,0,0,0,0,0,0,0
62096,1,1,31,31,31,31,31,31,31,31,31,31
62097,1,1,29,0,0,8,26,5,0,38,9,13
62097,2,1,0,0,0,0,0,13,0,0,0,0
62098,1,1,0,0,0,0,0,0,0,0,30,0
62099,1,1,0,0,0,0,0,0,0,0,0,0
62099,2,1,0,0,0,0,1,8,0,0,0,0
62100,1,1,0,0,0,0,0,0,0,0,0,0
62100,2,1,0,0,0,0,0,0,0,0,0,0
62101,0,1,0,34,0,0,0,0,0,0,38,24
62101,1,1,0,0,31,0,0,0,0,0,0,0
62102,1,1,0,0,0,0,0,0,0,0,0,0
62103,1,1,0,0,0,0,0,0,0,0,0,0
62103,2,1,0,0,0,0,0,0,0,0,0,0
62104,1,1,0,0,0,0,0,0,0,0,0,0
62105,0,1,17,7,24,10,6,11,0,14,37,16
62105,1,1,13,15,17,31,9,5,8,14,17,18
62106,0,1,0,0,0,0,0,0,0,0,0,0
62106,1,1,0,0,10,14,10,23,0,17,0,0
62107,1,1,19,22,17,22,0,12,22,27,0,11
62108,1,1,0,28,15,0,0,0,0,0,0,0
62108,2,1,15,0,0,0,0,0,16,0,0,0
62109,1,1,11,11,11,11,11,11,11,11,11,11
62109,2,1,0,0,0,0,0,0,0,0,20,0
62109,3,1,0,0,0,0,0,0,0,0,0,0
62110,1,1,17,17,17,17,17,17,17,17,17,17
62111,1,1,14,12,10,24,10,0,0,13,22,6
62111,2,1,16,0,0,0,0,0,10,0,0,0
62112,1,1,17,17,17,17,17,17,17,17,17,17
62112,2,1,0,0,0,0,0,0,0,0,0,0
62112,3,1,13,0,0,0,0,0,0,19,0,0
62112,4,1,0,0,0,6,25,0,0,0,0,12
62112,5,1,0,0,0,0,0,0,0,0,0,0
62113,0,1,0,0,0,0,0,0,0,0,0,0
62113,1,1,0,0,0,0,0,0,0,0,0,0
62114,1,1,0,0,0,0,0,0,0,0,0,0
62114,2,1,0,0,0,0,0,0,0,0,0,0
62114,3,1,0,0,0,0,0,0,10,9,0,0
62115,1,1,0,0,0,0,13,0,0,0,0,0
62116,1,1,0,17,0,0,0,0,0,0,0,0
62116,2,1,0,0,0,0,0,18,0,0,0,0
62117,1,1,15,21,19,14,23,10,14,28,17,24
62118,1,1,0,26,17,11,0,0,5,32,0,0
62119,1,1,0,0,0,0,0,0,0,0,0,0
62120,1,1,29,0,11,11,0,0,19,28,4,0
62121,1,1,0,0,0,0,0,0,0,0,0,0
62121,2,1,0,0,0,0,0,0,0,0,0,0
62121,3,1,0,0,0,0,0,0,0,0,0,0
62122,1,1,23,23,23,23,23,23,23,23,23,23
62123,1,1,19,19,19,19,19,19,19,19,19,19
62124,1,1,0,0,0,0,0,0,0,0,0,0
62124,2,1,0,0,0,0,0,0,0,0,0,0
62125,1,1,0,0,0,0,0,0,0,0,0,0
62125,2,1,0,0,0,0,0,0,0,0,0,0
62126,1,1,0,0,0,0,0,0,0,0,0,0
62126,2,1,0,23,0,0,11,0,0,0,5,0
62127,1,1,0,0,0,0,0,0,0,0,0,0
62127,2,1,0,0,0,0,0,0,0,0,0,0
62128,1,1,19,19,19,19,19,19,19,19,19,19
62128,2,1,0,0,0,0,0,0,0,0,0,0
62128,3,1,0,0,0,0,0,0,0,0,0,0
62128,4,1,0,0,0,0,0,0,0,0,0,0
62129,1,1,0,0,0,0,0,0,0,0,0,0
62130,1,1,9,9,9,9,9,9,9,9,9,9
62131,0,1,36,36,36,36,36,36,36,36,36,36
62131,1,1,0,8,20,16,0,9,0,0,0,0
62132,1,1,0,0,0,0,0,0,0,0,0,0
62133,1,1,0,0,0,0,0,0,0,0,0,0
62134,1,1,0,0,0,0,0,0,0,0,0,0
62134,2,1,0,0,0,0,0,0,0,0,0,0
62135,0,1,35,35,35,35,35,35,35,35,35,35
62135,1,1,0,0,0,26,18,0,0,0,0,1
62136,1,1,0,0,0,0,0,0,0,0,0,0
62136,2,1,0,0,0,0,0,0,0,0,0,0
62137,1,1,11,11,11,11,11,11,11,11,11,11
62137,2,1,0,0,0,0,0,0,0,0,0,0
62138,0,1,26,27,34,13,35,10,19,8,24,0
62138,0,2,0,0,0,0,0,0,0,0,0,0
62138,3,1,0,0,0,0,0,0,0,0,0,0
62138,4,1,0,0,0,0,0,0,0,0,0,0
62139,1,1,0,0,0,0,0,0,0,0,0,0
62139,2,1,0,0,0,0,0,0,2,0,0,0
62139,3,1,0,0,0,0,0,0,0,0,0,0
62139,4,1,0,0,0,0,0,0,0,0,0,0
62140,1,1,0,0,0,0,0,0,0,0,0,0
62140,2,1,0,0,0,0,0,0,0,0,0,0
62140,3,1,0,0,0,17,0,0,0,0,0,0
62140,4,1,0,0,0,0,0,0,0,0,0,0
62140,5,1,0,0,0,0,0,0,7,0,0,0
62141,1,1,16,17,0,18,0,0,14,0,0,15
62142,1,1,13,29,24,0,18,12,0,11,0,0
62143,1,1,20,20,20,20,20,20,20,20,20,20
62144,1,1,0,0,0,0,0,0,0,0,0,0
62144,2,1,0,23,0,0,0,0,0,0,0,0
62145,1,1,0,0,0,0,0,0,0,0,35,0
62145,2,1,0,0,0,0,0,0,0,0,0,0
62146,1,1,13,13,13,13,13,13,13,13,13,13
62146,2,1,0,28,0,0,0,12,0,0,0,2
62146,3,1,0,0,0,0,0,22,0,0,0,0
62147,1,1,17,34,38,42,3,17,17,19,34,10
62148,1,1,25,9,14,0,8,25,0,28,0,0
62149,1,1,30,0,28,17,18,8,9,14,20,20
62150,1,1,0,0,0,0,0,0,0,0,0,0
62150,2,1,11,20,0,4,17,0,0,13,32,8
62151,1,1,19,19,19,19,19,19,19,19,19,19
62152,1,1,0,0,0,0,0,0,0,0,0,0
62152,2,1,0,0,0,0,0,0,0,0,0,0
62153,1,1,10,0,0,0,0,28,0,16,0,25
62153,2,1,29,11,7,4,23,17,18,0,0,11
62154,0,1,0,0,0,0,0,0,0,0,0,0
62154,1,1,0,0,0,0,0,0,0,0,0,0
62155,1,1,17,17,17,17,17,17,17,17,17,17
62156,1,1,0,0,0,0,0,0,0,0,29,0
62157,1,1,25,25,25,25,25,25,25,25,25,25
62157,2,1,0,0,0,0,0,0,0,0,0,0
62158,0,1,0,0,0,0,0,0,0,0,0,0
62158,1,1,0,0,0,0,0,0,0,21,0,0
62159,1,1,0,0,0,11,0,0,0,31,0,0
62159,2,1,0,0,0,0,0,0,0,0,0,0
62160,1,1,0,0,0,0,0,0,21,0,0,0
62161,1,1,0,0,0,0,0,13,9,6,0,10
62162,1,1,14,14,14,14,14,14,14,14,14,14
62163,0,1,15,15,15,15,15,15,15,15,15,15
62163,1,1,0,0,0,0,0,0,0,0,0,0
62164,1,1,0,0,0,0,0,0,0,0,0,0
62165,1,1,0,0,0,0,0,0,0,0,0,0
62165,2,1,0,0,0,0,0,0,0,0,0,0
62166,0,1,0,0,0,0,0,0,0,0,19,0
62166,1,1,0,0,0,13,0,0,0,0,0,0
62167,0,1,12,0,0,0,0,0,26,1,22,8
62167,1,1,0,26,0,0,0,0,0,0,0,0
62167,2,1,0,0,0,0,0,19,0,0,0,0
62168,1,1,0,0,0,0,0,0,0,0,0,0
62168,2,1,0,0,0,0,0,0,0,0,0,0
62169,1,1,3,3,3,3,3,3,3,3,3,3
62170,0,1,1,1,1,1,1,1,1,1,1,1
62170,1,1,0,0,14,0,0,0,0,0,0,0
62171,1,1,25,25,25,25,25,25,25,25,25,25
62172,1,1,0,19,0,0,0,0,0,0,0,0
62172,2,1,0,0,0,0,0,0,0,0,0,0
62173,0,1,9,9,9,9,9,9,9,9,9,9
62173,1,1,0,0,0,0,0,0,0,0,0,0
62174,0,1,0,0,0,0,0,0,0,0,0,0
62174,1,1,17,0,14,10,9,0,20,0,0,8
62175,1,1,0,20,27,10,0,0,0,0,0,19
62176,0,1,0,0,0,0,0,0,0,0,0,0
62176,1,1,21,0,0,0,10,0,0,33,0,0
62177,1,1,0,0,0,0,0,0,0,0,0,0
62177,2,1,0,0,0,0,0,0,0,0,0,0
62178,0,1,0,0,0,0,0,0,0,0,0,0
62178,1,1,0,0,0,0,0,0,0,0,0,0
62179,0,1,0,0,0,0,0,0,0,0,0,0
62179,1,1,12,0,0,0,12,0,0,0,0,7
62180,1,1,0,0,0,0,0,0,0,0,0,0
62180,2,1,0,0,0,0,0,0,0,0,0,0
62181,0,1,0,0,0,0,0,0,0,0,32,0
62181,1,1,0,0,0,0,0,0,0,0,0,0
62182,0,1,0,0,0,0,0,0,0,0,0,0
62182,1,1,0,0,0,0,0,0,0,0,0,0
62183,1,1,0,0,0,0,0,0,0,0,0,0
62183,2,1,0,0,0,0,0,0,0,0,0,0
62184,1,1,0,0,0,0,0,0,0,0,0,0
62184,2,1,0,0,0,0,0,0,0,0,0,0
62185,0,1,20,20,20,20,20,20,20,20,20,20
62185,1,1,0,0,0,0,0,0,0,0,0,0
62186,1,1,27,27,27,27,27,27,27,27,27,27
62187,1,1,19,19,19,19,19,19,19,19,19,19
62187,2,1,0,0,0,0,0,0,10,0,0,0
62187,3,1,0,0,0,0,0,0,36,0,35,0
62188,1,1,0,0,0,0,0,0,0,0,0,0
62189,1,1,19,19,19,19,19,19,19,19,19,19
62189,2,1,0,0,9,0,20,0,0,0,0,0
62190,1,1,0,0,0,0,0,11,0,15,0,0
62190,2,1,0,0,0,0,0,0,0,0,0,0
62190,3,1,0,0,0,0,0,4,0,0,0,0
62191,1,1,35,35,35,35,35,35,35,35,35,35
62192,1,1,0,0,0,0,0,0,0,0,0,0
62192,2,1,0,0,0,0,0,0,0,0,0,0
62193,1,1,4,4,4,4,4,4,4,4,4,4
62193,2,1,0,0,0,0,0,0,0,0,0,0
62194,1,1,0,0,0,0,0,0,0,0,0,0
62194,2,1,0,32,26,0,0,16,17,0,0,15
62195,0,1,0,0,0,0,0,0,0,0,0,0
62195,1,1,0,0,0,0,0,0,0,0,0,0
62196,1,1,13,0,0,0,0,7,0,13,0,0
62196,2,1,0,0,0,0,0,0,0,0,0,0
62197,0,1,0,0,15,29,0,0,32,15,0,16
62197,1,1,6,16,0,18,11,31,6,15,12,31
62198,0,1,0,0,21,0,9,0,0,31,22,0
62198,1,1,0,0,0,0,0,0,0,0,0,0
62199,1,1,10,10,10,10,10,10,10,10,10,10
62199,2,1,0,0,0,0,0,0,0,0,0,0
62199,3,1,0,0,0,0,0,0,0,0,0,11
62200,0,1,0,0,0,0,0,0,0,0,0,0
62200,1,1,0,0,0,13,0,0,0,0,0,10
62201,1,1,0,0,0,0,0,0,0,0,0,0
62201,2,1,0,0,0,0,0,0,10,0,0,0
62202,0,1,0,0,0,0,0,0,0,0,0,0
62202,1,1,13,0,12,12,7,3,11,0,0,22
62203,0,1,43,15,10,14,40,15,11,13,21,0
62203,1,1,0,0,0,0,0,0,0,0,0,0
62204,0,1,0,0,0,0,0,0,0,0,0,0
62204,1,1,0,0,0,0,0,0,0,0,0,0
62205,0,1,24,17,0,0,0,27,14,0,19,0
62205,1,1,0,0,0,0,0,0,0,0,0,0
62206,1,1,0,0,0,0,0,0,0,0,0,0
62206,2,1,0,0,0,0,0,0,0,0,0,0
62207,0,1,0,0,0,0,0,0,0,0,0,0
62207,1,1,29,0,0,0,0,0,0,21,0,0
62208,1,1,24,9,11,6,4,10,16,10,7,11
62208,2,1,0,0,0,0,0,0,0,0,0,0
62209,1,1,0,16,12,47,25,10,10,21,10,36
62210,1,1,0,0,0,0,0,9,0,0,0,0
62211,0,1,0,0,0,0,0,0,0,0,0,0
62211,1,1,0,13,0,0,0,0,0,0,0,0
62212,1,1,12,12,12,12,12,12,12,12,12,12
62213,1,1,17,17,17,17,17,17,17,17,17,17
62213,2,1,0,0,0,0,0,0,17,0,0,0
62214,1,1,0,0,0,0,0,0,0,9,0,7
62215,0,1,0,0,0,0,0,0,0,0,0,0
62215,1,1,18,0,0,0,0,0,0,0,0,0
62216,1,1,0,0,0,0,0,0,0,0,0,0
62216,2,1,0,0,0,0,0,0,0,0,0,0
62217,1,1,0,0,19,14,13,0,40,28,0,12
62218,1,1,11,10,22,19,20,28,18,17,18,26
62219,1,1,0,0,0,0,0,0,0,0,0,0
62219,2,1,0,0,0,0,0,0,0,0,0,0
62220,1,1,36,0,15,0,0,16,0,0,6,9
62221,1,1,21,21,21,21,21,21,21,21,21,21
62222,0,1,0,0,0,0,0,0,0,28,10,0
62222,1,1,0,20,0,0,0,0,0,0,0,0
62223,1,1,18,0,6,9,23,0,26,7,7,25
62224,1,1,17,31,20,5,14,26,17,15,9,18
62225,1,1,0,0,0,0,0,0,0,0,0,0
62225,2,1,0,0,0,0,0,0,0,0,8,0
62225,3,1,0,0,0,0,0,0,0,0,0,0
62226,1,1,14,14,27,19,16,20,0,17,31,25
62227,0,1,0,16,0,0,0,0,17,23,0,23
62227,1,1,0,0,0,0,0,0,0,16,0,0
62228,1,1,0,0,10,19,0,10,0,7,25,0
62229,1,1,13,17,15,13,7,17,25,18,13,23
62230,1,1,0,0,0,0,0,0,0,0,0,0
62230,2,1,0,0,0,0,0,0,0,0,0,0
62231,1,1,0,0,0,0,0,0,0,0,0,0
62232,1,1,15,15,15,15,15,15,15,15,15,15
62233,1,1,0,0,0,0,0,0,0,0,0,0
62233,2,1,0,0,0,0,0,0,0,0,0,0
62234,1,1,0,0,0,0,0,0,0,0,0,0
62234,2,1,0,0,0,0,0,0,0,15,5,0
62234,3,1,16,0,0,0,0,0,0,0,0,0
62234,4,1,0,0,0,0,34,0,0,11,0,6
62235,1,1,0,0,16,0,0,0,0,0,0,0
62235,2,1,0,0,0,0,0,0,0,0,0,0
62236,1,1,0,0,0,0,0,0,0,0,0,0
62236,2,1,0,0,0,0,0,0,0,0,0,0
62237,1,1,6,8,15,2,0,18,0,0,0,10
62237,2,1,0,0,0,19,0,0,0,0,0,0
62238,1,1,11,11,11,11,11,11,11,11,11,11
62239,1,1,0,0,0,0,0,0,0,0,0,0
62240,0,1,0,0,0,0,0,0,8,21,0,0
62240,1,1,0,0,0,0,0,0,0,0,0,0
62240,2,1,0,0,0,0,0,0,0,0,0,0
62241,1,1,19,12,31,0,17,17,4,30,10,4
62242,1,1,0,0,0,0,0,0,0,0,0,0
62243,1,1,0,0,0,0,0,0,0,0,0,0
62243,2,1,0,0,0,0,0,0,0,0,0,0
62244,0,1,30,30,30,30,30,30,30,30,30,30
62244,1,1,0,0,0,0,0,0,0,0,0,0
62245,0,1,0,0,0,0,0,0,0,0,0,0
62245,1,1,0,0,0,0,0,0,0,0,0,0
62246,1,1,0,0,0,0,0,0,0,0,0,0
62246,2,1,0,0,0,0,0,20,0,27,0,0
62246,3,1,0,0,0,0,0,0,0,0,0,0
62246,4,1,0,0,0,0,0,0,0,0,0,0
62246,5,1,0,0,0,0,0,0,0,0,0,0
62246,6,1,0,0,0,0,0,0,0,0,0,0
62247,1,1,0,0,0,0,0,0,0,0,0,0
62247,2,1,0,0,0,0,0,0,0,0,11,0
62248,1,1,14,0,0,0,0,0,0,0,0,0
62248,2,1,20,20,20,20,20,20,20,20,20,20
62249,0,1,0,0,0,0,0,0,0,0,0,0
62249,0,2,0,0,0,0,0,0,0,0,0,0
62249,1,1,0,0,0,0,0,22,0,0,0,0
62250,1,1,0,0,0,0,26,0,0,0,0,0
62250,2,1,0,0,0,0,0,0,0,0,0,0
62251,1,1,0,0,0,0,0,0,0,0,0,0
62251,2,1,0,0,0,0,0,0,0,0,0,0
62251,3,1,0,0,0,0,10,0,0,0,0,0
62251,4,1,0,0,0,0,0,0,0,0,0,0
62252,1,1,0,0,0,0,0,0,0,0,0,0
62252,2,1,0,0,0,0,0,0,0,0,0,0
62253,1,1,0,0,0,0,0,24,0,0,0,0
62253,2,1,0,0,0,0,0,6,0,0,0,0
62254,0,1,0,0,0,0,0,0,0,0,0,0
62254,1,1,0,0,0,0,0,0,0,0,0,0
62255,0,1,0,0,0,0,0,0,0,0,0,0
62255,1,1,0,0,0,0,0,0,0,0,0,0
62256,1,1,22,22,22,22,22,22,22,22,22,22
62257,1,1,0,18,27,5,0,0,0,11,19,0
62257,2,1,0,0,0,0,0,0,0,0,0,0
62258,1,1,0,0,0,0,0,0,0,0,0,5
62258,2,1,0,0,0,0,0,0,0,0,0,0
62259,1,1,6,5,13,14,0,0,0,0,0,0
62259,2,1,5,0,19,0,21,12,0,10,24,11
62260,0,1,39,0,0,31,0,0,0,0,12,0
62260,1,1,17,0,0,0,0,0,0,10,0,16
62260,2,1,0,12,0,0,0,0,0,0,0,0
62260,3,1,0,0,0,0,11,0,18,0,0,18
62261,1,1,21,21,21,21,21,21,21,21,21,21
62262,1,1,12,38,11,25,15,4,19,14,7,29
62263,0,1,0,0,0,0,0,0,0,0,0,0
62263,1,1,0,0,25,0,8,18,0,0,0,0
62264,1,1,28,28,28,28,28,28,28,28,28,28
62264,2,1,0,21,0,0,0,0,0,0,0,0
62265,1,1,9,9,9,9,9,9,9,9,9,9
62265,2,1,0,0,0,0,0,0,0,0,0,0
62266,1,1,33,33,33,33,33,33,33,33,33,33
62266,2,1,0,0,0,0,0,0,0,0,0,0
62267,1,1,0,0,0,0,0,0,0,0,0,0
62267,2,1,0,0,0,0,9,0,0,0,0,0
62268,1,1,0,0,0,0,0,0,0,0,0,0
62268,2,1,0,0,0,0,0,0,0,0,0,0
62269,0,1,0,0,0,0,0,0,0,0,0,0
62269,1,1,0,12,0,0,0,0,0,0,13,0
62270,0,1,16,19,34,18,0,15,16,16,8,21
62270,1,1,0,0,0,0,0,0,0,0,0,0
62271,0,1,0,0,0,0,0,0,0,0,0,0
62271,1,1,0,0,0,0,0,0,0,0,0,0
62271,2,1,0,0,0,0,0,0,0,0,0,0
62272,1,1,0,0,6,0,0,8,8,0,0,8
62272,2,1,0,0,0,22,0,0,0,0,0,0