ST_CASE,VEH_NO,PER_NO,P1,P2,P3,P4,P5,P6,P7,P8,P9,P10
63105,2,1,0,0,0,0,0,0,0,0,0,0
63106,0,1,0,0,0,0,0,31,0,0,0,0
63106,1,1,0,0,0,9,0,0,0,0,0,0
63107,0,1,0,0,0,0,0,0,0,0,0,0
63107,1,1,0,0,0,0,0,0,0,0,0,0
63108,1,1,17,17,17,17,17,17,17,17,17,17
63108,2,1,0,0,0,0,0,0,10,0,0,0
63109,1,1,0,0,0,0,0,0,0,0,37,0
63109,2,1,0,0,0,0,0,0,0,0,0,0
63110,0,1,0,0,0,0,0,0,0,0,0,0
63110,1,1,0,32,0,0,14,0,0,0,0,0
63111,1,1,31,20,0,0,0,0,0,12,24,0
63112,1,1,0,0,0,0,0,0,0,0,0,0
63113,1,1,8,8,8,8,8,8,8,8,8,8
63113,2,1,30,0,0,16,0,0,16,0,18,0
63114,0,1,31,0,0,29,56,5,0,0,16,0
63114,1,1,0,0,0,0,0,0,0,0,0,0
63115,1,1,0,0,0,0,0,0,0,0,0,0
63115,2,1,0,0,0,0,0,0,10,0,0,0
63116,1,1,0,0,0,0,8,0,0,0,0,12
63116,2,1,0,0,0,0,0,0,0,0,0,0
63117,0,1,13,0,0,0,0,9,0,0,0,0
63117,1,1,0,0,0,0,0,0,0,0,0,0
63118,1,1,0,0,0,0,0,0,0,0,0,0
63119,1,1,5,6,10,15,8,13,10,24,11,25
63119,2,1,0,0,0,0,0,0,0,0,0,0
63120,1,1,20,20,20,20,20,20,20,20,20,20
63121,1,1,0,0,0,0,22,17,0,0,0,0
63122,0,1,0,0,20,0,13,31,0,0,0,0
63122,1,1,0,0,0,0,0,0,0,0,0,0
63123,1,1,5,5,5,5,5,5,5,5,5,5
63124,1,1,0,0,0,0,0,0,0,0,0,0
63124,2,1,0,16,0,0,26,19,0,0,0,0
63125,1,1,14,0,0,0,7,0,14,12,0,22
63126,1,1,0,0,0,0,0,0,0,0,0,0
63127,1,1,0,0,0,0,0,0,0,0,0,0
63127,2,1,0,0,0,0,0,0,0,0,0,0
63127,3,1,0,0,0,0,0,0,0,0,0,0
63128,0,1,44,0,0,0,23,0,0,24,28,0
63128,1,1,0,0,0,0,0,0,0,0,0,0
63129,1,1,0,0,0,0,13,0,0,0,0,0
63129,2,1,0,0,0,12,7,0,0,0,0,0
63130,0,1,24,0,17,33,0,33,0,24,8,0
63130,1,1,0,0,0,0,0,0,0,0,0,0
63131,1,1,0,0,16,0,0,0,0,0,0,0
63132,1,1,0,0,0,0,0,0,0,0,0,0
63132,2,1,0,0,0,0,0,0,7,0,0,0
63133,1,1,0,0,0,0,0,0,0,0,0,0
63133,2,1,0,0,0,0,0,0,0,0,0,0
63134,1,1,0,0,0,0,0,0,0,0,0,21
63134,2,1,0,0,0,0,0,0,0,0,0,0
63135,0,1,0,0,0,0,0,0,0,0,0,0
63135,1,1,0,0,29,0,0,0,18,0,0,0
63136,0,1,38,0,9,0,15,15,0,0,0,6
63136,1,1,0,0,11,0,0,27,17,0,10,0
63137,0,1,34,0,0,0,0,28,0,23,0,32
63137,1,1,0,10,0,0,0,0,0,0,25,0
63138,1,1,16,16,16,16,16,16,16,16,16,16
63139,0,1,27,48,0,25,18,0,0,0,0,6
63139,1,1,23,23,23,23,23,23,23,23,23,23
63140,0,1,0,0,0,0,0,0,0,0,0,0
63140,1,1,0,0,0,0,0,0,0,0,0,0
63141,1,1,0,0,0,19,0,0,0,0,0,0
63141,2,1,0,0,0,0,0,0,0,0,0,0
63142,1,1,3,3,3,3,3,3,3,3,3,3
63142,2,1,0,0,0,0,0,0,0,0,0,0
63143,1,1,11,0,4,15,19,16,10,0,0,18
63144,1,1,0,0,0,0,0,0,0,0,0,0
63144,2,1,0,0,0,0,0,0,0,0,0,0
63145,1,1,8,0,0,0,0,0,0,27,9,0
63145,3,1,0,0,0,0,0,0,0,0,0,0
63145,4,1,0,0,0,0,0,0,0,0,0,0
63145,5,1,0,0,2,0,0,0,0,0,0,0
63146,1,1,13,0,14,15,19,23,0,29,37,0
63147,0,1,22,22,22,22,22,22,22,22,22,22
63147,1,1,36,12,24,22,24,0,0,5,0,15
63148,1,1,0,0,0,0,0,0,0,0,0,0
63148,2,1,0,2,0,3,0,0,6,0,0,0
63149,1,1,3,0,17,16,20,14,13,25,17,14
63149,2,1,0,0,0,0,0,18,0,0,0,0
63150,1,1,0,0,0,7,40,0,18,0,0,19
63151,1,1,0,0,0,0,0,0,0,0,0,0
63151,2,1,0,0,0,0,0,0,0,0,0,0
63151,3,1,0,0,0,0,0,0,0,0,0,0
63151,4,1,0,0,0,0,0,0,0,0,0,0
63151,5,1,0,0,0,0,0,0,0,0,0,0
63151,6,1,7,0,0,0,0,0,0,0,0,0
63152,1,1,0,0,0,0,0,0,0,0,0,0
63153,1,1,0,0,0,0,0,0,0,0,0,0
63153,2,1,0,0,0,0,0,0,0,0,0,0
63154,0,1,0,0,0,0,0,0,0,0,0,0
63154,1,1,0,0,0,0,0,0,0,0,0,0
63154,2,1,0,27,0,0,19,0,17,0,18,18
63155,0,1,23,23,23,23,23,23,23,23,23,23
63155,1,1,0,0,0,5,0,0,0,0,0,0
63156,0,1,0,0,0,0,0,0,0,0,0,0
63156,1,1,0,0,0,0,0,0,0,0,0,0
63157,1,1,0,25,23,29,0,0,0,16,5,27
63158,1,1,28,28,28,28,28,28,28,28,28,28
63159,1,1,0,0,0,0,0,0,0,0,0,0
63159,2,1,0,0,0,0,0,0,0,0,0,0
63160,1,1,17,0,4,14,7,0,0,9,13,24
63161,1,1,13,0,26,0,0,0,0,29,0,0
63162,0,1,0,0,0,0,0,0,0,0,0,0
63162,1,1,0,0,0,0,0,0,0,0,0,0
63162,2,1,0,0,0,0,0,0,0,0,0,0
63162,3,1,0,0,0,0,0,0,0,0,0,0
63163,0,1,15,0,26,26,20,0,0,38,0,21
63163,0,2,4,0,0,3,0,18,0,0,0,0
63163,1,1,0,0,0,0,0,0,0,0,0,0
63164,1,1,0,0,0,0,0,0,23,0,0,7
63164,2,1,0,0,0,0,0,0,0,0,0,0
63165,0,1,0,0,0,0,0,0,0,0,0,0
63165,1,1,26,0,0,0,0,0,0,0,0,0
63166,0,1,0,0,0,0,0,0,0,0,0,0
63166,1,1,0,0,0,0,0,0,0,0,0,0
63167,0,1,0,0,0,0,0,0,0,0,0,0
63167,1,1,0,0,0,0,0,0,0,0,0,0
63168,0,1,27,27,27,27,27,27,27,27,27,27
63168,1,1,0,0,0,0,0,0,0,0,0,0
63169,1,1,0,0,0,0,0,0,0,0,0,0
63169,2,1,0,0,0,13,0,0,0,0,0,0
63170,0,1,0,14,0,0,0,0,0,24,0,0
63170,1,1,0,8,26,20,0,0,0,11,0,0
63171,0,1,0,0,0,14,0,0,0,0,0,0
63171,0,2,0,0,0,0,0,0,0,0,0,0
63171,1,1,31,31,31,31,31,31,31,31,31,31
63172,1,1,0,0,0,0,0,0,0,0,0,0
63173,0,1,0,0,0,0,0,0,0,0,0,0
63173,1,1,8,0,0,0,0,17,16,0,0,3
63174,0,1,0,12,10,0,0,0,0,0,0,0
63174,1,1,0,0,0,0,0,0,0,0,0,0
63175,1,1,0,0,13,14,28,8,0,0,15,0
63176,1,1,2,2,2,2,2,2,2,2,2,2
63176,2,1,0,0,0,0,0,0,0,0,0,0
63177,0,1,0,0,0,0,7,60,0,0,45,25
63177,1,1,0,0,0,0,0,0,0,0,0,0
63178,0,1,17,14,11,14,0,46,4,29,10,12
63178,1,1,0,0,0,0,0,0,0,0,0,16
63179,0,1,0,35,0,0,8,3,7,0,0,0
63179,1,1,0,0,0,0,0,0,0,0,0,0
63180,0,1,0,0,0,0,0,0,0,0,0,0
63180,1,1,0,0,0,0,6,0,0,8,12,29
63181,0,1,0,0,0,0,0,0,0,0,0,0
63181,1,1,0,0,0,0,0,0,0,0,0,0
63182,1,1,0,0,0,0,0,0,0,0,0,0
63182,2,1,0,0,0,0,0,0,0,0,0,0
63183,1,1,0,0,0,0,0,0,0,0,0,0
63183,2,1,0,0,0,0,0,0,0,0,0,0
63184,1,1,19,19,19,19,19,19,19,19,19,19
63185,0,1,0,0,0,0,0,0,0,0,0,0
63185,1,1,23,0,0,14,0,0,16,30,0,11
63186,0,1,1,1,1,1,1,1,1,1,1,1
63186,1,1,0,0,0,0,0,0,0,0,0,0
63187,0,1,34,34,34,34,34,34,34,34,34,34
63187,1,1,0,0,0,0,13,0,0,0,0,0
63188,0,1,0,0,0,0,0,0,0,0,0,0
63188,1,1,0,0,0,8,15,0,0,0,0,11
63189,0,1,26,26,26,26,26,26,26,26,26,26
63189,1,1,0,0,0,0,0,0,0,0,0,0
63190,0,1,0,0,0,0,0,0,0,0,0,0
63190,1,1,0,0,0,0,0,0,0,0,0,0
63190,2,1,0,20,0,0,0,0,0,0,0,0
63191,0,1,0,0,0,0,0,0,0,0,0,0
63191,1,1,0,0,0,0,10,0,0,0,0,0
63192,0,1,30,14,0,24,21,23,21,7,9,16
63192,1,1,0,0,0,0,0,0,0,0,0,0
63193,1,1,12,12,12,12,12,12,12,12,12,12
63194,0,1,12,9,28,18,0,17,14,0,30,20
63194,1,1,0,0,0,0,0,0,0,0,0,0
63195,0,1,0,0,0,0,0,0,0,0,0,0
63195,1,1,0,0,0,0,0,0,0,0,0,0
63196,1,1,0,0,0,13,24,0,0,0,0,0
63197,0,1,0,0,0,0,0,0,0,0,0,0
63197,1,1,18,0,0,0,9,0,17,10,0,31
63198,1,1,22,22,22,22,22,22,22,22,22,22
63199,1,1,0,0,0,0,0,0,0,0,0,0
63200,1,1,0,0,0,0,0,0,0,0,0,0
63200,2,1,0,0,0,0,0,0,0,0,0,0
63201,1,1,0,0,0,0,0,0,0,0,0,0
63201,2,1,0,0,0,0,0,0,0,0,0,0
63202,0,1,0,0,0,0,0,0,0,0,0,0
63202,1,1,0,0,0,0,0,0,0,0,7,0
63203,0,1,11,11,11,11,11,11,11,11,11,11
63203,1,1,0,0,0,10,0,18,0,0,28,0
63204,0,1,0,0,0,0,0,0,0,0,0,0
63204,1,1,0,0,0,0,0,0,0,0,0,0
63205,0,1,0,0,0,0,0,0,0,0,0,0
63205,1,1,0,0,0,0,0,0,0,0,0,0
63206,1,1,0,0,0,0,0,0,0,0,0,0
63207,0,1,0,0,0,0,0,0,0,0,0,0
63207,1,1,0,20,0,0,0,0,30,0,0,0
63208,0,1,27,27,27,27,27,27,27,27,27,27
63208,1,1,20,0,36,12,0,0,0,0,0,0
63209,1,1,0,0,8,17,0,19,0,0,0,0
63210,1,1,0,0,0,0,0,0,0,0,0,0
63210,2,1,0,0,0,0,0,0,0,0,0,0
63211,0,1,0,0,0,0,0,0,0,0,0,0
63211,1,1,0,0,0,0,0,0,0,0,0,0
63212,1,1,3,3,3,3,3,3,3,3,3,3
63212,2,1,0,0,0,0,0,30,0,7,0,0
63213,0,1,0,0,0,0,0,0,0,0,0,0
63213,1,1,44,0,12,26,0,0,0,0,13,0
63213,2,1,0,0,0,9,0,0,0,0,0,0
63214,1,1,0,0,0,0,0,0,0,0,0,0
63214,2,1,0,0,0,0,0,0,0,0,0,12
63215,1,1,0,0,0,0,0,0,0,0,0,0
63215,2,1,17,0,10,13,0,0,0,0,0,0
63216,0,1,0,0,0,0,0,0,0,0,0,0
63216,1,1,5,5,5,5,5,5,5,5,5,5
63217,1,1,0,0,11,0,0,0,43,11,0,8
63218,1,1,29,29,29,29,29,29,29,29,29,29
63219,0,1,0,0,0,0,0,0,0,0,0,0
63219,0,2,0,0,0,0,0,0,0,0,0,0
63219,1,1,6,5,17,0,0,0,0,0,19,0
63220,1,1,21,21,21,21,21,21,21,21,21,21
63221,1,1,0,0,0,0,0,0,0,0,0,0
63222,0,1,26,26,26,26,26,26,26,26,26,26
63222,1,1,30,11,0,0,0,6,16,10,0,0
63223,1,1,14,0,0,7,0,0,0,0,0,0
63223,2,1,0,0,0,0,0,0,0,0,0,0
63224,1,1,12,24,14,5,16,12,25,11,19,3
63224,2,1,0,9,0,0,0,0,0,0,0,0
63225,1,1,0,0,0,25,0,0,0,11,0,0
63225,2,1,0,0,0,0,0,0,0,0,0,0
63225,3,1,0,0,0,0,0,0,0,0,0,0
63225,4,1,0,0,0,0,0,0,0,0,0,0
63226,1,1,0,0,0,0,0,0,0,0,0,0
63226,2,1,0,0,0,0,0,0,0,0,0,0
63226,3,1,0,0,0,0,0,0,0,0,0,0
63226,4,1,0,0,0,0,0,0,0,0,0,0
63227,0,1,11,22,22,3,40,9,24,10,15,40
63227,1,1,0,0,0,0,0,0,0,0,0,0
63228,1,1,0,0,0,0,0,0,0,0,0,0
63228,3,1,0,0,0,0,0,0,0,0,0,0
63229,0,1,0,0,0,0,0,0,0,0,0,0
63229,1,1,0,0,0,0,0,0,0,0,0,0
63230,0,1,0,0,0,0,0,0,0,0,0,0
63230,1,1,0,0,0,0,0,0,0,0,0,0
63230,2,1,3,19,0,6,0,0,13,0,3,0
63230,3,1,0,0,0,11,0,0,0,1,0,10
63230,4,1,0,11,0,45,0,10,6,10,0,5
63231,1,1,0,0,0,0,8,21,0,0,0,11
63231,2,1,14,16,18,10,16,13,20,16,16,15
63232,1,1,0,0,0,0,0,0,0,0,0,0
63232,2,1,0,0,0,0,0,0,0,0,0,28
63233,0,1,0,0,0,0,0,0,0,0,0,0
63233,1,1,0,0,0,0,0,0,0,0,0,0
63235,1,1,0,0,0,0,0,0,0,0,0,0
63236,0,1,0,0,0,0,0,0,0,0,0,0
63236,1,1,0,0,0,0,0,0,0,0,0,0
63237,0,1,0,0,0,0,0,0,0,0,0,0
63237,1,1,13,13,13,13,13,13,13,13,13,13
63238,1,1,0,0,0,17,0,0,15,0,0,0
63238,2,1,4,4,4,4,4,4,4,4,4,4
63239,1,1,0,0,0,0,0,0,0,0,0,0
63239,2,1,3,3,3,3,3,3,3,3,3,3
63240,0,1,0,0,0,0,0,0,0,0,0,0
63240,1,1,0,0,0,0,0,0,0,0,0,0
63241,1,1,0,0,0,0,19,9,0,0,0,0
63241,2,1,0,0,0,0,0,0,0,0,25,0
63241,3,1,0,0,0,0,0,0,0,0,0,0
63242,0,1,8,8,8,8,8,8,8,8,8,8
63242,1,1,0,0,0,0,0,0,0,0,0,0
63243,1,1,0,0,0,0,0,21,0,0,0,8
63244,0,1,12,20,13,22,14,11,18,25,13,16
63244,1,1,0,14,0,0,0,20,0,0,0,0
63245,1,1,25,0,0,0,0,0,0,0,0,0
63245,2,1,0,0,0,0,0,0,0,0,0,0
63246,1,1,0,0,0,0,0,0,0,0,0,0
63246,2,1,0,0,0,0,0,0,0,0,0,0
63247,1,1,0,0,0,0,0,0,0,0,0,0
63247,2,1,17,17,17,17,17,17,17,17,17,17
63248,0,1,0,0,0,0,0,0,0,0,0,0
63248,1,1,0,0,0,0,0,0,0,0,0,0
63249,1,1,0,0,0,0,0,0,0,0,0,0
63249,2,1,0,0,0,0,0,0,0,0,0,0
63249,3,1,0,0,0,0,0,0,0,0,0,0
63250,1,1,0,0,0,0,0,0,0,0,0,0
63251,1,1,20,20,20,20,20,20,20,20,20,20
63252,1,1,8,8,8,8,8,8,8,8,8,8
63253,1,1,0,0,0,0,0,0,0,0,0,0
63253,2,1,0,0,0,0,0,0,0,0,0,0
63254,1,1,0,0,0,0,5,17,0,0,0,0
63254,2,1,0,0,0,0,0,0,0,0,0,0
63254,3,1,0,0,0,0,0,0,0,0,0,0
63255,1,1,0,0,0,0,0,0,0,0,0,0
63256,0,1,40,0,0,0,0,27,0,0,0,0
63256,1,1,0,0,0,0,0,0,0,0,0,0
63257,1,1,12,0,0,0,7,25,9,20,0,0
63257,2,1,0,0,0,0,0,0,0,0,0,0
63258,1,1,0,0,19,17,17,0,6,0,14,0
63259,1,1,0,0,0,0,0,0,0,0,0,0
63259,2,1,0,0,0,0,0,0,0,0,0,0
63260,0,1,0,0,0,0,0,0,0,0,0,0
63260,1,1,0,0,0,0,0,0,0,0,0,0
63261,1,1,27,17,34,3,25,18,0,8,0,0
63262,1,1,0,0,0,0,0,0,0,0,0,0
63263,1,1,14,14,14,14,14,14,14,14,14,14
63264,0,1,0,0,18,0,0,0,0,0,0,0
63264,1,1,0,0,0,0,0,0,0,0,0,0
63266,1,1,0,0,0,0,0,0,0,0,0,0
63266,2,1,10,15,0,0,0,0,0,0,14,0
63267,0,1,20,0,0,0,51,0,0,0,8,0
63267,1,1,20,0,14,0,0,0,15,0,15,0
63268,0,1,0,0,0,0,0,24,0,0,0,29
63268,1,1,0,0,0,0,0,0,0,0,0,0
63269,1,1,0,0,0,0,0,0,0,0,0,0
63269,2,1,0,0,0,8,16,0,12,0,19,13
63270,0,1,0,0,0,0,0,0,0,0,0,0
63270,1,1,0,0,0,0,0,0,0,0,0,0
63271,1,1,0,8,17,0,0,0,0,9,0,0
63272,1,1,0,0,0,0,0,0,0,0,0,0
63273,0,1,0,0,0,0,0,0,0,0,0,0
63273,1,1,20,0,0,5,11,0,0,19,15,30
63274,1,1,0,0,0,0,0,0,0,0,0,0
63275,0,1,6,16,0,0,0,0,0,0,25,0
63275,1,1,0,0,0,0,0,0,0,0,0,0
63276,1,1,13,19,0,8,16,12,17,0,27,9
63277,1,1,4,4,4,4,4,4,4,4,4,4
63278,0,1,0,0,0,0,0,0,0,0,0,0
63278,1,1,0,0,0,0,0,0,0,0,0,0
63279,1,1,0,0,12,0,0,0,0,0,0,16
63280,0,1,0,23,13,0,0,0,0,0,0,0
63280,1,1,8,8,8,8,8,8,8,8,8,8
63281,1,1,0,8,0,0,10,12,8,13,0,12
63282,0,1,21,21,21,21,21,21,21,21,21,21
63282,1,1,0,0,0,0,0,0,0,0,0,0
63283,1,1,0,0,26,0,9,18,19,21,15,0
63284,0,1,19,26,26,23,9,19,38,33,28,29
63284,1,1,0,0,0,0,0,0,0,0,0,0
63285,1,1,25,17,0,14,13,0,32,9,29,0
63285,2,1,0,0,0,0,0,0,0,0,0,0
63286,0,1,15,18,24,14,10,39,7,10,0,18
63286,1,1,36,10,5,19,18,12,0,13,6,22
63287,1,1,20,20,20,20,20,20,20,20,20,20
63288,0,1,0,0,0,0,0,0,0,0,0,0
63288,1,1,0,0,0,13,0,0,0,0,0,0
63289,0,1,53,0,0,0,0,0,0,0,0,0
63289,1,1,0,0,0,0,0,0,0,0,0,0
63290,1,1,0,0,0,0,0,0,0,0,0,0
63291,0,1,0,0,0,0,0,0,0,0,0,0
63291,0,2,0,0,0,0,0,0,0,0,0,0
63291,1,1,7,7,7,7,7,7,7,7,7,7
63292,1,1,0,14,17,0,0,0,0,0,0,0
63292,2,1,0,0,0,0,0,0,0,0,0,0
63293,0,1,0,0,0,0,0,0,0,0,0,0
63293,1,1,0,0,0,0,0,0,0,0,0,0
63294,1,1,0,0,14,0,0,16,0,0,6,8
63295,1,1,16,9,0,3,12,26,25,22,14,12
63295,2,1,0,0,0,0,0,0,0,0,0,0
63296,1,1,18,0,19,21,19,25,20,18,30,9
63296,2,1,0,0,0,0,0,0,0,0,0,0
63297,0,1,0,0,0,0,0,0,0,0,0,0
63297,1,1,4,25,4,20,0,7,10,0,5,10
63297,2,1,3,11,0,8,7,5,7,18,0,17
63298,0,1,0,0,0,0,0,0,0,0,0,0
63298,1,1,0,0,0,0,0,0,0,0,0,0
63299,0,1,0,0,0,0,0,0,0,0,0,0
63299,1,1,0,0,0,4,0,0,0,0,0,0
63300,0,1,0,14,11,18,38,26,11,29,11,37
63300,1,1,0,0,0,0,0,0,0,0,0,0
63301,0,1,0,0,0,0,0,0,0,0,0,0
63301,1,1,0,0,0,0,0,0,0,0,0,0
63302,1,1,16,16,16,16,16,16,16,16,16,16
63302,2,1,0,0,0,0,0,0,0,0,0,0
63302,3,1,0,0,0,12,0,0,0,18,0,0
63303,0,1,25,46,12,40,13,20,26,1,30,20
63303,1,1,0,15,0,31,0,31,0,0,0,16
63304,0,1,0,0,0,0,0,0,0,0,0,0
63304,1,1,7,0,0,36,17,0,0,3,13,0
63305,0,1,0,0,0,0,0,0,0,0,0,0
63305,1,1,9,22,19,2,0,0,11,29,0,16
63306,0,1,0,0,0,0,25,21,10,0,20,12
63306,1,1,0,0,0,0,0,0,0,0,14,0
63307,0,1,0,0,0,16,0,0,0,33,0,14
63307,1,1,0,0,0,0,0,0,0,0,0,0
63308,0,1,0,0,0,0,0,0,0,0,0,0
63308,1,1,0,0,0,0,0,0,0,0,0,0
63309,1,1,26,26,26,26,26,26,26,26,26,26
63310,1,1,0,0,0,0,0,0,0,0,0,0
63310,2,1,0,0,0,0,0,0,0,0,0,0
63310,3,1,0,0,0,0,0,0,0,0,0,0
63310,4,1,0,0,0,0,0,0,0,0,0,0
63311,1,1,0,0,0,0,0,0,3,0,0,0
63311,2,1,0,0,0,0,0,0,0,0,0,0
63312,1,1,0,0,0,0,0,0,0,0,0,0
63312,2,1,0,0,0,0,0,0,0,13,13,9
63313,1,1,0,9,0,0,7,0,0,0,0,0
63313,2,1,0,0,0,0,0,0,0,0,0,0
63314,0,1,5,5,5,5,5,5,5,5,5,5
63314,1,1,0,0,0,11,0,0,0,0,0,16
63315,1,1,0,0,0,0,0,0,0,0,0,0
63315,2,1,0,16,27,0,30,0,17,0,16,0
63316,1,1,14,14,14,14,14,14,14,14,14,14
63317,1,1,20,15,0,0,8,15,16,15,0,11
63318,1,1,29,13,15,13,27,9,23,17,9,10
63319,0,1,0,0,29,0,0,0,0,0,0,0
63319,1,1,0,0,0,0,0,0,0,0,0,0
63320,0,1,11,0,15,0,0,0,0,0,0,0
63320,1,1,0,0,0,0,0,0,0,0,0,0
63321,0,1,28,18,18,0,0,0,0,35,14,10
63321,1,1,9,0,4,19,0,0,0,8,15,0
63322,0,1,0,0,0,0,24,0,0,19,0,0
63322,1,1,0,0,0,0,0,0,0,0,0,0
63323,0,1,0,0,0,44,0,9,41,0,4,32
63323,1,1,11,0,0,14,13,0,9,0,22,20
63324,1,1,21,21,21,21,21,21,21,21,21,21
63325,1,1,0,0,0,0,0,0,0,0,0,0
63325,2,1,0,0,0,0,0,0,11,0,0,0
63326,0,1,0,27,28,0,0,25,0,26,13,39
63326,1,1,0,23,0,7,0,9,0,0,0,0
63327,1,1,0,0,0,0,0,9,0,0,0,19
63327,2,1,12,16,0,22,0,14,16,0,31,12
63328,1,1,0,0,0,0,4,0,0,0,0,0
63328,2,1,0,0,0,0,0,0,0,0,0,0
63329,1,1,14,14,14,14,14,14,14,14,14,14
63329,2,1,0,0,0,0,0,0,0,0,0,0
63330,1,1,0,9,0,0,9,0,0,17,20,0
63331,0,1,14,14,14,14,14,14,14,14,14,14
63331,1,1,0,0,0,0,0,0,0,0,0,0
63332,0,1,0,0,0,0,0,0,0,0,0,0
63332,1,1,4,4,4,4,4,4,4,4,4,4
63333,1,1,0,0,0,0,0,12,0,0,10,0
63333,2,1,0,12,0,0,0,0,0,0,0,3
63334,1,1,0,0,0,0,12,0,0,0,0,0
63334,2,1,0,0,0,0,0,0,0,0,7,0
63334,3,1,28,0,22,0,0,0,0,0,10,14
63335,1,1,0,0,0,0,0,0,0,0,0,0
63335,2,1,15,0,0,12,12,0,0,0,0,18
63336,1,1,16,21,0,0,16,17,0,0,0,15
63337,0,1,0,0,0,0,0,0,0,0,0,0
63337,0,2,0,0,0,0,0,0,0,0,0,0
63337,1,1,0,0,0,0,0,0,0,0,0,0
63338,1,1,22,22,22,22,22,22,22,22,22,22
63338,2,1,0,10,0,27,0,0,0,0,0,0
63339,0,1,17,8,0,45,16,21,22,20,24,8
63339,1,1,0,0,0,26,4,0,0,0,0,26
63340,0,1,24,0,0,20,0,0,0,0,10,0
63340,1,1,0,8,0,0,0,23,0,11,10,10
63341,0,1,0,0,0,0,0,0,0,0,0,0
63341,1,1,0,0,0,0,0,0,0,0,0,0
63342,1,1,26,0,6,0,0,0,0,13,17,0
63343,0,1,0,0,0,0,0,0,34,0,6,0
63343,0,2,0,0,0,0,0,0,0,0,0,0
63343,1,1,0,0,0,0,0,0,0,0,0,0
63343,2,1,0,0,0,0,0,0,0,0,0,0
63344,0,1,0,0,0,0,0,0,0,0,0,0
63344,1,1,0,0,0,0,0,0,0,0,0,0
63345,0,1,0,0,0,0,0,0,0,0,0,0
63345,1,1,0,0,11,0,0,0,0,0,0,16
63346,1,1,0,0,0,0,0,0,5,7,0,0
63346,2,1,4,4,4,4,4,4,4,4,4,4
63347,1,1,0,0,33,0,0,0,0,0,0,0
63347,2,1,18,0,0,15,0,0,0,0,0,0
63348,1,1,0,10,5,0,0,0,0,0,0,0
63348,2,1,0,9,0,0,0,0,0,0,0,20
63349,1,1,23,23,23,23,23,23,23,23,23,23
63349,2,1,0,0,0,0,0,0,0,0,0,0
63350,1,1,16,0,0,21,0,28,6,0,3,0
63351,1,1,0,0,0,0,0,0,0,0,0,0
63351,2,1,0,0,0,0,0,0,0,0,0,0
63352,0,1,27,12,32,8,56,5,0,0,11,0
63352,1,1,0,0,0,0,0,0,0,0,0,0
63353,1,1,33,33,33,33,33,33,33,33,33,33
63354,0,1,0,0,8,0,13,0,0,0,32,28
63354,1,1,17,17,17,17,17,17,17,17,17,17
63355,0,1,0,0,17,0,0,2,0,0,0,10
63355,1,1,0,0,0,0,0,0,0,0,0,0
63356,1,1,0,0,0,0,0,0,0,0,0,0
63356,2,1,0,0,0,0,0,0,0,0,0,0
63357,1,1,0,6,0,0,23,16,0,0,16,15
63357,2,1,0,0,0,0,0,0,0,0,0,0
63358,0,1,0,21,0,0,0,0,0,19,0,34
63358,1,1,0,0,0,0,5,0,0,0,14,0
63359,0,1,28,28,28,28,28,28,28,28,28,28
63359,1,1,0,0,0,0,0,0,24,0,0,0
63360,0,1,0,0,0,0,0,0,0,6,0,0
63360,1,1,7,7,7,7,7,7,7,7,7,7
63361,0,1,0,0,0,0,0,0,0,0,0,0
63361,1,1,0,0,0,0,0,0,0,0,0,0
63362,0,1,0,0,12,0,0,0,0,0,14,25
63362,1,1,0,0,0,0,0,0,0,0,0,4
63363,1,1,0,0,0,0,0,0,0,0,0,0
63363,2,1,0,0,0,0,0,0,0,0,0,0
63364,0,1,33,35,14,33,22,13,17,0,16,20
63364,1,1,0,0,0,0,0,0,0,0,0,0
63366,0,1,0,8,12,0,0,0,0,15,14,0
63366,1,1,0,0,0,0,0,0,0,0,0,0
63367,0,1,27,0,0,19,0,17,16,0,17,6
63367,1,1,4,4,4,4,4,4,4,4,4,4
63368,0,1,0,0,30,21,0,5,0,28,0,0
63368,1,1,0,0,16,0,3,34,0,17,13,9
63369,1,1,0,0,0,0,0,0,0,0,0,0
63370,0,1,0,0,0,0,0,0,0,0,0,0
63370,1,1,0,0,0,0,0,0,0,0,0,0