ST_CASE,VEH_NO,PER_NO,P1,P2,P3,P4,P5,P6,P7,P8,P9,P10
63371,1,1,0,27,0,0,0,0,0,0,0,0
63371,2,1,0,0,10,0,0,0,0,0,0,0
63372,1,1,3,0,0,0,0,6,0,0,0,9
63372,2,1,0,0,11,0,14,0,0,0,0,0
63373,1,1,21,21,21,21,21,21,21,21,21,21
63374,0,1,0,0,0,0,0,0,0,0,0,0
63374,1,1,10,26,0,11,16,0,11,25,0,17
63375,1,1,30,30,30,30,30,30,30,30,30,30
63376,1,1,0,0,0,0,0,0,0,0,0,0
63377,1,1,0,13,13,0,0,0,0,0,0,0
63377,2,1,0,0,0,0,0,0,0,0,0,0
63378,1,1,0,0,10,0,0,6,0,0,23,0
63378,2,1,0,0,0,0,0,0,0,0,0,0
63379,0,1,0,41,0,0,8,0,0,30,0,22
63379,1,1,0,0,0,0,0,0,0,0,0,0
63380,1,1,0,0,0,0,0,0,0,0,0,0
63381,1,1,10,0,0,0,0,0,0,0,0,0
63381,2,1,0,0,0,0,0,0,0,0,0,0
63382,1,1,0,0,0,0,0,0,0,0,0,0
63382,2,1,6,6,6,6,6,6,6,6,6,6
63383,0,1,0,0,0,0,0,0,0,0,0,0
63383,1,1,0,0,11,4,0,21,15,0,0,18
63384,1,1,22,22,22,22,22,22,22,22,22,22
63384,2,1,20,0,10,0,36,0,0,0,0,0
63385,1,1,0,0,0,0,0,0,0,0,0,0
63385,2,1,0,0,0,0,0,0,0,0,0,0
63386,1,1,0,0,0,0,0,0,0,0,0,0
63386,2,1,0,0,0,0,0,0,0,0,12,0
63387,0,1,0,0,0,0,0,0,15,0,0,0
63387,1,1,0,0,0,0,0,0,0,0,0,0
63388,1,1,11,11,11,11,11,11,11,11,11,11
63388,2,1,0,0,0,5,0,0,37,17,0,0
63389,0,1,37,37,37,37,37,37,37,37,37,37
63389,1,1,0,0,0,0,0,0,0,0,0,0
63390,0,1,0,0,0,0,0,26,0,0,0,24
63390,1,1,14,0,10,14,0,0,28,15,0,32
63391,0,1,24,0,18,11,12,20,0,18,18,0
63391,1,1,0,0,0,0,0,0,0,0,0,0
63392,0,1,0,0,0,0,0,0,0,0,0,0
63392,1,1,0,0,0,0,0,0,0,0,0,0
63393,0,1,0,0,9,11,0,29,29,0,0,0
63393,1,1,0,0,0,0,0,0,0,0,0,0
63394,0,1,0,0,0,0,0,11,26,0,0,9
63394,1,1,0,0,0,0,0,0,0,0,0,0
63395,0,1,0,0,0,0,0,0,0,0,0,0
63395,1,1,0,0,0,0,0,0,0,0,0,0
63396,0,1,0,0,0,0,0,0,0,0,0,0
63396,1,1,0,0,0,0,0,0,0,0,0,0
63397,1,1,0,0,0,0,0,0,0,0,0,0
63397,2,1,0,0,0,0,0,0,0,0,0,0
63398,1,1,20,20,20,20,20,20,20,20,20,20
63399,1,1,8,10,16,29,22,28,8,23,10,20
63400,1,1,25,0,0,15,0,0,0,0,0,12
63400,2,1,0,0,0,0,0,0,0,0,0,0
63401,1,1,0,0,26,0,0,0,0,15,0,0
63401,2,1,0,0,0,0,0,0,0,0,0,0
63402,0,1,0,0,0,0,0,0,5,3,9,0
63402,1,1,0,0,0,0,0,0,0,0,0,0
63403,0,1,0,0,0,20,0,25,18,13,17,0
63403,1,1,13,8,0,13,0,15,0,0,0,19
63404,1,1,0,0,0,0,0,0,0,0,0,0
63404,2,1,0,0,0,0,0,0,0,0,0,0
63405,1,1,0,0,0,0,0,0,0,0,0,0
63405,2,1,0,0,0,0,0,0,0,0,0,0
63406,1,1,11,11,11,11,11,11,11,11,11,11
63407,0,1,0,0,0,28,0,0,0,0,0,0
63407,1,1,0,7,0,45,0,0,0,8,9,0
63408,0,1,27,0,0,0,0,27,0,0,24,5
63408,1,1,17,0,0,0,27,0,0,0,0,0
63409,1,1,21,17,23,17,23,18,14,7,17,10
63410,1,1,0,0,0,0,0,0,0,0,0,0
63410,2,1,0,0,18,0,0,0,0,0,0,0
63411,0,1,0,0,17,4,0,0,30,29,17,28
63411,1,1,0,0,0,0,0,0,0,0,0,0
63412,0,1,0,2,0,0,18,0,0,37,0,0
63412,1,1,0,0,0,0,0,0,0,0,0,0
63413,1,1,0,0,0,0,0,0,0,0,0,0
63413,2,1,0,0,0,0,0,0,0,11,0,0
63414,0,1,0,0,0,0,0,0,0,0,0,0
63414,1,1,0,0,0,0,0,0,0,0,0,0
63415,1,1,0,15,0,0,0,0,0,0,14,8
63415,2,1,14,9,16,18,0,0,0,0,14,0
63416,1,1,0,0,14,24,0,18,0,34,19,0
63417,0,1,0,0,0,51,0,0,0,12,16,0
63417,0,2,0,0,0,0,0,18,0,8,0,19
63417,1,1,0,0,0,0,0,0,0,0,0,0
63418,1,1,0,0,0,0,0,0,0,0,0,0
63418,2,1,0,0,0,0,0,0,13,0,0,0
63419,1,1,0,0,0,0,0,0,0,0,0,0
63419,2,1,0,0,0,10,0,0,0,0,0,0
63420,1,1,27,12,15,28,25,0,16,43,16,0
63421,0,1,0,0,0,0,10,0,0,0,0,0
63421,1,1,18,9,0,14,12,24,18,11,0,7
63422,1,1,8,0,0,0,0,0,0,0,0,0
63423,1,1,0,0,0,0,0,0,0,0,0,0
63423,2,1,0,0,0,0,0,0,0,0,0,0
63424,1,1,0,0,6,0,0,0,0,0,0,0
63425,0,1,4,0,26,20,13,0,10,15,0,0
63425,1,1,0,0,0,0,0,0,0,0,0,0
63425,2,1,0,0,0,0,0,0,0,0,24,0
63426,0,1,0,0,0,0,0,0,0,0,0,0
63426,1,1,0,0,0,0,0,0,0,0,0,0
63427,0,1,0,0,0,0,0,0,0,0,0,0
63427,1,1,0,0,0,0,0,0,0,0,0,0
63428,0,1,0,0,17,19,0,0,0,0,0,0
63428,1,1,0,0,0,0,0,0,0,0,0,0
63429,0,1,0,0,0,0,0,0,0,0,0,0
63429,1,1,0,0,0,0,0,0,0,0,0,0
63430,1,1,0,22,0,0,0,0,0,0,0,0
63430,2,1,0,0,0,0,0,0,0,0,0,0
63431,1,1,0,0,0,0,0,0,0,0,0,0
63432,0,1,0,0,0,0,0,0,0,14,0,0
63432,1,1,0,0,0,0,0,0,0,0,0,0
63433,0,1,0,5,0,0,0,0,0,0,0,0
63433,1,1,0,20,8,13,21,0,0,0,0,0
63434,1,1,13,19,27,12,31,0,17,18,5,0
63434,2,1,19,0,18,19,18,24,0,27,9,24
63435,1,1,17,0,0,0,0,0,14,14,16,0
63435,2,1,0,0,0,0,0,0,0,0,0,0
63435,3,1,0,0,0,0,0,0,0,7,0,0
63436,1,1,0,0,0,0,0,0,0,0,0,0
63436,2,1,5,0,10,16,7,32,11,7,15,24
63437,1,1,0,0,0,0,0,0,0,0,0,0
63437,2,1,0,0,0,0,0,0,0,0,0,0
63438,0,1,17,0,0,0,29,0,13,0,0,0
63438,1,1,0,0,0,0,0,0,0,0,0,0
63438,2,1,0,0,0,0,0,0,11,0,0,12
63439,1,1,0,0,0,0,0,0,0,0,0,0
63439,2,1,0,26,0,0,0,0,0,0,0,0
63439,3,1,0,0,0,0,0,0,0,0,0,0
63439,4,1,0,0,0,0,0,0,0,0,0,0
63440,1,1,21,21,21,21,21,21,21,21,21,21
63440,2,1,0,0,0,0,0,0,0,0,0,0
63441,1,1,0,0,23,0,17,0,22,0,16,26
63441,3,1,5,23,16,0,0,8,18,20,0,10
63442,1,1,0,0,0,0,0,0,18,0,0,0
63443,0,1,13,0,14,19,23,7,13,15,21,42
63443,1,1,6,6,6,6,6,6,6,6,6,6
63444,0,1,0,0,0,0,0,0,0,0,0,0
63444,1,1,0,0,0,0,0,0,0,0,0,17
63445,1,1,45,0,0,0,0,0,14,0,0,0
63446,1,1,17,17,17,17,17,17,17,17,17,17
63447,1,1,0,0,0,0,0,0,0,0,0,0
63447,2,1,0,0,0,0,0,0,0,0,0,0
63448,0,1,0,0,15,12,0,0,0,0,0,0
63448,1,1,0,0,0,0,0,0,0,0,0,0
63449,0,1,23,0,13,23,0,27,23,0,1,0
63449,1,1,19,19,19,19,19,19,19,19,19,19
63450,0,1,0,0,0,0,10,2,26,0,19,0
63450,1,1,0,0,19,33,0,16,0,0,0,16
63451,1,1,0,0,0,0,0,0,0,0,0,0
63451,2,1,0,0,17,0,0,0,0,0,22,0
63452,0,1,0,0,0,0,0,0,0,22,0,0
63452,1,1,0,0,0,0,0,0,0,0,0,0
63453,0,1,0,0,0,0,0,0,0,0,0,0
63453,0,2,0,0,0,0,0,0,0,0,0,0
63453,1,1,0,0,0,9,0,0,0,0,0,0
63454,1,1,0,0,0,0,0,0,0,0,0,0
63454,2,1,0,0,8,0,0,0,0,18,0,0
63454,3,1,0,0,0,0,0,0,0,0,0,7
63455,1,1,0,0,0,18,0,0,0,0,0,0
63455,2,1,17,0,0,14,0,0,0,0,0,24
63456,0,1,0,13,0,23,30,0,25,0,0,0
63456,1,1,0,0,0,0,0,0,0,0,0,0
63457,0,1,8,0,0,9,0,0,0,18,0,24
63457,1,1,0,0,0,0,0,0,0,0,0,0
63458,0,1,31,12,0,0,25,0,0,0,12,34
63458,1,1,0,0,0,0,0,0,0,0,0,24
63459,1,1,16,16,16,16,16,16,16,16,16,16
63460,1,1,5,0,0,0,0,0,0,0,0,0
63460,2,1,0,0,0,0,0,0,0,0,0,0
63461,1,1,31,31,31,31,31,31,31,31,31,31
63461,2,1,0,0,0,0,0,0,0,0,0,0
63462,0,1,13,0,0,0,23,0,0,0,0,0
63462,1,1,0,0,20,0,0,0,0,0,0,0
63463,1,1,27,9,6,4,14,16,40,15,28,8
63464,0,1,0,0,0,0,0,50,0,0,0,0
63464,1,1,0,0,0,0,0,0,6,0,0,8
63464,2,1,0,0,0,0,0,0,0,0,0,0
63465,1,1,0,0,0,0,0,0,0,0,0,0
63465,2,1,0,0,0,0,0,0,0,0,0,0
63466,0,1,15,0,23,0,22,0,0,0,0,9
63466,1,1,0,0,0,0,0,0,0,0,0,0
63467,1,1,0,0,0,0,22,0,0,15,0,0
63468,1,1,0,0,0,0,0,0,0,0,0,0
63468,2,1,0,0,0,0,0,0,0,0,0,0
63469,1,1,15,28,21,11,24,29,0,9,26,22
63469,2,1,9,0,0,26,0,0,8,0,11,7
63470,0,1,15,0,0,0,0,0,0,0,0,7
63470,0,2,0,0,0,3,0,16,0,0,33,0
63470,0,3,0,0,0,0,0,0,23,0,0,0
63470,0,4,53,0,0,0,0,0,21,0,0,0
63470,0,5,0,0,0,0,0,0,0,0,0,0
63470,0,6,5,0,0,0,0,0,0,0,0,0
63470,1,1,0,0,0,0,0,0,0,0,0,0
63470,2,1,12,0,0,0,0,0,0,0,0,0
63471,0,1,0,0,0,0,0,0,0,0,0,0
63471,0,2,0,0,0,0,0,0,0,0,0,0
63471,1,1,0,0,19,25,6,0,16,14,0,31
63472,0,1,0,0,0,0,0,0,34,20,0,0
63472,1,1,0,0,0,13,0,0,0,0,0,0
63473,0,1,0,0,29,0,0,0,0,0,12,0
63473,1,1,22,5,12,21,0,18,19,0,0,21
63474,0,1,24,0,31,0,0,30,0,0,0,0
63474,1,1,0,0,0,0,0,0,0,0,0,0
63475,1,1,12,0,21,0,0,0,0,0,0,0
63476,1,1,0,0,0,0,0,0,0,0,0,0
63477,0,1,0,0,0,0,0,29,0,0,16,0
63477,1,1,0,0,0,0,0,0,0,0,0,0
63478,0,1,0,0,0,0,0,0,0,0,0,0
63478,1,1,13,2,11,0,0,0,16,14,0,0
63479,0,1,27,27,27,27,27,27,27,27,27,27
63479,1,1,0,0,0,0,0,0,0,0,0,0
63480,1,1,0,0,0,0,0,0,0,0,0,0
63480,2,1,0,0,0,0,0,0,0,0,0,0
63481,1,1,0,0,0,0,0,0,0,0,0,0
63481,2,1,0,0,0,0,0,0,0,0,0,0
63481,3,1,0,0,0,0,0,0,0,0,0,0
63482,1,1,17,17,17,17,17,17,17,17,17,17
63482,2,1,1,1,1,1,1,1,1,1,1,1
63483,0,1,11,8,22,0,0,0,0,20,0,0
63483,1,1,16,16,16,16,16,16,16,16,16,16
63484,0,1,0,0,0,0,0,0,19,0,0,0
63484,1,1,20,0,0,0,0,0,0,18,0,0
63485,1,1,0,0,0,0,0,0,0,0,0,0
63485,2,1,0,0,0,0,0,0,0,0,0,0
63486,0,1,0,0,9,0,0,0,0,0,0,0
63486,1,1,0,0,0,0,0,0,0,0,0,0
63487,0,1,0,0,38,0,0,0,0,0,0,0
63487,1,1,0,0,0,0,0,0,0,0,0,0
63488,0,1,20,0,32,0,0,19,18,0,0,15
63488,1,1,0,0,0,0,0,0,4,2,10,0
63488,2,1,10,14,7,4,0,3,7,9,3,4
63489,0,1,0,0,0,0,0,0,0,0,0,0
63489,1,1,17,0,14,0,0,25,0,0,0,0
63490,0,1,22,7,21,18,4,0,37,6,12,7
63490,1,1,0,0,0,0,0,0,0,0,0,0
63490,2,1,0,0,0,0,0,0,0,0,0,0
63491,0,1,0,0,0,0,0,0,0,0,0,0
63491,1,1,0,0,0,0,0,0,0,0,0,0
63492,1,1,0,0,0,0,0,0,14,0,0,0
63492,2,1,0,0,0,0,0,0,0,0,0,0
63493,1,1,0,0,0,0,0,5,0,0,25,8
63493,2,1,0,0,0,0,0,0,0,0,0,0
63494,1,1,0,0,0,0,0,0,0,0,0,0
63494,2,1,0,4,0,14,0,0,0,0,0,0
63495,1,1,33,0,0,4,0,11,11,4,9,13
63496,0,1,24,15,22,12,41,10,15,7,21,5
63496,1,1,0,0,0,0,0,0,0,0,0,0
63497,1,1,14,14,14,14,14,14,14,14,14,14
63498,0,1,0,0,0,23,0,22,0,12,0,0
63498,1,1,9,17,24,24,10,12,0,0,0,20
63499,1,1,20,16,0,14,13,20,16,16,6,19
63501,1,1,0,0,0,0,0,0,0,0,0,0
63502,0,1,31,31,31,31,31,31,31,31,31,31
63502,1,1,0,0,0,0,0,0,0,0,0,0
63503,1,1,19,13,0,5,0,0,18,0,0,12
63504,0,1,0,0,0,0,0,0,0,0,0,0
63504,1,1,0,0,9,0,18,0,0,0,0,0
63505,0,1,0,0,0,0,0,16,5,0,3,0
63505,1,1,0,0,0,0,0,0,0,0,0,0
63506,0,1,0,0,0,0,0,10,0,0,0,0
63506,1,1,0,0,0,0,0,8,0,0,0,0
63506,2,1,0,0,0,0,0,0,0,0,0,0
63507,0,1,0,0,0,0,17,0,0,0,0,0
63507,1,1,20,0,0,0,0,0,0,0,0,0
63508,1,1,30,0,0,0,0,0,0,0,0,0
63508,2,1,0,0,0,0,0,0,0,0,0,0
63509,0,1,23,23,23,23,23,23,23,23,23,23
63509,1,1,0,0,0,0,0,0,0,0,0,0
63510,1,1,14,14,14,14,14,14,14,14,14,14
63510,2,1,0,0,0,0,0,0,0,0,0,0
63510,3,1,0,0,0,0,0,0,0,0,0,0
63511,1,1,22,0,0,9,0,0,0,0,0,0
63511,2,1,0,0,0,0,0,0,0,0,0,0
63511,3,1,0,0,0,0,0,0,0,0,0,23
63512,0,1,0,0,20,0,0,0,0,0,0,0
63512,1,1,0,0,0,0,0,0,0,0,0,0
63513,0,1,0,0,0,0,0,0,0,0,57,0
63513,1,1,0,0,0,6,0,0,0,0,0,0
63514,1,1,13,13,13,13,13,13,13,13,13,13
63514,2,1,0,0,0,0,0,0,0,0,0,0
63515,1,1,0,0,0,0,0,0,0,0,0,0
63515,2,1,0,0,0,0,0,0,0,0,0,0
63516,1,1,14,18,0,22,25,0,0,24,37,2
63517,1,1,0,30,10,12,15,14,33,15,19,12
63518,1,1,0,0,0,0,0,0,0,0,0,0
63519,1,1,1,1,1,1,1,1,1,1,1,1
63520,1,1,11,11,11,11,11,11,11,11,11,11
63520,2,1,0,0,0,0,0,0,0,0,0,0
63521,0,1,41,0,23,0,0,12,0,12,16,16
63521,1,1,9,0,0,0,0,0,0,0,0,0
63522,1,1,11,11,11,11,11,11,11,11,11,11
63522,2,1,0,0,0,0,0,0,0,0,9,0
63523,0,1,0,0,30,0,27,10,0,21,18,20
63523,1,1,0,6,9,0,7,0,17,0,0,13
63523,2,1,0,6,9,0,0,0,0,0,20,0
63524,0,1,0,0,0,0,0,3,0,0,0,0
63524,0,2,0,0,0,0,0,3,0,0,0,0
63524,1,1,0,0,0,0,0,0,0,0,0,0
63524,2,1,0,0,0,0,0,0,0,0,0,0
63525,0,1,14,11,0,0,50,0,0,0,23,0
63525,1,1,0,0,0,0,0,0,0,0,0,0
63526,0,1,0,0,0,26,33,46,19,0,0,0
63526,1,1,24,0,0,0,0,13,0,5,0,0
63527,1,1,0,0,0,0,0,0,0,0,0,0
63527,2,1,0,0,0,0,0,0,0,0,0,0
63528,0,1,0,0,0,0,0,0,0,0,0,0
63528,1,1,0,0,0,0,0,0,0,0,0,0
63529,1,1,0,10,0,0,0,0,0,0,0,0
63529,2,1,6,6,6,6,6,6,6,6,6,6
63530,0,1,0,0,0,0,0,24,0,0,0,0
63530,1,1,0,0,0,0,0,0,0,0,0,0
63531,1,1,0,0,0,0,0,0,0,0,0,0
63531,2,1,0,13,12,0,21,0,0,15,0,21
63532,1,1,0,0,0,0,0,0,0,0,0,0
63532,2,1,0,0,0,0,0,24,0,0,0,0
63532,3,1,0,0,0,0,0,0,0,0,0,0
63533,1,1,5,5,5,5,5,5,5,5,5,5
63534,0,1,0,15,0,0,0,14,19,0,0,0
63534,1,1,0,0,0,0,0,0,0,0,0,0
63535,0,1,0,15,0,0,25,0,0,0,0,0
63535,1,1,0,13,0,10,10,18,9,0,0,0
63536,1,1,12,0,0,0,0,0,0,0,0,0
63536,2,1,0,0,0,0,0,0,0,0,0,0
63537,0,1,0,0,0,0,0,0,0,0,0,0
63537,1,1,0,0,0,0,0,0,0,0,0,0
63538,1,1,0,0,10,28,0,0,18,18,0,0
63539,0,1,27,27,27,27,27,27,27,27,27,27
63539,1,1,3,3,3,3,3,3,3,3,3,3
63540,1,1,24,24,24,24,24,24,24,24,24,24
63540,2,1,0,0,0,0,0,0,28,0,0,0
63541,0,1,0,0,33,0,0,0,0,0,0,0
63541,1,1,24,0,0,0,0,0,0,0,0,0
63542,0,1,0,0,9,0,0,0,0,0,0,0
63542,1,1,0,0,0,0,0,0,0,0,0,0
63543,0,1,0,0,0,0,0,0,0,0,0,0
63543,1,1,0,0,0,0,0,0,0,0,0,0
63544,0,1,16,6,33,34,0,0,21,0,21,5
63544,1,1,23,0,0,0,21,0,7,0,26,0
63545,1,1,0,0,0,0,0,0,0,0,0,0
63546,0,1,0,29,25,3,18,34,8,27,26,15
63546,1,1,16,0,0,0,0,0,0,0,0,0
63547,1,1,0,0,0,0,0,0,0,0,0,0
63548,1,1,0,0,0,0,0,0,0,0,0,0
63548,2,1,14,0,0,0,0,0,0,0,7,19
63548,3,1,0,0,0,0,0,0,0,0,0,0
63549,0,1,1,1,1,1,1,1,1,1,1,1
63549,1,1,0,0,0,0,0,0,0,0,0,0
63549,2,1,0,0,0,0,0,0,0,0,0,0
63550,1,1,0,0,0,0,0,0,0,0,0,0
63551,1,1,22,16,0,22,21,11,4,13,30,39
63552,1,1,0,0,0,0,0,0,0,0,0,0
63552,2,1,0,0,0,0,0,0,0,0,0,0
63554,1,1,0,0,0,0,0,0,0,0,0,0
63554,2,1,0,0,0,0,0,0,0,0,0,10
63555,1,1,17,17,17,17,17,17,17,17,17,17
63556,1,1,17,17,17,17,17,17,17,17,17,17
63556,2,1,13,0,0,0,0,0,0,22,0,36
63557,1,1,0,0,0,0,0,0,0,0,0,0
63558,1,1,22,0,0,20,0,16,22,18,0,0
63559,1,1,0,0,0,0,11,5,4,0,18,4
63559,2,1,0,0,0,0,0,0,0,0,0,0
63560,0,1,0,25,0,0,0,0,0,0,0,6
63560,1,1,0,29,0,0,0,0,0,0,0,0
63561,1,1,0,0,0,0,0,0,0,0,0,0
63562,1,1,0,0,0,0,0,0,0,0,0,0
63563,0,1,27,0,0,0,0,8,20,0,10,0
63563,1,1,0,0,15,0,0,4,5,0,27,0
63564,0,1,0,0,0,0,0,0,0,0,0,0
63564,1,1,0,25,0,0,9,0,0,0,8,0
63565,1,1,28,28,28,28,28,28,28,28,28,28
63565,2,1,7,0,0,0,0,0,0,0,0,0
63565,3,1,0,0,0,0,0,0,24,0,0,0
63565,4,1,0,0,0,0,0,0,0,13,0,0
63566,1,1,15,15,15,15,15,15,15,15,15,15
63567,1,1,21,21,21,21,21,21,21,21,21,21
63568,0,1,0,11,0,0,0,0,0,0,0,0
63568,1,1,50,0,0,0,0,10,0,0,0,0
63569,1,1,18,18,18,18,18,18,18,18,18,18
63569,2,1,8,0,0,0,13,0,0,0,0,7
63570,0,1,0,0,0,0,0,0,0,25,0,0
63570,1,1,0,0,0,0,0,0,0,0,0,0
63571,1,1,0,0,0,0,0,0,0,0,0,0
63571,2,1,0,0,0,0,0,0,0,0,0,0
63572,1,1,0,0,0,0,0,17,23,0,0,0
63572,2,1,16,0,0,4,18,0,0,0,0,0
63573,1,1,0,0,0,0,0,0,0,0,0,0
63573,2,1,0,0,0,0,0,0,0,0,0,0
63574,0,1,13,36,27,24,14,0,12,20,32,22
63574,1,1,0,0,0,0,0,0,0,0,0,0
63574,2,1,0,0,0,0,0,0,0,0,0,0
63574,3,1,0,0,0,0,0,17,17,0,0,0
63574,4,1,18,0,14,21,18,31,9,17,0,0
63575,1,1,0,0,0,0,0,0,0,0,0,0
63575,2,1,0,0,0,0,0,0,0,0,0,0
63576,1,1,0,0,28,0,0,19,0,18,0,0
63577,0,1,0,0,0,0,0,0,28,8,0,13
63577,1,1,0,0,0,0,0,0,0,0,0,0
63578,0,1,0,0,0,0,0,0,0,0,41,0
63578,0,2,0,0,0,0,0,0,0,0,0,0
63578,1,1,0,0,0,0,0,0,0,0,0,0
63579,1,1,12,0,31,8,17,19,28,11,17,16
63579,2,1,0,0,0,0,0,0,0,0,0,0
63579,3,1,0,0,0,0,11,0,0,0,0,0
63580,0,1,0,0,0,0,0,0,0,0,0,20
63580,1,1,0,0,0,0,0,0,0,0,0,0
63581,0,1,0,0,0,0,0,0,0,0,0,0
63581,1,1,0,0,0,0,0,0,0,0,0,0
63582,0,1,0,0,0,0,0,0,0,0,0,0
63582,1,1,0,0,0,0,0,0,0,0,0,0
63583,1,1,18,18,18,18,18,18,18,18,18,18
63584,0,1,0,0,21,36,0,0,0,0,37,13
63584,1,1,15,15,15,15,15,15,15,15,15,15
63585,1,1,3,0,13,12,6,22,0,3,0,23
63586,1,1,0,35,0,20,20,19,0,0,12,0
63587,1,1,0,0,0,0,0,0,0,0,0,0
63588,0,1,0,0,10,0,15,24,0,0,0,0
63588,1,1,16,0,0,0,0,0,0,0,14,0
63589,0,1,0,0,0,0,0,0,0,0,0,0
63589,0,2,0,0,0,0,0,0,0,0,0,0
63589,0,3,0,6,0,58,0,16,0,18,29,23
63589,1,1,0,8,23,13,12,11,0,0,10,0
63590,0,1,0,22,32,0,0,12,0,0,12,0
63590,1,1,0,0,0,0,0,0,19,0,11,0
63590,2,1,0,0,19,0,0,0,0,4,6,0
63591,1,1,0,0,0,0,0,0,0,0,0,5
63591,2,1,0,0,0,0,0,0,0,0,0,0
63592,1,1,43,0,18,0,0,16,17,0,27,0
63592,2,1,0,0,0,0,0,0,0,0,0,0
63593,1,1,17,17,17,17,17,17,17,17,17,17
63593,2,1,0,0,0,0,0,0,0,0,0,0
63594,1,1,0,0,0,0,0,0,0,0,0,0
63594,2,1,0,0,0,0,0,0,0,0,0,0
63594,3,1,0,0,0,0,0,0,0,0,0,13
63594,4,1,0,0,0,0,0,0,0,0,0,0
63594,5,1,0,0,0,0,0,0,0,4,0,0
63594,6,1,0,0,0,0,0,28,0,0,0,0
63594,7,1,0,0,0,0,0,0,0,0,0,0
63594,8,1,4,0,0,0,0,0,0,0,0,0
63594,9,1,0,0,21,0,40,0,0,0,0,0
63594,10,1,0,0,0,0,0,0,0,27,0,0
63594,11,1,0,0,0,0,0,0,0,0,0,0
63595,0,1,0,0,0,0,0,0,0,0,0,0
63595,1,1,0,0,0,0,0,0,0,0,0,0
63596,0,1,28,28,28,28,28,28,28,28,28,28
63596,1,1,0,0,0,0,17,0,0,0,0,17
63597,0,1,17,0,31,0,0,0,0,26,0,26
63597,1,1,0,0,0,0,0,0,0,0,0,0
63598,0,1,24,6,17,20,11,26,15,0,31,3
63598,1,1,0,0,0,0,0,0,0,0,0,0
63599,1,1,0,0,0,0,0,0,0,0,0,0
63599,2,1,0,0,0,0,0,0,0,0,0,0
63600,0,1,0,0,0,0,0,0,0,0,0,0
63600,1,1,0,0,0,0,0,0,0,0,0,0
63601,1,1,0,0,0,0,0,0,0,0,0,0
63602,0,1,0,0,8,0,0,0,0,0,0,0
63602,1,1,0,0,0,0,0,0,0,0,0,0
63603,0,1,12,12,12,12,12,12,12,12,12,12
63603,1,1,13,13,13,13,13,13,13,13,13,13
63604,1,1,17,17,17,17,17,17,17,17,17,17
63605,1,1,0,0,0,0,0,0,0,0,0,0
63605,2,1,0,0,0,0,0,0,0,0,0,0
63606,0,1,0,0,0,0,0,0,0,0,0,0
63606,1,1,0,19,0,0,0,0,0,0,0,0
63607,1,1,0,0,0,0,0,0,0,0,0,0
63608,0,1,26,26,26,26,26,26,26,26,26,26
63608,1,1,10,0,0,29,0,14,23,0,0,0
63609,0,1,21,0,0,17,0,0,23,19,0,19
63609,1,1,0,0,0,0,0,0,0,0,0,0
63610,1,1,0,0,0,0,0,0,0,0,0,0
63611,0,1,0,18,0,0,0,0,0,0,0,0
63611,1,1,0,0,0,0,0,0,0,0,0,0
63612,1,1,0,0,0,0,0,0,0,0,0,0
63612,2,1,0,0,12,0,11,2,0,0,0,0
63613,1,1,0,0,0,0,0,0,0,0,0,0
63613,2,1,0,0,0,0,0,0,0,0,0,0
63614,0,1,0,16,0,0,2,0,21,0,0,0
63614,1,1,7,0,0,0,0,0,0,0,0,0
63615,0,1,0,0,12,0,28,0,17,0,22,0
63615,1,1,0,15,0,8,0,10,0,0,0,0
63616,0,1,17,17,17,17,17,17,17,17,17,17
63616,1,1,8,8,8,8,8,8,8,8,8,8
63617,1,1,18,0,0,0,0,0,0,0,29,0
63618,1,1,0,0,0,0,0,0,0,0,0,0
63619,1,1,0,0,0,0,0,0,0,0,0,0
63619,2,1,0,0,0,0,0,0,0,0,0,0
63620,1,1,23,9,3,0,9,33,8,5,11,15
63620,2,1,0,0,0,0,0,0,35,0,0,0
63621,0,1,0,0,0,0,0,0,0,0,0,0
63621,1,1,0,0,0,0,0,0,0,0,0,0
63622,1,1,0,0,0,0,0,0,0,0,0,0
63623,1,1,0,0,0,0,0,0,0,0,0,0
63624,0,1,0,0,17,0,0,0,0,0,0,0
63624,1,1,0,0,0,0,0,0,0,0,0,0